token	label	LeNC44.L1LLRx5.x	LeNC44.L1LLRx5.y	LeNC77.L1LLR.x	LeNC77.L1LLR.y	LeNC44.L1LLR.x	LeNC44.L1LLR.y	LeNC77.L1LLRx5.x	LeNC77.L1LLRx5.y	LeNC44.ppmi.x	LeNC44.ppmi.y	LeNC77.ppmi.x	LeNC77.ppmi.y	text
pony/noun/BL_20000718_01/35154	a	9.85910251517	-0.702460631591	-5.11069538425	-3.72013568819	-1.26589010694	6.44635867961	-1.81171179814	-5.86118321701	6.55207185141	5.97897601705	7.37305266787	1.44912490589	"A5 <font color=""red"">pony's</font> : 1 ."
pony/noun/ad20041124/23478	a	-0.651834356275	-4.37546368258	-1.51062783455	0.702557230327	3.94254323258	-0.0679156823603	-1.59497876854	0.456147477831	0.764203917615	2.09084174924	1.98676862197	-0.202594133995	"Met mijn <font color=""red"">pony's</font> doe ik ook mee aan wedstrijden , dat is echt het allerleukste ."
pony/noun/ad20041127/32602	a	-2.04550575649	-2.17518580987	1.7326138651	2.3600191365	2.56496429285	-0.677440312601	1.5029735626	2.48728273134	-0.856029769956	0.493089427726	-0.700697616231	-0.660892856611	"Het gebeurt soms al dat <font color=""red"">pony's</font> kinderen bijten of omverlopen ."
pony/noun/nrc19980926/209	a	0.342699854395	-1.32788299983	-0.560959616854	2.37963555801	2.10784056824	0.683047033324	-0.718192988367	2.11063510196	-1.64794036183	1.79173820616	0.596004616277	-2.2431994717	"Op haar schriftelijk verzoek aan de Amsterdamse deelraad een <font color=""red"">pony</font> te mogen stallen in het Vondelpark , kwam het bericht dat de brief in behandeling is ."
pony/noun/nrc19990708/14751	a	1.78971140639	-1.64438973844	-1.9514106023	2.18304687174	1.73537514634	1.6235906606	-1.73612132535	1.2773913026	1.46378223206	6.40193660337	6.94819300811	-0.823005678478	"Zijn vader bezit een aantal <font color=""red"">pony's</font> ."
pony/noun/nrc19991210/102134	a	-2.0711159318	3.36240957177	3.17459492118	-0.873548238134	-1.14022142033	-1.80135427674	2.91675993832	-0.467538815491	2.01363469552	-2.24363321556	-1.11266684711	2.76713776647	"In de circuspiste dansen veertien paarden : vrolijke <font color=""red"">pony's</font> en deftige schimmels ."
pony/noun/nrc19991210/102151	a	0.371753594055	-3.90845443982	-1.19068766399	2.73175222377	3.22219307115	0.356847618254	-1.92577011465	1.99022970048	-0.265874275943	3.18163717214	1.9696568645	-2.32965011172	"Een <font color=""red"">pony</font> moet op een grote bal lopen , maar hij glijdt eraf omdat hij zijn sokken nog aan heeft ."
pony/noun/nrc19991210/102378	a	-5.86664204134	8.25128476378	0.0644013567049	-8.28832063349	-5.56916497543	-3.14242739892	-7.47860225983	2.16008922499	-0.938037432172	3.46315894606	5.21392737374	2.6428407385	"Layla Jamari ( 8 ) opent als <font color=""red"">pony</font> het paardjesnummer ."
pony/noun/nrc19991210/102828	a	1.07021072206	-0.559737807943	0.704028768466	2.10314666682	1.71194456433	1.01838153186	0.310557943543	2.08655006518	-0.283369739667	1.2847150257	-0.285948720861	-0.879990577768	"De kinderen rennen om ze heen verkleed als <font color=""red"">pony's</font> ."
pony/noun/nrc20000818/13436	a	1.48798556642	-1.02701447711	-0.0768909172962	2.89566230052	1.71629462171	1.08861203518	-0.500167591852	2.24111938871	-0.898054683596	1.95822512807	1.25080258477	-1.31395533777	"` Ons heeft een merkwaardig Verhaal bereikt over de Twee-Benige <font color=""red"">Pony</font> ."
pony/noun/nrc20001010/13230	a	0.602695849171	-0.710661809929	-0.559015180221	1.90165312165	1.57968091038	0.782551485056	-0.639464757312	1.69287739973	-1.16670817877	1.21548746875	0.549063824531	-1.38065566463	"Dan mag je als vader zwaaien naar een dochter die gedesoriënteerd in de draaimolen voorbijflitst zonder je op te merken en die trots een ritje maakt op de grootste van alle <font color=""red"">pony's</font> ."
pony/noun/nrc20001228/62843	a	3.73493924593	1.17729144318	-2.5501824759	0.451936699455	0.752395822601	2.87821958024	-2.25293268997	-0.26977912085	0.856672624398	2.46172248073	2.75032754448	0.0585179587929	"Maar wanneer op de Hoofdweg bij Klarenbeek twee <font color=""red"">pony's</font> dichterbij komen , kan de wandelaar zich niet inhouden : ponyhoofden moeten geaaid worden ."
pony/noun/nrc20010303/15857	a	-4.16624381791	3.22268279575	3.1427052062	-2.33393067505	-0.422244691129	-3.28544233782	3.34347418908	-1.5494101133	3.6248682313	-2.30741653943	-0.678246248366	4.52206900254	"Herten zijn zelf vatbaar en <font color=""red"">pony's</font> kunnen het in hun natte vacht meedragen ."
pony/noun/nrc20010707/27615	a	-1.89764295849	3.3440609091	2.99393665487	-0.648709501849	-0.945299213322	-1.91816942075	2.83236778716	-0.249075679999	0.857757426503	-1.8973180405	-1.19351830675	1.94775829627	"Op een paardenhouderij in Amsterdam-West zijn gisteren tien ernstig verwaarloosde paarden en <font color=""red"">pony's</font> aangetroffen ."
pony/noun/nrc20010717/17217	a	-3.74333195939	2.17070282085	3.73372659628	-0.351740459526	-0.230132174253	-2.62004026284	3.42598147304	0.236178714493	0.967086390326	-2.32737622362	-1.71886955537	2.08245834786	"Sinds oktober zijn tien paarden , drie <font color=""red"">pony's</font> , een schaap en een koe slachtoffer geworden van een dierenbeul ."
pony/noun/nrc20010813/11385	a	-1.33983193418	-3.4117087568	0.61970435221	3.8627653699	3.50547639351	-0.110539777385	-0.399346437453	3.49062388227	-1.01115833518	1.59123501679	0.206596802654	-2.2408569401	"Onbekenden hebben zaterdagnacht een <font color=""red"">pony</font> uit een weiland in het Zeeuws-Vlaamse Hulst zodanig mishandeld dat het dier moest worden afgemaakt ."
pony/noun/nrc20010813/11428	a	0.979367345229	-1.08605708644	0.0856798523619	1.94036751874	1.72429928069	0.657129369275	-0.229055582296	1.60438291361	-2.18869874831	-0.0418393858662	0.128041097993	0.0310738931946	"De eigenaar , die zes <font color=""red"">pony's</font> in het weiland heeft lopen , belde de dierenarts ."
pony/noun/nrc20010913/29077	a	-3.4893535922	1.5192821723	2.87744052079	0.119424429062	-0.174692527406	-2.39537219847	2.50391646814	0.498065211656	1.44116738455	-1.99574509936	-1.13975552373	1.92771821836	"Daarnaast zijn er demonstraties met paarden , <font color=""red"">pony's</font> en ezels ."
pony/noun/nrc20010917/17278	a	1.71057612728	1.35012570356	1.1565480711	-1.92269740775	1.2032987728	1.10582534884	1.18840034492	-1.11066144232	4.1362753925	-2.51279838565	-0.335919647332	4.93510554937	"Onbekenden hebben in een weiland aan de Norgerweg in Yde twee <font color=""red"">pony's</font> mishandeld ."
pony/noun/nrc20011213/28159	a	-0.594087388861	1.74033154194	2.23255402232	1.51797458866	0.598352337702	-1.21072915879	1.64734699865	1.11038623888	3.05887810025	-4.65314448436	-4.08828581775	3.81971940628	"Jozef en Maria , de drie wijzen uit het oosten , herders met ezels en <font color=""red"">pony's</font> en Charles Dickens-figuren zullen samen met de Kerstman en Kerstvrouw in een grote Kerststoet door Utrecht lopen op vrijdagmiddag 14 december ."
pony/noun/nrc20011213/76147	a	-0.108127154175	-1.37815113149	0.0913279266429	1.04163542665	1.54964442532	0.122746098613	-0.165582238279	0.856136777998	4.89665633863	7.28594774866	7.60377632367	-4.12180855842	"De dressuur van de pony's , ezel , alcapa , guanaco ( een originele lama ) , de bijna 20 jaar oude zebra Kairo en hengst Blitz ( een kruising van een tarpan en een <font color=""red"">pony</font> ) van het Duitse circus Charivari is gebaseerd op beloning ."
pony/noun/nrc20020606/19225	a	0.0676964572374	-1.43276331875	-0.0802505728228	1.20625486482	1.75482507322	0.309135315626	-0.0958304822659	1.02243885484	0.457795691436	1.68070822638	1.65863318988	0.547024064135	"Buiten de piste is er een hippische markt , kan er gereden worden op <font color=""red"">pony's</font> of een tocht worden gemaakt met een authentieke paardentram ."
pony/noun/nrc20020802/6722	a	-2.13010606033	-1.07801135297	2.26322485084	1.70301819856	1.44665333095	-1.15770575798	1.8067174743	1.79960204543	-0.181032771149	-1.48712370647	-1.72306849825	0.872884089905	"Op hogere leeftijd tooide hij zijn geliefde <font color=""red"">pony</font> Kee met een hoge hoed ."
pony/noun/nrc20020921/125771	a	-1.73959565116	-0.0670535598815	2.05625015144	1.35196674312	0.925479756985	-1.08171237374	1.71300216142	1.3682802178	-0.143079309044	-0.96916900821	-1.26717873964	0.737146229237	"Achter een hek stampt een jonge <font color=""red"">pony</font> ."
pony/noun/nrc20030628/20027	a	-2.53216310126	0.91962032745	2.52724737418	-0.0415751018888	0.1111125654	-1.69250168087	2.32744949892	0.37189765738	1.51714765954	-1.37970235912	-0.577474604819	2.378571243	"Meer dan vierhonderdduizend Nederlanders rijden onder het zadel of mennen een edel paard of sacherijnige <font color=""red"">pony</font> ."
pony/noun/nrc20030823/43163	a	-0.0360487732104	2.03935919056	1.3476668234	-0.815398691053	-0.948805950309	-0.0213687372718	1.49714166824	-0.418829516348	4.83827881207	-2.46298892981	-0.333117109542	5.23476615349	"Pony's met en <font color=""red"">pony's</font> zonder kinderen ."
pony/noun/nrc20030823/43695	a	0.54372013351	-0.290153260774	0.909081005214	2.01979949526	1.41520370871	0.797853225844	0.49084232437	1.97397582361	-0.0856816030181	0.978063373716	-0.52485997203	-0.647943990372	"Alweer een <font color=""red"">pony</font> zonder kind komt aandraven ."
pony/noun/nrc20030823/43965	a	3.42953303097	3.98292763713	-3.41240784415	2.82979681412	0.142652409739	3.75809824934	-3.30536068094	1.92894900773	0.36112990569	3.57269158352	2.76244095511	-1.18925263182	"Voor het slapen gaan kijken we nog even bij het nachtverblijf ( de <font color=""red"">pony's</font> moeten voor half zes weer ingeleverd zijn ) ."
pony/noun/nrc20030823/44366	a	-6.40180751126	-2.37110141577	5.66863839051	4.32432877052	4.24746966913	-2.88286356457	4.47449515156	4.86575545796	-3.45607646459	-1.40194934156	-3.27293191506	-1.4131916466	"Vijfentwintig jaar geleden liepen de <font color=""red"">pony's</font> in Slagharen nog rond in het pretpark ."
pony/noun/nrc20030823/44437	a	2.10230032455	2.79286582744	0.518953483013	0.23496118096	-0.361998530873	2.00186255273	1.72208729086	3.0145547849	-3.02701616835	3.0220529078	-0.0874561270863	-1.22511322767	""" Dan wilden kinderen bijvoorbeeld hun <font color=""red"">pony</font> mee de achtbaan innemen "" , zegt Hofmeijer ."
pony/noun/ad20041124/23401	a	-2.02457435747	0.85376523195	1.59760528091	-0.358469925477	0.00165362217133	-1.2419237626	1.51876368541	-0.217024269186	2.18592828981	-1.09692413405	-0.00538926442678	2.17528741698	"Na een val van een <font color=""red"">pony</font> stopte ik met rijden ."
pony/noun/ad20041124/23374	a	2.09650740847	-4.99986774111	-1.67057909466	-1.5818983437	3.98290699356	2.41202069022	-2.61858331698	0.315683179653	1.29398523975	2.15870864234	1.91622671557	0.249355171417	"Vanaf mijn vierde reed ik al op Shetland <font color=""red"">pony's</font> ."
pony/noun/ad20040723/2065	a	-0.274811918387	-0.36691720724	0.523768917945	1.00213195762	1.14244100482	0.0979630867383	0.39198425183	1.01996833296	-0.882707455232	0.713188422995	0.219614232596	-0.518611855529	"Jurgens vader kocht in 1970 een <font color=""red"">pony</font> voor zijn zoon en zette die , toen al , in de achtertuin ."
pony/noun/ad20040723/2029	a	0.639310212353	-2.60754052722	0.0581004446275	-0.199061459124	1.51290956807	-0.78213186187	-0.00099304214002	-0.870369240686	1.10084872232	1.35923474659	-0.183133390404	-0.421002849099	"Jurgen loopt van zijn zaagmachine naar <font color=""red"">pony</font> Pepsi en inspecteert diens gewonde voet ."
pony/noun/ad20000425/42206	a	-0.758134208912	0.172292316578	1.34103273659	0.995262562762	0.778537426815	-0.187100608558	1.03957510717	1.19970918738	0.0665218860454	-0.227738013035	-0.535029078152	0.621425206948	"De <font color=""red"">pony's</font> waren meteen dood ."
pony/noun/ad20000826/23257	a	-1.1836779965	-2.72603249492	-0.236533892752	2.17178954573	2.91830278235	-0.347828369652	-0.562466732012	2.2573610029	-1.37727521059	1.03281708943	0.405331063747	-0.651915705298	""" Partizan was een heel moeilijke <font color=""red"">pony</font> ."
pony/noun/ad20000826/23526	a	1.38367949982	5.44790821417	1.77070576733	-2.96389249993	-2.80184106076	1.28624164056	2.30929392086	-2.23823015978	-1.12565952592	-2.55321829196	-2.54069227228	0.587391336575	"Zoals veel boeren in de omgeving liepen ook bij hem <font color=""red"">pony's</font> in de wei ."
pony/noun/ad20001005/56487	a	0.745620711747	0.390011118252	0.370602603331	1.66904357855	0.642786598118	0.747100067709	0.308522843379	1.50412903094	0.0237588069504	1.97805895137	0.383303494862	-3.3731613751	"Hij heeft een speciale band met de <font color=""red"">pony</font> van zijn oom en tante ."
pony/noun/ad20001005/56527	a	2.89043546929	-1.83368794074	0.176165311688	5.06828737077	0.205247127757	2.23392985043	-0.557970139783	4.14405978836	-2.00689711689	2.94647768201	0.857271420393	-3.43453484399	"Wilja : "" De <font color=""red"">pony</font> kan er alleen niets mee doen . """
pony/noun/volkskrant20040626/85029	a	-0.375082835416	-0.388141749934	0.4894450841	0.715295188838	1.03390190665	0.0507164811951	0.294448296863	0.705369556736	-3.21918369642	-1.96226982018	-2.40585062873	-0.919229560754	"Verder werd een haan verpletterd onder een baal stro en maakte een <font color=""red"">pony</font> een akelige val toen hij voor het programma op een roltrap werd gezet ."
pony/noun/ad20001010/13874	a	0.160952215272	0.391538449059	0.465569475796	0.918360266206	0.876839690115	0.260960180803	0.215223047934	0.715587438731	-5.8310714823	0.30855792672	4.11383633457	3.01630126162	"Fokke spant de <font color=""red"">pony</font> uit , en Rita drapeert een deken over de paardenrug ."
pony/noun/ad20001207/6265	a	-1.25766167323	1.71722911968	2.11044258402	0.141672731396	-0.046522226232	-1.01161853683	1.82817373035	0.339190283719	1.36854480174	-1.95528664714	-1.30542582942	2.41718142385	"Daardoor is voor een groot deel van de 400.000 paarden , <font color=""red"">pony's</font> en ezels nog geen paspoort uitgegeven ."
pony/noun/ad20010122/36921	a	2.17993552809	-0.406048961126	-1.01989020658	1.07619740356	1.3490049235	1.91953710242	-0.934956776515	0.975553503255	0.411960406434	2.86165376396	2.54427066598	1.97658403511	"Tien <font color=""red"">pony's</font> zijn bij Hazerswoude-Rijndijk via een bevroren sloot op de spoorlijn Leiden-Utrecht terechtgekomen ."
pony/noun/ad20010327/1487	a	-3.60116909774	3.15598264094	4.47932047543	-1.46931253016	-1.30488853736	-2.54704595284	3.27543340891	-0.568649080198	1.89949066867	-2.02664205024	-1.21499798574	2.65606902538	"Alleen als het gaat om paarden of <font color=""red"">pony's</font> hoef je je niet aan de mkz-maatregelen te houden , behalve dan dat je ook met deze dieren niet de openbare weg op mag "" , zegt Luiten ."
pony/noun/ad20010327/1547	a	-4.66614033027	4.32250061724	3.85763158761	-1.15571047889	-1.03549428773	-3.39948212978	3.93753256585	-0.4363482217	1.35407840605	-2.44467411554	-1.26884851277	1.96730700632	"Volgens Luiten van LTO zullen paarden , <font color=""red"">pony's</font> , ezels en andere eenhoevige dieren niet worden gedood als er in de directe omgeving mkz uitbreekt ."
pony/noun/ad20010412/46596	a	-0.346584426453	0.443595812399	1.03382476386	0.949775904103	0.688547186585	-0.0153137610018	0.787838496436	0.937163185612	-0.596177272867	-1.9612430063	-2.72177746113	0.989793037271	"Te zien is hoe een kleuter zich op zijn <font color=""red"">pony</font> hijst en de ultieme kick ervaart als het beest in afwisselend draf en galop rondgaat ."
pony/noun/ad20010716/9069	a	-1.28774142561	1.1878463595	2.0024391503	0.127503757144	0.110458747457	-0.960771341513	1.71648120328	0.537383503121	1.3129306645	-1.40846201077	-0.56038245315	1.89318717292	"Een paard en een <font color=""red"">pony</font> zijn eerder aan hun verwondingen bezweken ."
pony/noun/ad20010717/29258	a	-1.78217679419	0.598893149211	1.9115817668	0.477299107548	0.329865173701	-1.19747257824	1.64847298233	0.762088561177	1.11154752798	-1.09764482449	-0.542183497226	1.61970885363	"Een paard en een <font color=""red"">pony</font> bezweken aan hun verwondingen ."
pony/noun/nrc20030919/30830	a	-1.84507974115	0.425044927008	1.92056316352	0.440003278065	0.250855048119	-1.11348386129	1.62143792835	0.544492143288	1.32983902181	-1.2300122543	-0.742812086188	1.79813246582	"Op de achtergrond zie je Nederland : een rivier en een dijk met daarop drie <font color=""red"">pony's</font> ."
pony/noun/ad20010721/46286	a	0.0356880315688	0.278645115964	1.34369174417	1.25859091741	0.824989746362	0.191555974575	0.845030618875	1.04131676353	-2.7579813008	-5.80461101106	-5.1098759527	0.397480084857	"De <font color=""red"">pony's</font> zijn tammer dan een opgezette krokodil en op het gras van deze woeste speelsteppe kun je biljarten ."
pony/noun/ad20010901/78374	a	1.54667651215	-1.48059793722	-0.995452715634	2.27644974941	1.8739904716	1.27524223091	-1.30105954708	1.65199620372	-0.572484919	2.24651887344	1.69349718414	-1.65422403554	"Gelukkig is het een stenen <font color=""red"">pony</font> die boven op een fontein in de steigerhouding staat ."
pony/noun/ad20010920/46472	a	1.21800389789	2.24181739807	-0.079502933896	0.754050160035	-0.513840881935	0.952558057464	0.33770652134	0.110305649225	-0.50890350996	1.52778747897	0.910651920778	-0.977113019174	"Walgelijk en pornografisch , vond CDA-Kamerlid Joop Atsma enkele maanden geleden toen hij ontdekte dat de lectuur die zijn 12-jarige dochter las niet alleen berichtte over <font color=""red"">pony's</font> , de Backstreet Boys en jeugdpuistjes ."
pony/noun/ad20011110/12323	a	-2.03440253665	5.34029463052	6.42039239631	-0.607886441434	-2.38575719225	-1.94798008483	5.71893095217	0.789134181144	0.203811173066	-2.33593600306	-2.78333869732	1.78227469875	"Het echtpaar Sanders , paardenhouders in het Brabantse Reusel , verloor de laatste vijf jaar 35 <font color=""red"">pony's</font> ."
pony/noun/ad20011110/12426	a	-0.621712126634	-2.29667897326	0.0321904019454	0.00795506920762	-1.3112463065	0.455388153696	0.200024869327	-0.201406965424	0.190930766872	1.73237571641	1.28365911289	-0.395162773272	"Sinds 1996 hebben zij en haar man Henny 35 <font color=""red"">pony's</font> verloren , afgelopen maand alleen al vier ."
pony/noun/ad20011110/12521	a	-0.992117187402	-0.730749051873	1.43650927004	2.72779847263	1.85521500146	-0.249527273233	0.986640206864	2.29697576633	-0.29129198487	-6.08665668679	-5.84453433382	2.95300808645	"De dierenarts wist aanvankelijk geen raad met de geheimzinnige ziekte waaraan de <font color=""red"">pony's</font> overleden ."
pony/noun/ad20011110/12806	a	1.87262019443	-0.549020858636	0.603120620774	3.45848833591	-0.258015546173	1.60682734752	0.530313382085	2.59715189226	-1.03241105471	2.04443062032	0.676459951729	-3.03795402974	"Behalve met de <font color=""red"">pony's</font> werd er ook met andere bezittingen van het echtpaar gerotzooid ."
pony/noun/ad20011205/12453	a	0.506397339982	-1.01254887352	-0.436294561305	1.72910935747	1.57909775836	0.868232028863	-0.433653018972	1.5727241945	-3.08089835823	1.35014955371	-0.928345107044	-2.95934022274	"Mannen die als een <font color=""red"">pony</font> vrouwen rond dragen op hun rug ."
pony/noun/ad20011208/63150	a	-3.71822224848	2.78854295861	3.63168276763	-0.09276210873	-0.535747867347	-2.89036922632	3.51501513409	0.226466761489	1.75119174643	-3.23486984203	-1.77957575832	2.92997309202	"Met schaapjes , geiten , paarden , <font color=""red"">pony's</font> en hangbuikzwijntjes creëerde men langzaam aan zijn eigen paradijsje ."
pony/noun/ad20031021/7182	a	-2.8552941759	1.61181827677	2.50122396231	-0.408556901118	-0.218320874969	-2.24082105834	2.11796262677	-0.061574324793	1.09989792652	-1.83734637565	-0.855824912769	1.83130070334	"Toen werden negen paarden , vier <font color=""red"">pony's</font> en een schaap slachtoffer van een dierenbeul ."
pony/noun/ad20040311/498	a	2.22523910266	4.40536646155	-1.23271171361	4.59335094672	-0.915391382106	2.59398412874	-1.44695357842	3.64457992331	-5.78840826525	0.109624125769	3.25712943319	5.7802157059	"De fracties reageren daarmee op de vrijlating van een Utrechter die op heterdaad werd betrapt bij het verkrachten van een <font color=""red"">pony</font> ."
pony/noun/ad20040408/1204	a	-3.02719073135	-4.43258517484	-2.49785681993	2.69555239604	-3.10293768079	0.385735895133	-0.994454241948	4.29169703995	-1.56408626248	1.60126535532	0.691686733223	-1.41198646372	"Door het dolle heen was Erna van Oosterwijck , toen ze haar eigen <font color=""red"">pony</font> kreeg ."
pony/noun/ad20040430extra-artikelen/4315	a	-0.728834660413	-1.78049788461	0.510734509937	1.70960870915	-0.48854936393	0.513927255207	0.137522663316	-0.178800288217	0.518725072129	1.58042930707	1.38927010509	-0.212832077872	"Kenmerk : Geen <font color=""red"">pony's</font> meer in Slagharen , wel 40 attracties met spanning en avontuur voor gezinnen en grootouders ."
pony/noun/ad20040526/5999	a	4.11012240272	1.29175740397	-2.88590697277	2.25470023079	1.65112519371	3.30573185054	-2.61443601073	1.41464974572	-0.628734151321	2.89352570606	1.55671506223	-1.60679858686	"De 10-jarige <font color=""red"">pony</font> Vosje uit Schoonoord , net bevallen van veulentje Vince , krijgt als eerste Nederlandse pony speciale ontwikkelde laarzen aangemeten ."
pony/noun/ad20040723/1516	a	-1.38357355556	2.6269948215	2.21524231184	-0.592386497748	-0.885634801623	-1.16523182453	1.82557558841	-0.222382276909	1.70464829225	-1.29693080423	-0.438590736067	2.21998777995	"En dus staan er nu nog steeds vier paarden en wat <font color=""red"">pony's</font> in de Schilderswijk ."
pony/noun/ad20010813/9644	a	0.909652947971	-0.394557691177	-0.0880176690931	2.35184941665	1.53931069152	0.900834855071	-0.167167227656	1.82803701649	-0.2220784815	1.23908624383	1.1415568167	-0.547932453255	"Een <font color=""red"">pony</font> is gisternacht in een weiland aan de Zeildijk in het Zeeuws-Vlaamse Hulst zodanig mishandeld dat het dier moest worden afgemaakt ."
pony/noun/nrc20030919/46434	a	1.38584933135	0.9838427135	-0.461279331217	0.336682424301	0.912311080227	1.10873821058	-0.330929100718	0.110603329998	3.47461888492	-0.557453901084	1.00666954862	3.21442294332	"Bij een boerderij aan de rand van de stad kon je een <font color=""red"">pony</font> huren ."
pony/noun/nrc20030919/46676	a	-3.61217630711	-0.311374127247	2.64725782475	-0.612065237855	0.558814282393	-2.29777938258	2.45016060048	0.246259744755	1.10582706185	-1.14930053078	-0.749888661795	1.79759374212	"Mijn <font color=""red"">pony</font> bleef stokstijf staan ."
pony/noun/nrc20030919/46723	a	0.213805914863	1.65708018986	0.869575143839	0.919089104157	-0.308013830244	0.304450192181	0.965932465833	1.43023020356	-1.13114452145	1.16102881556	-0.03899579911	-0.707141900101	"Ik drukte mijn benen tegen de flanken van de <font color=""red"">pony</font> en zei : "" Vort ! """
pony/noun/trouw20040221/13976	a	-1.52342055974	0.580421668322	3.44851894849	1.35970998748	0.964444644851	-0.977671468378	2.61520517408	1.82010406242	-0.23541265861	-1.88771751326	-2.52449416418	1.52962685366	"In de kelder stond ook een <font color=""red"">pony</font> ."
pony/noun/trouw20040506/4574	a	1.26789747406	0.203869571073	-0.06632150906	0.602216613686	0.784809975219	1.26671297548	0.0507148866556	0.657913463281	0.463829600865	1.35023926666	0.405126280352	0.219798872705	"Handig om te weten , maar dan willen kinderen toch weer bij vader op de schouders of <font color=""red"">pony</font> rijden voor een euro ."
pony/noun/vk19970208/41682	a	-3.84275397136	4.4082603749	4.44878439785	-0.27978738205	-1.04095390607	-3.27481314142	4.48116206676	0.23845502611	0.880827053576	-1.95698088242	-1.51189056028	1.76244785886	"Twintig maal werd proces-verbaal opgemaakt vanwege vervoer van andere dieren ( <font color=""red"">pony's</font> , paarden en koeien ) ."
pony/noun/vk19970226/49471	a	1.07750414512	-0.232729160097	-0.187152522492	0.35064172775	0.378537860084	0.935514481049	-0.274022889627	0.29523055098	0.394271864215	1.39480549995	1.30855438553	0.0210533348244	"Nu wil ze haar handen weer kunnen bewegen zoals ze zou willen , weer leren lopen , en op haar eigen <font color=""red"">pony</font> kunnen rijden ."
pony/noun/vk19970301/112417	a	-2.21656503734	3.30550799954	2.21731302899	-1.75817202983	-1.23793674269	-1.71557453278	2.26371514331	-1.10417214651	2.70236303693	-1.87996270551	-0.308094052502	3.1394954777	"De hele week door berijden , vertroetelen , beborstelen en voeden daar voornamelijk meisjes paard en <font color=""red"">pony</font> ."
pony/noun/vk19970301/96609	a	0.804558733021	0.638241865759	0.287927752074	0.722299487912	0.20406175527	0.722536380558	0.331969839004	0.552894051552	0.96433526796	1.55039207198	1.59210240609	0.0596134332019	"De speeltuin is deze maand opgefrist met nieuwe toestellen , de acht <font color=""red"">pony's</font> rijden weer hun eeuwigdurende rondje , en dat geldt ook voor de minicars voor de dreumesen ."
pony/noun/vk19970609/30388	a	1.22826182553	1.04722952922	0.356633143742	-1.27795518776	0.606330373607	1.21006863876	0.606119646322	-0.784840291049	4.81145007197	-2.37612925942	0.0205559036632	5.50906915448	"Drie jaar was ze toen een <font color=""red"">pony</font> de familiegelederen kwam versterken , maar die pony was tot haar grote verdriet uitsluitend voor haar vader bestemd ."
pony/noun/volkskrant19990826/39188	a	-0.798800337408	4.45955391981	3.68001289006	0.913664986119	-1.85255253953	-0.987762922758	3.30896350924	1.24808656092	1.95633622153	-6.24747900413	-3.58178837681	2.72414846947	"In mei van dit jaar overtrad Hermans de Destructiewet en in november vorig jaar was er sprake van verwaarlozing van runderen en <font color=""red"">pony's</font> ."
pony/noun/volkskrant19991007/53035	a	-1.64967872246	-2.00058233423	0.538904160305	-1.61336244546	2.25370536226	-0.691226595615	0.866309777422	-1.02268547377	4.2633288264	-1.76018584646	-0.116107846349	4.85472510742	"Dragt , neerlandica , is redactrice bij uitgeverij Kluitman , auteur van enkele paardenboeken voor meisjes van ongeveer 7 ( Een eigenwijze <font color=""red"">pony</font> , Wat heeft Wampie ? , Mijn pony moet weg ! , Een veulen voor Kim ) en heeft zelf twee IJslandse pony's , Fáfnir en Gandur ."
pony/noun/volkskrant19991007/53043	a	-1.09302051659	-0.012402207414	0.595258283011	-0.659539737112	0.679539673737	-0.396597806609	0.754558704597	-0.241517183746	4.22358467849	-1.0566236247	0.613827607699	4.19092232263	"Dragt , neerlandica , is redactrice bij uitgeverij Kluitman , auteur van enkele paardenboeken voor meisjes van ongeveer 7 ( Een eigenwijze pony , Wat heeft Wampie ? , Mijn <font color=""red"">pony</font> moet weg ! , Een veulen voor Kim ) en heeft zelf twee IJslandse pony's , Fáfnir en Gandur ."
pony/noun/volkskrant19991202/15576	a	1.10204057047	-0.682804958701	-0.0406578618165	2.86314277871	1.81943488321	1.03614302951	-0.488535064199	2.24231881124	-0.654725754199	1.89887190705	1.14180017127	-1.43486103352	"Staande in de deuropening zagen wij hoe nu inderdaad circa zevenhonderd <font color=""red"">pony's</font> voort galoppeerden over het heidelandschap , dat zich als een halve krantenpagina , waarop van alles rechtgezet kon worden , onder de staalgrijze winteravondhemel uitstrekte ."
pony/noun/volkskrant19991202/15627	a	-0.366032305391	0.00120529267216	0.833933214066	1.58731279697	0.791949512228	0.0854897168458	0.545757676281	1.42102060774	-0.19105921519	0.941386430902	0.70805834458	-0.417110192938	"Van rechts naar links dit keer , in de richting van de Arnhemse bioscoop , en met een haast alsof ook de <font color=""red"">pony's</font> zelf iets recht te zetten hadden ."
pony/noun/volkskrant20000114/46582	a	0.378181564334	1.99367253201	2.28166857127	-2.68927573262	2.05011474201	-0.0354517461701	1.74873133623	-1.44336178038	3.87439068953	-1.53791065041	0.0519602461903	5.19056545625	"Hij had er een eigen <font color=""red"">pony</font> , New Shatterhand ."
pony/noun/volkskrant20000325/35282	a	1.29942454151	-0.667585001735	0.145911845287	2.54883805695	1.73246547117	1.04559169456	-0.110686484233	2.00454500897	-0.526540179413	2.30783803421	-0.186533657306	-1.50250099495	"Elke dag schreef ik mijn vader een brief met steeds dezelfde vraag : lieve papa , geef me alsjeblieft een <font color=""red"">pony</font> . '"
pony/noun/trouw20040221/13922	a	-2.08757851454	1.86880846051	2.96446454802	0.166762553863	0.314400178835	-1.58749654607	2.65830893084	0.605207018882	1.38943454086	-3.24690948053	-2.12132672504	2.7330743178	"Er waren veertien honden , vijftien katten , vier bergeenden , een <font color=""red"">pony</font> , twee geiten en een konijn ."
pony/noun/volkskrant20000325/35307	a	-0.804218521002	9.92620367869	1.17499929647	6.93856490833	-5.38382481312	-0.658971200556	-0.90676257329	6.41170525011	-3.25879455025	2.84806431876	0.152284487138	-3.2964601476	"' Alsjeblieft , hier heb je jouw <font color=""red"">pony</font> , maar je moet hem wel delen met je zusje . '"
pony/noun/volkskrant20000406/59551	a	1.76476900137	-0.651494462566	-0.918636193566	1.30306121286	1.40051316399	1.45387706322	-0.772883317237	1.13798424586	0.713925151376	2.1222476418	2.11441249303	0.0636623814996	"Het grootste deel van de groep was al voorbij toen plotseling vanuit een weiland twee <font color=""red"">pony's</font> de weg op renden ."
pony/noun/volkskrant20000406/59603	a	0.909153757173	0.10688483893	0.282962255109	0.392448654407	0.489786593321	0.616912402521	0.223115600574	0.193499018821	0.618687926113	1.1123239532	0.952834177722	0.312028520621	"De twee <font color=""red"">pony's</font> liepen nog een paar honderd meter mee maar gingen rechtdoor waar de wielrenners linksaf sloegen ."
pony/noun/volkskrant20000902/32798	a	0.0266083842607	-0.344732268846	0.347448623876	1.15396153089	1.02338467799	0.302579340131	0.0809188800319	1.26064780883	-0.327120582149	1.08815423079	0.748836545451	-0.621813497358	"Daar laat een meisje haar <font color=""red"">pony</font> rondjes lopen ."
pony/noun/volkskrant20010223/13849	a	-2.06700469173	2.55672964833	2.749797321	-0.482739362665	-0.674103714321	-1.55786520283	2.28818321567	0.135596534524	0.99609383462	-1.29735861105	-0.591651332804	1.958492162	"De organisatie Pro Equo ( voor het paard ) heeft op internet een pagina geopend ( www.proequo.org ) , waarin de gestolen paarden , <font color=""red"">pony's</font> en veulens , alsmede de plaats van de diefstal worden beschreven ."
pony/noun/volkskrant20010903/43335	a	1.20291083974	1.2937728668	0.275649650669	2.62739419865	0.980623457749	0.977651792831	-0.357735974395	1.3655222793	-3.44263088065	7.33339857744	0.558274466269	-7.9236233588	"De oxers zullen er niet tot in de hemel reiken , de sloot zal niet breder zijn dan een Veluws vennetje en de steilsprongen zo laag dat een beginnende <font color=""red"">pony</font> er nog niet voor zou terugdeinzen ."
pony/noun/volkskrant20011115/9025	a	2.85770941308	-1.04370487367	-0.715650830628	3.82469938413	-0.352560302024	2.15432147008	-2.11078407323	0.834114929939	-0.940501955442	2.76381646766	0.636816537889	-6.49345502682	"Welnu , dat begon met de <font color=""red"">pony's</font> die Claudia te koop had aangeboden ."
pony/noun/volkskrant20020223/40187	a	2.54882689136	-0.814302187939	-1.72953418318	2.09349951865	1.71402684702	1.97915573694	-1.59129353915	1.64250374884	0.448023256801	3.61814824735	3.26850253834	-1.43467874962	"Een bord bij een zwaar valhek meldt dat de afrastering de halfwilde <font color=""red"">pony's</font> binnen moet houden ."
pony/noun/volkskrant20020610/33997	a	-1.56121586746	2.90893906456	2.75474699122	-0.815698070455	-0.674080939405	-1.80700177789	2.58321688577	-0.391211282765	1.86344473267	-2.97273444687	-1.73872239464	3.39026324056	"De gemeente maakt steeds intensiever jacht op loslopende paarden en <font color=""red"">pony's</font> ."
pony/noun/volkskrant20020610/34144	a	2.99249868414	6.77311078169	3.55055976722	4.38980382204	-2.82255892829	2.23128490346	2.26183709685	4.3223835999	-4.37039888359	-3.28320269002	-3.045363213	-1.00741788476	"Bovendien moeten eigenaren minstens 16 jaar oud zijn : de meeste <font color=""red"">pony</font> kids zijn veel jonger ."
pony/noun/volkskrant20020629/135499	a	-1.9728771632	1.5672992057	1.95071010579	-0.559204401296	0.0403810324477	-1.63898975485	1.9370233078	-0.416747307432	2.51732396347	-0.940977181151	0.407189772704	2.53783478094	"Myriam Trappe niers ( 50 , Maastricht , lid van ponyclub St. Pieter en zadelloos berijdster van een IJslandse <font color=""red"">pony</font> ) voegt daaraan toe dat paarden in het wild ook geleid worden door een vrouw : de alfamerrie ."
pony/noun/volkskrant20030530/33921	a	-1.59327097757	-2.0068861792	0.665143043524	3.08143729381	2.87081281972	-0.588162850882	0.156275985513	2.74263272253	-1.4501723559	1.47944620653	0.451060759551	-1.66077202916	"Dan gaan we met haar <font color=""red"">pony</font> tutten ofzo . '"
pony/noun/volkskrant20030912/53670	a	0.631095459803	-2.24022151095	1.05413715666	-2.06833794401	0.00571781647335	0.783817920713	-1.12924526849	2.14571892299	-1.5745665556	-4.12859496944	-4.57508334602	2.08189341739	"De <font color=""red"">pony</font> staat nu in de wei van een zwager ."
pony/noun/volkskrant20040505/34181	a	-0.0529136740103	0.485156757579	0.825037990335	1.35937438161	0.629161192831	0.285383043624	0.606087266704	1.18088177251	-0.173823132818	0.958406363448	0.569100870733	-0.471372028212	"Rijd van Friesland naar Drenthe , steek via het oosten van Overijssel door naar Nijmegen , zak af naar Brabant , doorkruis die hele provincie langs provinciale wegen in de buurt van de steden en het zal duidelijk zijn : Nederland barst van de luxe-paarden en <font color=""red"">pony's</font> - het werkpaard is een curiosum geworden ."
pony/noun/volkskrant20040527/30623	a	-1.57493727581	-4.34265601068	0.538324341796	4.57419229583	3.86950078121	-0.112530582673	-0.698886201152	3.86796660519	-1.35155347821	2.01814484991	1.07671155655	-2.203556253	"Nu moet er na één nieuwsbericht over een psychisch gestoorde man die zich vergreep aan een <font color=""red"">pony</font> een wet komen ."
pony/noun/volkskrant20000325/35350	a	-0.487766014978	-0.794445449752	0.866749393172	1.13443191878	1.2477057845	-0.0782933738514	0.548067391147	0.951285435173	0.779374626145	2.17042587771	1.82007991906	-0.252424694037	"We hadden ieder een halve <font color=""red"">pony</font> en dat betekende dat we altijd ruzie hadden ."
pony/noun/ad20000407/9636	a	-2.88706981063	0.769800755173	2.66640821847	0.922726609416	0.80370408125	-2.05960629777	2.36991058225	1.11412716696	0.564845595683	-3.08083262998	-2.0746158168	1.9787936606	"In het bedrijf bevonden zich 15 verwaarloosde schapen met lammeren , vier <font color=""red"">pony's</font> , een kalf , bijna 50 honden en 29 pups ."
pony/noun/trouw20031227/14620	a	-0.412328144531	-4.25026480468	-0.352186602428	4.11889994008	3.55440649013	1.55485333833	-1.90856669067	2.92219842224	-0.805655820523	8.13797138523	4.9361822811	-5.9937896457	"Waar het paard in het gezinsleven centraal stond was het niet vreemd dat hij een <font color=""red"">pony</font> kreeg ."
pony/noun/trouw20020403/1204	a	-1.71327682313	-2.40907710858	0.94780084391	3.09349837071	-0.227000329416	0.513116240711	0.445002109476	2.87757598207	-1.98454161512	1.57275053793	0.0192870068722	-0.683877965524	"Die werd door een bewoonster ' herkend ' als haar oude <font color=""red"">pony</font> , waar ze altijd mee ging wandelen ."
pony/noun/nrc20030919/46772	a	0.255834170839	1.11327520304	0.893217370405	2.00547309308	0.10745762903	0.330632963174	0.423217716724	1.2895666428	-0.489721496494	1.17823543045	2.00537739978	-1.21662347183	"De <font color=""red"">pony</font> kwam in beweging ."
pony/noun/nrc20030919/46914	a	2.06054025502	1.62184367586	-0.363395290351	-0.543277023389	-0.394437974084	1.37251602817	-0.273705011213	-0.340119488182	0.835009519353	2.88050691685	2.44948996937	-0.764324909357	"En de <font color=""red"">pony</font> galoppeerde alsmaar sneller en sneller ."
pony/noun/nrc20030919/46996	a	-0.369725643795	3.46298419021	3.06950189521	1.3938917723	0.0512214563082	-1.31444313624	2.76043517809	1.31208038952	-1.06945281357	-3.38748081733	-4.12217683903	1.4846008197	"De <font color=""red"">pony</font> draaide zich om en galoppeerde terug naar de stal ."
pony/noun/nrc20031103/37214	a	-3.92791212654	0.704335180905	3.1861290382	1.14460260106	1.02702988501	-2.0697406461	3.06508060665	1.64010660655	0.154738108908	-3.57549942637	-2.7745026121	1.10021592679	""" Zelf ben ik niet meer dan een hobbyboer , met een kleine organische boerderij waar we ons eigen eten verbouwen en waar we een <font color=""red"">pony</font> , een varken en wat kippen houden ."
pony/noun/nrc20040306/95033	a	8.73964644898	11.1634824717	-5.25071585051	7.18595977336	8.5642386669	4.64649019875	-5.57813618923	3.95576621186	-7.72189068103	10.740825398	5.76182627659	-6.58986714576	"Hap , daar ziet de IJslandse <font color=""red"">pony</font> er nog eentje ."
pony/noun/nrc20040515/99176	a	0.138176735572	0.173430603719	0.612357820216	1.72799375415	0.800777800833	0.450448352259	0.358618585289	1.35389568754	-0.0617189469645	1.41175149846	1.01139762665	-0.793689720467	"Het is een gezinsbeurs , met knutselschuur en <font color=""red"">pony's</font> voor de kleintjes , en voor de tuinliefhebbers hectares met tuinbeelden , antiek , tuinhekwerken , en gelukkig ook gewoon ouderwets bloemen en planten ."
pony/noun/parool19990227/6352	a	-0.490465203405	-0.690328020503	0.557839720257	1.19741719496	1.46657655817	0.0310259608778	0.372776894315	1.1018036099	-0.321601806953	0.725336775924	0.313132575584	-0.336133960196	"Dus toen hebben we een <font color=""red"">pony</font> gekocht , zijn gaan melken en hebben het uitgeprobeerd op jongetjes uit de buurt met eczeem ."
pony/noun/parool19990807/50020	a	-2.81694825887	-1.79108009737	1.97746511886	2.96872704947	2.39795873435	-1.46807417336	1.52097886221	2.63306853369	-1.21088715756	-3.91703798337	-3.92870302245	1.16628660541	"Een speciaal getraind polopaardje ( <font color=""red"">pony</font> ) kost dan ook op z'n minst tienduizend gulden , en dat bedrag kan gemakkelijk oplopen tot enkele tonnen ."
pony/noun/parool19990916/31712	a	-0.965246043	1.19219756623	1.72872118278	0.053881956065	0.0162600709204	-0.720516450621	1.40982294392	0.382742595427	1.44969194189	-1.55254832424	-0.742512220832	2.30712036849	"De paarden en de <font color=""red"">pony's</font> worden dan gekeurd door een deskundige jury ."
pony/noun/parool19991023/45476	a	-3.92813197648	2.21324988293	3.55771737053	0.631525413024	0.133624628904	-2.85408898747	3.3093329836	1.08371896193	-0.218434140712	-2.06739583681	-1.91205609041	1.08558415205	"In de toekomst zullen er wilde koeien ( zoals Schotse Hooglanders ) en <font color=""red"">pony's</font> worden uitgezet , die ervoor moeten zorgen dat het gebied niet helemaal dichtgroeit ."
pony/noun/parool20000112/6269	a	-9.64245012971	-5.02079140865	6.56442195449	5.30847090319	5.96930155835	-5.25618465286	3.76176935475	7.27131734357	-5.08014176474	4.07587260067	0.516118767071	-5.68603546442	"Ruige paardjes zijn het - <font color=""red"">pony's</font> schijnen we ze niet te mogen noemen , ook al zijn ze klein ."
pony/noun/parool20000527/24809	a	0.815908741046	-1.37235811894	-0.792115199623	1.61472722376	1.57396220173	1.03475770239	-0.923616042981	1.3722796957	-0.500680174067	3.06249665929	2.52140290662	-1.52043164649	"Even later mocht Pjotr op een <font color=""red"">pony</font> plaats nemen ."
pony/noun/parool20000527/25226	a	-9.18596036882	-12.5442699404	1.89723102906	11.3487607285	9.83073402652	-4.26587817803	8.3334577624	7.96785304769	-5.31900680516	5.19987525578	4.79285776709	4.97816070987	""" Die <font color=""red"">pony's</font> vond ik wel leuk , "" zei Pjotr , "" maar verder was het waardeloos ."
pony/noun/parool20000624/14887	a	-0.615223575854	1.89978747226	1.80784654591	1.05727258687	-0.209372545415	-0.328707922576	1.81681295411	1.28066911253	-0.420090431915	-1.87002795405	-2.77487200657	1.17660701045	"Wel worden we deelgenoot van de bespiegelingen van een verteller , die in een universum leeft waarin gitaarspelende varkens de macht hebben gegrepen en de <font color=""red"">pony's</font> hun aartsvijanden zijn ."
pony/noun/trouw20020803/46120	a	-0.326988515868	-0.996341095766	0.276458630153	1.13537285706	1.27725952947	0.134081114862	0.0640123358425	1.18617358391	0.0757290834976	1.39935062147	1.19464945333	-0.256809518297	"Ze was met haar <font color=""red"">pony</font> wezen rijden ."
pony/noun/parool20000715/14805	a	-7.16211189768	-4.17580954495	4.43301942326	-5.17069535948	-4.94329523661	-3.37526888042	0.91161995038	7.06277054153	-3.33940922563	1.39900283918	-1.06649164822	-2.76010049886	""" Mijn eerste <font color=""red"">pony</font> durfde ik het eerste jaar helemaal niet op ."
pony/noun/parool20010517/10104	a	-3.91489017655	9.24930423628	7.29237997915	-8.34843121679	-6.80070404743	-2.43563191373	8.89199166558	-2.27723918283	-5.13462448442	-1.81535687757	-5.49561148176	-2.33965352686	"Alleen al in Groot-Brittannië kwamen tot 1970 meer dan veertigduizend <font color=""red"">pony's</font> om in mijntunnels , waar ze als lastdier gebruikt werden zonder ooit het daglicht te zien ."
pony/noun/parool20010614/32141	a	-0.682789230905	-3.03176754846	-1.12324047303	2.36284319104	2.9610351189	-0.149889193479	-1.53021554539	2.32263523183	-1.64567173645	1.65623773697	3.52297093491	-2.45507913394	"Hun jongste dochter , in tegenstelling tot haar zusje op haar dertiende een echt pony-meisje , heeft nu haar eigen <font color=""red"">pony</font> op het land achter het huis ."
pony/noun/parool20010712/17990	a	0.116838190148	-1.46246623681	2.48833908367	3.12798598574	2.22390499828	0.196930866152	1.05261200373	2.86769516528	-0.50172477879	-6.75321263896	-3.17906461186	5.22259687047	"Naar de eigenaar van een loslopende <font color=""red"">pony</font> die op de Osdorperweg werd gesignaleerd , wordt nog gezocht ."
pony/noun/parool20011210/36547	a	-0.639105163443	-2.46480635702	0.995387942848	3.17536344224	2.34466369119	0.171940668093	0.20330763803	3.05496668654	-2.11648373259	1.13884260624	-0.49957756524	-2.04127317277	"Ze voelde geen genegenheid voor de mensen met wie ze geacht werd om te gaan ; die afkeer dreef haar naar de <font color=""red"">pony's</font> van haar moeder ."
pony/noun/parool20020925/27885	a	4.97113252599	5.39181617847	1.06031849803	-5.03800536591	-3.44422935373	2.39758506396	1.90543958251	-4.30334183614	5.62314495122	-2.22745368797	0.671278179445	5.59479576805	"Manege Jolly Jumper in stadsdeel Zeeburg heeft zondag twee <font color=""red"">pony's</font> laten inslapen nadat ze waren vergiftigd ."
pony/noun/trouw19991127/90212	a	0.865764699494	0.00206247089974	0.197875252932	1.2656947755	0.939882292848	0.678112513335	0.120505904024	1.08290504962	-0.201499865498	1.65134262853	-0.377030536953	-0.81770380376	"De speler krijgt de zorg op zich voor een pasgeboren <font color=""red"">pony</font> ."
pony/noun/trouw19991127/90298	a	0.0396834512146	0.524525298373	0.925762208635	1.37173120989	0.768652481717	0.195765808789	0.703693094745	1.26718870316	-0.675794883836	0.938440890106	-0.0977243499109	-1.13911482014	"Er is een dansstudio en een school , waar de <font color=""red"">pony</font> een geheugenspelletje kan spelen ."
pony/noun/trouw20000715/24486	a	-0.0750025474495	-3.14768036439	-0.126211567894	2.3388608516	2.99517125699	0.605868089498	-0.482790831476	2.3275782261	-2.25997122152	1.69904515475	-0.319293172967	-1.33377691372	"Het idee dat je kind zit weg te kwijnen op een <font color=""red"">pony</font> bestaat vooral in het hoofd van ouders ."
pony/noun/trouw20001010/32597	a	-1.5734152813	-1.20594079688	1.13863758218	2.16143573627	1.83853430344	-0.685071462813	0.644487953563	2.24566644005	-1.53289810899	1.40498387999	0.260262448329	-1.78666511968	"Een <font color=""red"">pony</font> en een kar hadden zij en haar vriend al , en ermee rijden is hun hobby ."
pony/noun/trouw20001230/18378	a	-1.10636353906	-0.588230652582	0.573150018224	1.46272567583	1.31269328014	-0.500575987038	0.524151194207	1.63851424828	-1.70367258131	3.75940821213	2.04820172805	-3.08944273876	"Ik liet onze cocker spaniel voor <font color=""red"">pony</font> spelen en hindernissen nemen ."
pony/noun/trouw20001230/19246	a	4.28503761445	-8.57594111121	-3.3249646978	-1.81634239819	5.52971818398	4.95064845025	-3.88370866476	-1.14253730809	3.79983182084	4.49605487269	1.61539245636	2.21918364511	"Op een dag hebben we al onze moed bij elkaar geraapt en zijn we die man gaan vragen of we op die <font color=""red"">pony's</font> mochten rijden ."
pony/noun/trouw20001230/19437	a	-0.0749140769522	-0.376646106416	0.204562696876	0.548117759669	1.03694427144	0.517607010375	0.189391135133	0.29673154333	0.857235887607	1.28855771647	1.57476175023	0.461499173275	"Voor mij was dat rijden en verzorgen van die <font color=""red"">pony's</font> echt een heel eigen wereld , een vrijplaats los van schoolprestaties en ouders . """
pony/noun/trouw20010717/3638	a	-3.30521259909	3.27806275401	3.3603261259	-1.04880723399	-0.871864324111	-2.67574997447	3.54647570733	-0.195562041806	1.09640268606	-2.56815138959	-1.77758029629	2.23613835591	"De Dierenbescherming looft een beloning uit voor het opsporen van een dierenbeul die het in Twente heeft gemunt op paarden , <font color=""red"">pony's</font> , schapen en koeien ."
pony/noun/trouw20010821/300	a	-1.20704417708	1.14187588829	1.9480518003	0.0921103254678	0.0909803545993	-0.96668265748	1.71254379647	0.523800439335	0.832442208837	-1.48189378564	-0.950441508747	1.57805921984	"Een paard en een <font color=""red"">pony</font> bezweken aan hun verwondingen ."
pony/noun/parool20000726/25737	a	-2.56924250828	6.17572100906	5.62366835834	-1.36036060925	-2.54686951862	-2.64673229308	5.42621392424	-0.0165840759564	2.62423093958	-2.43672464564	-0.865367996043	3.00866410283	" <font color=""red"">Pony's</font> zijn verstandige dieren ."
pony/noun/ad19990724/24095	a	1.46298037686	0.972262870706	-0.215689518733	0.588184264255	0.191781505024	1.04530503684	-0.193252159987	0.464010895022	-0.192261149081	2.50095706171	1.52836927429	-0.628809475898	" <font color=""red"">Pony's</font> lopen er midden op de weg ."
pony/noun/ad20001010/13544	a	-1.36702253531	-1.36530506075	0.929509979355	2.88222890622	2.24423576875	-0.305615339673	0.586209889959	2.39166823301	-1.49902552361	0.969017670741	-0.0861472582516	-2.12637359943	"Met hun gloednieuwe kar , voortgetrokken door een grijze <font color=""red"">pony</font> , verzamelen zij gft-afval , dat tot compost wordt verwerkt ."
pony/noun/ad19990401/73145	a	-5.82610531095	5.2509989019	6.04651363316	2.08013237902	-3.81334562245	-2.15064220401	4.94550748601	2.97502698058	-0.0318514512988	-5.7553156716	-4.86694578914	0.637305800619	"Heden ten dage is de <font color=""red"">pony</font> niet meer weg te denken als huisdier ."
pony/noun/LN_20000729_01/48490	a	4.10971675534	3.68045965061	-4.40497886	0.257057537919	-1.96664875761	2.88059305615	-2.38510145889	-1.54607230327	-0.708054485001	7.13085682496	5.6653468338	3.85992308615	"Vrijdag mogen de <font color=""red"">pony's</font> hun kunstjes tonen , zondag is het de beurt aan de echte paarden ."
pony/noun/LN_20000825_01/275445	a	1.86919260554	2.03767643743	-0.89215071259	-0.784141953834	-0.208929675616	1.47130712821	-0.261352574507	-1.20132762005	4.86719344014	1.75812982822	3.13739278094	4.32437908878	"Aan de Affligemdreef worden tussen 9.30 en 17 uur vijf reeksen van Welsh <font color=""red"">pony's</font> gekeurd ."
pony/noun/LN_20000906_01/262046	a	-1.84848255615	0.582057453082	2.52844335613	1.3427582883	1.09627444749	-1.15289409178	2.01315170109	1.75334884969	-1.3087775366	-2.5343353599	-2.40713507798	0.314171000747	"De <font color=""red"">pony</font> werd ook gekamd en in de weide stond een stal . """
pony/noun/LN_20000927_01/3104	a	2.74044392454	0.394357256085	-1.2169103614	2.71465495066	1.50557183585	1.87089659891	-1.47621312637	0.700147230074	1.17287302861	6.29354184375	4.78746697476	4.58389574057	"2.000 <font color=""red"">pony's</font> voor 10.000 bezoekers"
pony/noun/LN_20001215_01/34066	a	-1.84875679936	2.74921315354	2.46757335617	-0.197329030748	-0.776670854443	-1.46057573608	2.15137667045	0.276678146446	1.80074557553	-1.83619149196	-0.797897819863	1.6711801655	"De Belgische jongeren ( met Vicky Smits als pionier ) gaan er de laatste jaren sterk op vooruit , omdat ze van bekwame mensen instructie krijgen en ook betere <font color=""red"">pony's</font> en paarden aanschaffen ."
pony/noun/LN_20010322_01/129808	a	0.983679447964	1.32052487398	-0.270014882493	0.217827234387	-0.178593850366	0.925419097524	-0.0539813360412	0.320697524652	-3.363740548	1.88179326172	-0.872850085489	-3.70746262539	""" Tracy van Large Rivers Cleopas is 20 centimeter hoger en wordt mijn <font color=""red"">pony</font> voor de komende jaren "" , zegt Matthias die nu al droomt van een carrière in de paardensport ."
pony/noun/LN_20010410_01/944	a	-2.04911537213	-2.10312206215	2.39195497114	2.63222971046	2.40544305998	-1.335940256	1.62558620537	2.39935060284	2.96018585219	-2.02255913872	-3.39246326875	0.781240508495	"ENSCHEDE Een dierenbeul heeft dit weekend in Enschede een drachtige <font color=""red"">pony</font> die in een wei stond zo zwaar toegetakeld met messteken , dat het dier aan zijn verwondingen is overleden ."
pony/noun/LN_20010703_01/263789	a	-4.12401822893	3.34444196507	3.81331856081	-0.9521423552	-1.09814207696	-3.05673744437	3.44196254838	-0.431473986376	2.06050491465	-2.1354100956	-1.04874539197	2.88460840491	"Volgens organisator Gerard Naeyaert worden er het meest warmbloedige paarden en <font color=""red"">pony's</font> verkocht ."
pony/noun/LN_20011103_01/23837	a	1.47298272296	-2.72966120225	-1.60824924327	3.20866786831	2.72947334901	1.44867744358	-1.91657426049	2.59304131013	-2.54477664401	1.09022535771	0.806618093546	-3.34096275296	"Tienen heeft bijvoorbeeld niet gereageerd op het verzoek van de dierenbeschermers om <font color=""red"">pony's</font> te verbieden op haar kermis ."
pony/noun/LN_20011109_01/22114	a	-0.575295785268	-0.121553605907	1.0778381672	1.38071488241	0.935226695876	-0.0415397428865	0.76210133333	1.68532103914	-2.70199587022	0.278684294474	-1.23273827196	-1.8906760548	"Aan de toog komt mijn vrouw de <font color=""red"">pony</font> keuren en meestal krijg ik van haar een goedkeurend schouderklopje ."
pony/noun/LN_20020107_01/106430	a	-0.567686501534	3.74917799333	3.74533927457	0.799923839008	0.143015629866	-1.89932348734	2.91039458594	0.066458766952	2.64099635621	-5.45566498822	-4.45954605215	4.93226694469	"De geiten , de reeën , het ezeltje en de <font color=""red"">pony's</font> toonden weinig interesse voor het bevroren oppervlak van de vijvers ."
pony/noun/LN_20020227_01/143571	a	-2.36247934605	0.160746023024	1.4367054484	-0.0646754458673	0.115315050528	-0.821250512984	1.29442346382	-0.223859088843	0.497802430032	-1.99437931851	-1.7472207872	1.86909696406	"Er liepen nog vijf <font color=""red"">pony's</font> , een fjordpaard , drie schapen en vier dwerggeiten ."
pony/noun/LN_20020322_01/67456	a	0.322692888878	0.244057033488	0.697531266727	1.45229496775	0.719461711435	0.408176948938	0.400678743316	1.25878575776	-0.630025279949	1.69663971621	1.49518717338	-2.15916221048	"De vereniging is tegen het gebruik van <font color=""red"">pony's</font> als kermisattractie en voert hierover al een tijd campagne ."
pony/noun/LN_20020326_01/103251	a	0.246933778158	1.83567756301	2.87309654136	2.0354117028	-0.474852894445	0.139720369062	1.83849608409	2.00439537997	-0.794036399919	-1.51615998894	-0.662077736744	2.714760217	"De <font color=""red"">pony's</font> waren zondag losgebroken uit een weide niet ver van het station ."
pony/noun/LN_20000707_01/87231	a	2.73840051973	2.03795738534	-1.55036541685	-0.237945876439	-0.514019843375	1.68964910557	-1.00468887793	-0.916747120978	1.46895002424	3.23210888401	4.10749170313	-0.0643506312993	"Met Udalco was Mike Van Haudt tweemaal de beste bij de <font color=""red"">pony's</font> ."
pony/noun/LN_20020326_01/185769	a	-1.06144159956	-3.04475386808	-0.433647208976	2.57414956387	2.88820978298	-0.14354338232	-0.800477275618	2.51439143316	-1.26561544808	1.51079608829	0.624920316682	-1.78285530708	""" De eigenaar van een zaal in Schepdaal dacht mijn act nog leuker te maken door mij op een <font color=""red"">pony</font> te zetten ."
pony/noun/LN_20020727_01/30273	a	3.07379963472	0.827746807588	-1.09064972062	-0.686394080673	-0.0858548355578	1.94837002077	-0.714236589941	-0.984799279147	2.81284151145	3.0046585898	3.60073714752	0.832249312668	"De <font color=""red"">pony's</font> springen in Bommershoven de derde manche van het kampioenschap ."
pony/noun/LN_20020813_01/122316	a	1.29991295869	0.434931402026	-0.514122751155	0.818572241754	0.627420918314	1.01043517701	-0.414032751961	0.41819324247	0.334721770675	2.3246909807	2.88295082049	0.0449154695251	"Bij de <font color=""red"">pony's</font> deelden Simon en Emma Rooms zaterdag de eerste prijs ."
pony/noun/LN_20020831_01/224458	a	-2.51490078896	3.48412709503	1.09732509231	-1.52623670062	-1.63848179716	-1.78883332471	1.25284382602	-1.7221541396	2.02505927975	-0.539580239628	0.738424983515	1.66164851925	"Enkel paarden nemen deel aan dit toernooi , dus geen <font color=""red"">pony's</font> ."
pony/noun/LN_20021108_01/23225	a	1.47997021723	1.91271381187	-0.492238537286	-0.245607140394	-0.521379477407	1.03942842373	-0.136436904772	-0.709278558822	1.81485493645	3.40464677617	4.5422620969	0.0119411479834	"van twee <font color=""red"">pony's</font>"
pony/noun/LN_20021108_01/23289	a	-2.21177440965	-0.69070626762	3.02705164238	1.91000326578	1.537001876	-1.48518013717	2.43771506401	2.04689957735	-1.52099052353	-3.67735172559	-4.47968847911	1.7558546642	"R. en M. hadden van 16 augustus 2000 tot 8 januari 2001 een <font color=""red"">pony</font> en een Shetlandpony staan in een weide in Oordegem , een deelgemeente van Lede bij Aalst ."
pony/noun/LN_20030411_01/209647	a	-2.94875582442	2.98582109151	3.83033473612	-1.12099174779	-0.517562849614	-2.31636706866	3.64751008256	-0.262690017645	1.98011180727	-1.92259224457	-0.863167589432	2.6250249022	"De brandweer van Overijse moest gisteren uitrukken naar een weide in de Ten Boslaan om een <font color=""red"">pony</font> te bevrijden van ... een hengst ."
pony/noun/LN_20030620_01/20590	a	-0.773307248841	2.59524083792	1.85188826011	-0.582790921819	-0.69465851268	-0.959485700313	1.81041104025	-0.403157793127	2.02993996389	-1.25195051897	-0.165364430465	3.11019168411	"Telkens sieren negen proeven het programma , gaande van de initiatieproef zonder galop tot de M2 , zowel voor paarden als voor <font color=""red"">pony's</font> georganiseerd ."
pony/noun/LN_20030809_01/119920	a	-0.228411242267	1.9853573234	1.48451475073	-0.201577803342	-0.466303315403	-0.571770378524	1.26451277993	0.00560863468369	1.66140864002	-0.961711658675	-0.448488842078	2.57308161464	"En voor de vierde keer staan paarden en <font color=""red"">pony's</font> te koop op de paardenmarkt aan de Abdijstraat ."
pony/noun/LN_20030819_01/70404	a	-1.38795202705	-1.07103943275	1.16623296571	2.23389945146	1.60548617637	-0.41899957174	0.822306587389	1.95081104172	-0.87225705801	1.00379019611	0.357436642168	-1.46213740242	"Verder hadden we voor de kinderen ook heel wat spelletjes in petto en mocht iedereen een rondritje maken met een <font color=""red"">pony</font> "" , weet Marnix Goossens er nog aan toe te voegen ."
pony/noun/LN_20040211_01/140328	a	2.33468529066	3.4380164746	-0.175326116541	-2.12763723465	-1.69009073844	1.14753001964	0.514631811382	-2.36875348879	5.34596596568	-0.471177677413	1.67914174567	4.56235339851	"Verder noteerden we zeges voor Kara Bosman met de vierjarige Torino in de E8 en voor Celine Satdeus ( Lois ) in de A5 <font color=""red"">pony's</font> ."
pony/noun/ad19990401/73358	a	-1.69007402386	0.873170265773	4.03025117174	1.20369609224	0.983460076283	-1.16098439235	3.01307975495	1.85685129154	-0.15751640405	-2.24294389868	-2.86406185816	2.17424019052	"Toegegeven , uit de mond van een paardenliefhebber zal niet snel een onvertogen woord over de <font color=""red"">pony</font> komen ."
pony/noun/LN_20040715_01/14692	a	5.47602114923	1.1756548019	-3.67650100452	1.05990752396	1.40076549235	3.86042388793	-3.41729634104	-0.12212873059	3.58523049983	7.25341106967	8.95572132284	-1.09476451935	"ZOERSEL Op het EK eventing voor <font color=""red"">pony's</font> in het Poolse Jaszkwo maken de Antwerpse LRV-ers de kern van het Belgisch team uit ."
pony/noun/LN_20040814_01/124968	a	2.31500024993	0.685660009514	-1.05400600668	0.319185168976	0.140747871885	1.56157556877	-0.825045969719	-0.531404421674	4.95335105711	3.3434176651	5.18473807165	1.8099315774	"Esther Ongenae won met Quickboy de E8 voor <font color=""red"">pony's</font> en moest in de A6 de zege delen met Kim Willems ( Midnight ) ."
pony/noun/LN_20040904_01/214880	a	-2.53440194758	4.51389229673	3.49089780533	-2.00306751428	-1.36564343182	-2.86218808425	3.14430834764	-1.20479935852	1.81299196027	-2.77284429974	-1.17545791591	2.78783097854	"Alles wat voortgetrokken wordt door paarden , <font color=""red"">pony's</font> , muilezels of ezels wordt zondag om 9.30 uur verwacht aan Het Ankerhof in Essene ."
pony/noun/LN_20020713_01/202229	a	1.78442601624	2.08492750455	-0.144857203063	0.0655471693869	-0.481276284225	1.07044425968	0.0904949163326	-0.499293923005	-0.180997938302	2.42125718553	1.63219880962	-1.00142191311	"Volgens GRAS laat de voeding van de <font color=""red"">pony's</font> te wensen over en zijn ze gestrest , om maar een paar beschuldigingen te noemen ."
pony/noun/LN_20040911_01/100770	a	0.00708862835818	3.51040742477	3.6855828702	2.44565768754	-1.32113790569	0.0506993496574	3.28872238989	2.24264243561	-1.78660142811	-2.80617743439	-4.74004876176	0.290668042996	"Groenten kweken of hooi maken voor de <font color=""red"">pony's</font> , ik doe niet liever ."
pony/noun/LN_20000703_01/78465	a	12.3083770531	-4.57681739566	-7.74269553959	-4.05535026398	-1.14148138842	9.23028570534	-4.63919346828	-6.55707606186	5.06819082292	5.58770620714	6.69989033865	0.856668415861	" <font color=""red"">Pony's</font> 2 - Bar ."
pony/noun/LN_20000512_01/170013	a	3.43900786028	-0.47552983674	-1.5869137598	0.275748994085	0.697307508707	2.59699448161	-1.31939953051	-0.232772329212	1.83017416598	2.80164495232	3.78488081496	0.0591457943476	"Bij de <font color=""red"">pony's</font> rijdt Isabelle Boost zich steeds meer op de voorgrond met Chantre , terwijl bij de juniores Simon Missiaen-Golfstern en Ruth Van Campen-Capriccio de toon aangaven ."
pony/noun/BL_20000718_01/35530	a	7.12845762041	-0.223707918864	-4.79598905275	-2.64374909461	-0.702265630082	5.13326304712	-1.73689953453	-4.04392999061	5.17228752296	4.90870494114	6.78408836001	1.44278399294	" <font color=""red"">Pony's</font> 2 en 3 : 1. Cindy Stevens-Jeroen ; 2. Sharon Cleeren-Beauty ; 3. Jeroen Scheepers-Fiuri ."
pony/noun/BL_20010418_01/13683	a	20.8927243486	-3.52144024454	-11.8917097051	-6.66666968373	-0.162106588571	14.6020653992	-6.55643204435	-11.1470560946	6.07020979859	6.5355242862	8.47865385595	0.734774643059	" <font color=""red"">Pony's</font> 2 : 1. Leen Geysen-Princess ; 2. Jeroen Appelen-Fun ; 3. Maureen Piedboeuf-Bardaf ."
pony/noun/BL_20021016_01/41338	a	-4.11330973193	2.49564761193	3.51995258462	-0.898466160527	-0.574645539777	-2.79998244221	3.22992853742	-0.280689114868	1.59858335564	-1.8177838125	-0.950733151909	2.45241392291	"De pony is 20 jaar en zeer kindvriendelijk maar ten opzichte van andere paarden of <font color=""red"">pony's</font> kan ze zeer dominant zijn ."
pony/noun/BL_20030114_01/33475	a	1.59097544959	0.292666760639	-0.161446572399	1.87910714178	0.833455766579	1.33993641643	-0.268631977227	1.38878204172	4.81829082498	1.15857919091	-3.59723311942	-1.8383483874	"Op de zesde wedstrijddag uit de wintercompetitie dressuur Kempische Regionale in manège Ruitersportcentrum Gerrits zorgden Sharen Wintjes-Mariska bij de <font color=""red"">pony's</font> voor een erg goede E5 ."
pony/noun/BL_20030704_01/33057	a	1.99308325493	-0.0829137665832	-1.42280960205	1.11133391568	1.08626041883	1.53071231516	-1.22738792179	0.295238072612	1.00954815898	3.9819231898	4.14704323943	-1.04461156156	"Zijn <font color=""red"">pony</font> blijkt een specialist voor de superzware wedstrijden te zijn ."
pony/noun/BL_20030708_01/34004	a	0.89492277308	0.423231076135	-0.385027652881	0.86173014914	0.693548996754	0.635788023992	-0.253056269152	0.295139911381	0.448338660684	2.46926537788	3.69935400108	-0.310091561275	"In niveau 3 haalde Linsy Allard-Lets Go het vóór Van Der Pluym-Alicha en Elly Mattys-Rapid.Ook een Bekerstrijd voor de <font color=""red"">pony's</font> ."
pony/noun/BL_20030724_01/37256	a	2.54682787495	2.16850959332	-0.981099055051	0.0978838150261	-0.644344574022	1.83235571129	-0.385784822051	-0.493620426474	0.0938444759676	5.27175840806	3.72205581514	-2.77102915029	"Voor het jongerenkampioenschap zullen Cassandra Malherbe en Sarah Van Hasselt , vorig jaar zilver en brons , moeten rekening houden met Wouter De Cleene en Kathleen De Vel , die voordien bij de <font color=""red"">pony's</font> al eremetaal verzameld hebben ."
pony/noun/BL_20030923_01/21412	a	0.330407428702	-1.33274176458	-0.39730289334	2.5245822554	1.85367965209	0.622917279206	-1.0006749722	1.28513453939	-0.937369705473	1.85626185157	4.44189335848	-2.36517092029	"Met Yannick Paulissen ( <font color=""red"">pony's</font> 2+3 ) hebben we de laatste winnende naam van de eerste dag ."
pony/noun/BL_20031231_01/22672	a	8.14049317739	1.91426545266	-5.70068824171	-2.85482783261	-0.543716114855	6.16093781095	-2.52748750345	-4.74979267489	5.24092483978	3.91711598451	5.87494657587	1.61416968711	"Hij eindigde als enige in drie van de vier proeven binnen de eerste drie.E5 <font color=""red"">pony's</font> : 1. Christophe Merken-Farao D ; 2. Christophe Merken-Biesis.E5 : 1. Cindy Schuurmans-Winchester ; 2. Laure-Anne De Schutter-Lady St.-Clair ; 3. Marleen Hoeven-Prince ; 4. Heidi Mercken-Traumlord ; 5. Christine Maris-Rembrandt en Roy Slenders-Windekind ."
pony/noun/BL_20031231_01/22711	a	9.28588490308	0.122024578846	-4.89244914781	-3.75959979486	-1.43409599189	6.02634413332	-1.70221200052	-5.66648684312	7.2338500365	6.27334400777	8.06747147143	1.30312892295	"A6 <font color=""red"">pony's</font> : 1. Christophe Merken-Farao D. A6 : 1. Sofie Heeren-Kalim en Roland Steegmans-Seigneur ; 3. Marleen Hoeven-Prince ; 4. Roland Steegmans-Papageno en Amelie Daminet-Dancer ."
pony/noun/BL_20040127_01/27166	a	-9.85831488766	0.687544863431	3.64816856153	5.22641368256	3.21898969352	-5.83369366993	3.01170776964	5.00438911759	-4.81662621226	-1.25633198915	-1.19169096813	-1.94100195148	"Ook opa ( Toine Philippaerts ) was fier , deze <font color=""red"">pony</font> is zijn favoriet ."
pony/noun/BL_20040928_01/34538	a	5.69251318292	3.61013666594	-5.89230625312	2.16146091981	-0.957416016033	3.77763855455	-4.99698060944	-1.15342828586	2.52690922313	7.20876731745	6.64288424076	-2.02420552447	"De Limburgers wonnen liefst acht reeksen in de individuele dressuur , waaronder Valerie Bouts ( Bocholt ) in de hoogste klasse van de <font color=""red"">pony's</font> van stokmaat B. De zwaarste springklasse ( D-Midden ) ging naar Joke Tielen ( Meeuwen ) ."
pony/noun/BL_20050104_01/18512	a	4.14329450869	-0.944058676721	-2.53010127557	0.218124095789	0.639465469065	2.9820269627	-1.77558181786	-1.10477182293	6.15888107266	3.74223755594	6.3159529621	2.62839995534	"Ze won de selectieproef voor <font color=""red"">pony's</font> ."
pony/noun/BL_20050330_01/21354	a	2.14545856252	-0.0106737113226	-1.01983365921	0.322656355733	0.309352031546	1.57585726322	-0.819213536921	-0.253217859551	2.69786292008	3.75123931861	4.42426516374	0.410549942398	"Yentl was met de <font color=""red"">pony</font> Ferro eerste in C-Midden , stijl en tabel A. "" Mijn grote voorbeelden zijn Ludo Philippaerts en Nelson Pessoa ."
pony/noun/LN_20000624_01/166344	a	1.30058549896	-1.97443509046	-1.02387942157	2.57805372638	1.94676614624	1.29886198583	-1.39999702955	1.77472141984	-9.90459101768	1.31377632976	-0.199141458151	-8.97230701196	"Ook allerlei kinderanimatie , springkastelen , een sprookjesvertelster , kinderschminken , <font color=""red"">pony's</font> , huifkarrentochten , straattheater staan op de affiche ."
pony/noun/BL_20050810_01/28112	a	4.08414677315	0.471152306224	-1.41997254396	3.97246897825	-0.196064466439	2.93216522821	-2.25121702782	2.71625561228	-0.238247510357	6.3456403164	5.30097364942	-2.96943749699	"Jeroen klaarde die klus met de <font color=""red"">pony</font> Pachthoeve Judith , eigendom van Jean Ruysen ."
pony/noun/DM_20020320_01/56275	a	-1.32561454951	-0.750311511697	1.18151953056	1.91521824297	1.35242069423	-0.433707424877	0.846126664862	1.66254156543	-0.434928858074	0.736321101045	0.371819121458	-0.346501517174	"Hoe meer je bladert , hoe sterker het gevoel wordt dat je in een wonderlijk circus van taal terechtgekomen bent : nu eens draven er witte <font color=""red"">pony's</font> met roze veren tussen hun oren en een danseres in tutu op hun rug , dan weer doet een gespierde acrobaat adembenemende dingen aan de trapeze terwijl onder hem de grote kattentemmer met zijn zweep klapt of zijn hoofd in een van tanden blikkerende muil stopt ."
pony/noun/DS_20010907_01/7297	a	-1.68812652707	2.52414199154	2.56338921713	0.667496196036	-0.261329337238	-1.21320348274	2.46982760965	1.19764495872	0.110065556509	-0.665759638213	-1.11516314329	0.923364163601	"Als ze zich onbegrepen of triest voelen , gaan ze schuilen en troost zoeken bij hun hond , poes of <font color=""red"">pony</font> ."
pony/noun/DS_20041214_01/15216	a	-2.03087309638	8.9640523218	8.03743203718	0.856011269578	-4.24146554035	-4.84831848915	3.71555914677	5.21336214979	-0.777533357633	-8.0060090256	-5.46990447047	4.80951616772	"Diepenbekenaar koopt verwaarloosde <font color=""red"">pony's</font>"
pony/noun/DS_20051203_01/124488	a	-10.5194201504	6.02952091665	8.55687739069	-1.63371846438	-1.31757747727	-8.16963901402	7.84610786009	0.618046617182	1.31587356373	-4.58069163533	-3.21601818203	3.21627266931	"Geiten , schapen , varkens , kippen , <font color=""red"">pony's</font> hebben het er best naar hun zin ."
pony/noun/LN_19990312_01/124124	a	1.83755308237	-0.818823200658	-1.06556351214	1.28059778053	1.21733036247	1.6558662448	-0.780480107953	0.773055405086	1.21535618277	3.38667248417	4.7757215459	-1.00756495719	"De countryzanger en de rijkswacht zijn er opnieuw.Op beide dagen is er een <font color=""red"">pony</font> te winnen met een tombola ."
pony/noun/LN_19990507_01/104897	a	-1.55983849013	1.69545119348	2.1159893371	0.115888065403	-0.338018158237	-1.04049145961	1.75696547409	0.371720839902	1.40794789819	-1.37250970803	-0.655224028608	2.11126866275	"Voor het springen krijgt hij nu les van Gabriël Tramosur uit het naburige Tubeke.Dat hij het meent met zijn paarden en zijn sport , moet blijken uit het feit dat hij dagelijks anderhalfuur bezig is met berijden van zijn drie paarden en zijn <font color=""red"">pony</font> ."
pony/noun/LN_19990515_01/87772	a	-9.00608022216	-2.80534938171	2.56716661636	-5.48347962751	6.65538724292	-2.27565020775	-0.755531431846	6.68587914061	-5.52929747288	2.89304681417	-1.56477614879	-5.42567673995	""" Ik denk dat mijn <font color=""red"">pony</font> beseft dat ik verlamd ben omdat hij"
pony/noun/LN_19990626_01/79482	a	-4.86419797066	3.55415091013	3.10077940557	-1.22418053106	-1.14889322436	-3.36277736324	2.87517870345	-0.759832379279	2.23444195001	-2.61655107212	-0.777126734776	2.82399375885	"Deze week kan je er vanaf 15 uur ook paarden en <font color=""red"">pony's</font> berijden ."
pony/noun/LN_19990701_01/139399	a	12.6204396637	-3.86124516039	-7.88822772899	-3.54678807531	0.192246264193	9.72174354283	-5.39787958154	-5.81856142031	5.54165090846	6.128291622	7.40321601924	1.44398960596	" <font color=""red"">Pony's</font> 2 - A op chrono : 1. Jeroen Appelen , Fun 0-37.03 ; 2. Yves Meuris , Nebiwer 4-36.06 ."
pony/noun/LN_19990713_01/54484	a	-5.79851070115	4.11512309397	5.16828280233	-1.32960661232	-1.11783815746	-4.30707191251	5.1385790978	-0.458221926374	1.15196633956	-2.59600534713	-1.84382824861	2.21223549225	"Er waren ondere andere dwerggeiten , konijnen , kippen , ratten , ezels , <font color=""red"">pony's</font> , paarden en zelfs enkele koeien ."
pony/noun/LN_19990904_01/18890	a	-2.05568776713	2.75517591869	2.69356585528	-0.462634307785	-0.789656201548	-1.83483586738	2.39738270013	-0.00695656796192	1.34744550239	-2.14716585882	-1.21410511881	1.84110996537	"Een hele namiddag lang kan iedereen de keurwedstrijden voor paarden , <font color=""red"">pony's</font> , zware trekpaarden , vaarzen en koeien bekijken ."
pony/noun/LN_20000307_01/130956	a	1.68473684267	0.68613820818	-0.729073191155	0.766118342398	0.499860224408	1.34021646494	-0.651541550693	0.18511730743	0.701016462084	5.46256401418	5.05268835692	-1.62515119029	"Zondag wordt in Lille ook een indoor voor paarden ingericht en kan men van het gewest Mol een bekwaamheidsproef voor <font color=""red"">pony's</font> volgen bij De Vier Dagmaelen in Kasterlee ."
pony/noun/LN_20000505_01/169764	a	0.573777567483	4.30171343612	4.50250496061	1.24403280965	-2.15769855554	-0.182213458224	2.96375695501	-1.78027052636	5.34617248783	-5.21987963571	-6.94989679298	2.64147304143	""" Er komen warmbloedpaarden , Belgische trekpaarden , rij- en looppaarden , <font color=""red"">pony's</font> , Haflingers en Shetland Pony's . """
pony/noun/LN_20000510_01/83641	a	2.89125855302	5.68533820592	2.20120372984	-6.7106439934	-3.68329729845	1.83658454088	3.89008005825	5.04890777906	-7.60348081696	-0.793223457152	3.28012465744	7.70413432219	"Speciaal eraan is dat de <font color=""red"">pony's</font> zonder zadel bereden worden ."
pony/noun/DM_19991023_01/66356	a	-5.61114752251	1.97126552516	4.56178658802	1.42014842523	0.772812384396	-4.28090300125	4.01280558879	1.67521711474	-0.37811624593	-3.38585645589	-2.47171172337	-0.0526850909516	"Overigens , tot spijt van de antibontactievoerders : bont in het algemeen zet zijn opmars voort , al hebben velen deze winter gekozen voor schaap of <font color=""red"">pony</font> ."
pony/noun/LN_20040911_01/193021	a	-3.07498621261	1.92059890685	4.19230906965	0.650062973526	0.34698881866	-2.25688419916	3.61250546963	1.17903571592	0.641481074038	-3.97312373492	-2.98823772664	2.48868314815	"In een weide aan de Stuivenbergbaan in Mechelen werden de kadavers van een <font color=""red"">pony</font> en een schaap gevonden ."
pony/noun/LN_20040616_01/127699	a	-0.433853948199	5.18565705175	5.2068058903	0.846485083573	0.669933419963	-2.98228241861	3.87682321284	-1.61122811385	5.31110396909	-6.57065890992	-5.81160120833	6.53201743518	"Meer dan tweehonderd beschilderde <font color=""red"">pony's</font> , Brabantse trekpaarden en Arabische volbloeden zullen in kuddes in de stad verspreid staan ."
pony/noun/LN_20050611_01/217287	a	-3.82996790379	1.10038184182	1.82637744536	-0.791439662041	-0.801081767054	-2.40382506272	1.78865820354	-0.720148337369	1.59239935292	-0.516036212673	0.490876611705	1.34780263364	"KLEINE <font color=""red"">PONY</font>"
pony/noun/NB_20030115_01/54764	a	-2.84957886459	0.9673948516	1.57137667005	-0.433900347812	-0.488623954911	-1.50386838708	1.55918480999	-0.297514376187	1.65907492185	-0.521145253154	0.479607522745	1.70080641111	""" Ik reed al vanaf mijn achtste met <font color=""red"">pony's</font> en vanaf mijn zestiende met paarden ."
pony/noun/NB_20021221_01/15861	a	3.83583314756	4.65199530828	-3.53569802015	3.59942181446	1.40653283831	3.95451552498	-3.10687844758	2.60209355004	-0.585870593526	4.15619652708	2.83287260933	-1.56708840539	"Als je <font color=""red"">pony</font> bij manier van spreken slecht uit de wagen stapt , kan je het die dag vergeten ."
pony/noun/NB_20020723_01/114269	a	-0.594311533869	0.789431786039	1.56524270738	0.880715943258	0.427798423539	-0.171343349608	1.29232204991	1.09737016192	0.221242180647	-0.533651889842	-1.11682384681	0.654407930246	"De drie laagvliegers brachten ook nog een <font color=""red"">pony</font> in paniek en een hond koos het hazenpad ."
pony/noun/NB_20011214_01/124621	a	-5.32589029889	2.05140285305	4.77233413428	0.228674940295	0.438756453614	-3.64943078322	4.33739644856	1.06184815987	1.41026915977	-4.02311153142	-2.52515147371	2.33747829318	"Ze biedt ook plaats aan een aantal levende dieren ( ezels , <font color=""red"">pony</font> , geitje , ganzen , dwergkonijnen en schapen ) ."
pony/noun/NB_20011213_01/166914	a	-0.79579657515	-1.87675263392	2.89120425318	3.00332263735	2.38326514132	-0.916070629383	0.0288824473973	2.89886988889	-1.47559653811	-3.68789798	-3.57940324638	2.15640717753	"Volgens de dierenbescherming liet de eigenaar zijn <font color=""red"">pony</font> op een weide langs de Volkegemberg in Volkegem creperen ."
pony/noun/NB_20010905_01/118833	a	27.2337322894	-2.8756704355	-12.9364005195	-7.96303481496	-1.79603769287	19.8361950502	-7.42809056087	-11.8464912311	10.0084633428	8.62988089728	9.32287979217	1.74748531451	" <font color=""red"">Pony's</font> indiv. : 1. Caroline Bommers ( Winsome's Dukaat ) ; 2. Joke De Belder ( Nero Classic ) ; 3. Leslie Goethals ( Thomas Epona ) ; 4. Kim Windey ( Pavarotti ) ; 5. Sofie Snoeys ( Stormy ) ."
pony/noun/NB_20010810_01/125819	a	-1.45146403933	-0.230874775816	1.15090150767	0.707545222056	1.099417767	-0.767542786615	0.999381258555	1.0127402206	0.541060963506	-3.80748616482	-1.84597798161	4.01599816307	"Harry en Carine Malter trokken met hun kolos naar de Gebroeders Van Eyckstraat om op ludieke wijze hun ongenoegen te spuien over de verplichte afbraak van het schuthok van olifant Suzy , hun zes kamelen en vier <font color=""red"">pony's</font> ."
pony/noun/NB_20010801_01/71408	a	6.03797109424	-0.4803310439	-3.44413477914	-0.364126409038	0.0357989838434	4.41216832265	-1.95541100019	-2.04952651871	5.11304780028	5.58357526062	6.41973862244	0.763811526336	"Eerst won ze bij de <font color=""red"">pony's</font> 3 ( Bar ."
pony/noun/NB_20010710_01/65573	a	-0.400122972469	2.53806078749	1.44568760221	-0.561189392264	-0.736074944596	-0.740988495508	1.24938740399	-0.374723572123	1.74473879689	-1.0193304269	0.0109946263514	1.94758955413	"Donderdag , vrijdag en zaterdag zijn er de wedstrijden voor <font color=""red"">pony's</font> en paarden ."
pony/noun/NB_20010703_01/178215	a	-2.0316087903	-0.77363866498	2.61207957444	2.52636697034	0.0342050746827	0.0164533006678	1.93069775671	2.36708320605	-2.27020752553	-2.72826216476	-2.42163270428	3.83935790291	"Een veulen van een <font color=""red"">pony</font> werd er dood aangetroffen ."
pony/noun/NB_20010531_01/229391	a	31.0411024667	-1.70263758521	-16.2212572934	-11.9839725176	-1.49190474565	21.8120983075	-7.85634817657	-17.5806081238	12.2759265622	8.37686667066	13.6996261862	3.09306650483	"E4 <font color=""red"">pony's</font> :"
pony/noun/NB_20010514_01/122897	a	4.76572094016	5.46474142409	-3.51076079852	3.96686434982	-0.445978792357	3.95640385376	-4.14124827773	2.0873109973	-1.58873348953	4.36042423598	3.05425054381	-2.95810506248	" <font color=""red"">Pony's</font> verlossen atheneum van gra(a)s- probleem"
pony/noun/NB_20010418_01/13774	a	3.74941063428	-1.51046527671	-2.2862927246	0.506094028791	3.38332446971	1.84467133167	-1.83749286325	-0.709814149308	-3.72832880662	-5.07989070697	3.97545819182	-2.29571649192	"Vanaf 14.30 uur organiseert de Leeuwse ponyclub ritjes met <font color=""red"">pony's</font> langs het kanaal ."
pony/noun/NB_20010330_01/139472	a	-1.04928861942	0.424695110828	1.85971270231	1.21203859464	0.608766856315	-0.514177860786	1.69997544343	1.31034869262	0.124168447569	-0.478474476508	-1.14392807318	0.727400593609	"Een kindercarrousel met <font color=""red"">pony's</font> , een topattractie bij peuters en kleuters , kan dus niet . """
pony/noun/LN_20040911_01/97943	a	-4.23366956605	1.25638265688	4.28256084362	0.332302780848	0.885943793646	-2.71131511969	3.85747337279	1.03126116211	0.57747072961	-3.70116417425	-3.02204777199	2.60075834064	" <font color=""red"">Pony</font> en schaap geslacht in weide"
pony/noun/NB_20030308_01/256520	a	-4.86955822054	3.73774393291	3.82367011421	-1.08444775364	-1.15494042204	-3.48475723791	3.94767934526	-0.170341861473	1.50796056018	-2.35412459336	-1.38269235555	2.23762585528	"135-145 ; wit-blauw vaars 250-375 ; vaarskalf 75-135 ; schapen/geiten : magere schapen 44,52-59,49 ; slachtdieren 59,49-80,57 ; extra schapen 83,04-135,34 ; extra lammeren 1,61-1,98 ; melkgeiten 24,79-49,58 ; jonge geiten 12,39-42,14 ; oude geiten en bokken 9,92-37,18 ; varkens : zeugen 0,37-0,57 ; biggen ( basis 20-23 kg ) 25-29 ; biggen ( overkilo's ) 1,00 ; paarden/pony's : paarden 619,73-929,60 ; <font color=""red"">pony's</font> 99,16-421,42 ."
pony/noun/NB_20010213_01/107637	a	-2.67289541222	1.93829876044	3.66255989558	0.0974447609114	-0.17250767456	-2.01873919432	3.03594627789	0.621424176931	0.89934558488	-1.64485378133	-1.31751490932	1.60287612463	"Blijkbaar hadden onbekenden de levenloze <font color=""red"">pony</font> in het water gedumpt , maar het dier was komen bovendrijven ."
pony/noun/NB_20030404_01/210627	a	-4.61467366541	3.66486068216	4.0782719032	-0.834379299844	-1.04099388893	-3.4997920294	3.9194027042	-0.162925257867	1.52877740577	-2.3778249869	-1.36592012082	2.24636315772	"135-145 ; wit-blauw vaars 250-375 ; vaarskalf 75-135 ; magere schapen 44,52-59,49 ; slachtdieren 59,49-80,57 ; extra schapen 83,04-135,34 ; extra lammeren 1,51-1,98 ; melkgeiten 24,79-49,58 ; jonge geiten 12,39-42,14 ; oude geiten en bokken 9,92-37,18 ; varkens : zeugen 0,50-0,70 ; biggen basis 20-23 kg 25-27 ; overkilo's 1,00 ; paarden 619,73-929,50 ; <font color=""red"">pony's</font> 99,16-421,42 ."
pony/noun/NB_20030730_01/170297	a	22.4477688716	-1.87046762111	-13.1906878461	-9.61344135968	0.399223265802	18.1578208492	-5.95389173006	-12.4995239215	8.18074722901	6.81845335902	10.0320916648	2.76562831432	" <font color=""red"">Pony's</font> 1.00 m : 1. Koen Buyl ( Hattrick Jim ) ; 2. Geoffrey Geerts ( Valentijn ) ; 3.-4 ."
pony/noun/ad19990401/73020	a	-1.36959654058	0.858846702281	2.10021493049	0.509319132396	0.301315296882	-1.00453859959	1.65767002751	0.749229311907	1.23792952316	-1.34454989087	-0.85424590758	1.88592087336	"De Paardenencyclopedie van uitgeverij Rebo Productions rekent echter tot de <font color=""red"">pony's</font> ` alle paarden met een stokmaat van minder dan of gelijk aan 1,48 meter ' ."
pony/noun/ad19990120/6615	a	1.05928274427	-2.31495810273	-1.06008998804	1.51566791801	2.43671513608	1.08153425219	-0.984170711244	0.909343677847	0.747348005632	2.15105586562	1.99552089797	-0.0952194398317	"Eén <font color=""red"">pony</font> moest direct worden afgemaakt , twee zijn nog in levensgevaar ."
pony/noun/NB_20050830_01/55267	a	-1.55276909462	0.964379310243	2.18673960578	1.17930715214	0.555032085221	-0.717134843232	1.94124931571	1.23714425395	0.79536680993	-4.63645184872	-3.3742844796	2.26053247055	"Eenden , ganzen , pauwen , hanen en kippen , een <font color=""red"">pony</font> : de woonst van Denis Verschueren aan de Bevelsesteenweg in Itegem heeft veel weg van een dierenparadijs ."
pony/noun/NB_20050616_01/9073	a	-1.5467898606	2.57350153502	2.57909981536	-0.401940547584	-0.766109297218	-1.31767728496	2.16224490481	-0.0558783733772	1.4631774865	-1.39693364381	-0.779327564311	2.21555652514	"De paarden van de Sint-Martinusruiters en de <font color=""red"">pony's</font> zijn het er al gewoon ."
pony/noun/NB_20050614_01/72712	a	-2.69424648454	2.17435965826	4.13013911191	-0.82691116352	-1.01864269296	-1.59864168751	3.64182971903	0.155934530192	2.07293911218	-1.78196358256	-0.947492520427	2.5718481692	"In de Tiegemstraat belandde een <font color=""red"">pony</font> in een weide ."
pony/noun/NB_20050604_01/153542	a	-1.73907792537	3.07455820234	2.5922694428	-0.345924656964	-0.902478335508	-1.42876454674	2.32976159931	-0.109384675295	1.73123667764	-2.72270273682	-1.72073036642	2.96071569429	"Speciaal voor hen zijn er paarden , <font color=""red"">pony's</font> , struisvogels en ander pluimvee bijgekomen naast de rundveestapel ."
pony/noun/NB_20050423_01/154877	a	-1.07636281329	2.35067115514	2.09261746446	-0.659774591544	-0.784825232023	-0.91189937659	1.80350626704	-0.229617714053	1.52250541738	-1.17423606909	-0.387380660591	2.1745851227	"Het looppark stond open en twee <font color=""red"">pony's</font> zijn verdwenen ."
pony/noun/NB_20050305_01/141725	a	0.42521890567	3.97587881766	1.12225797558	-1.56738654438	-1.77822059847	-0.338842252229	1.08794635237	-1.49257409218	1.77516810458	-0.803836411226	0.137299092493	1.83612069806	"Op zaterdag komen de <font color=""red"">pony's</font> in actie ; op zondag de paarden ."
pony/noun/NB_20040925_01/54698	a	0.198561809305	-0.989272804347	0.414450175918	-0.586910688825	0.1517257887	0.370563132041	0.686641236905	-0.89825191631	4.66151895152	-1.28134936196	0.759961005169	4.71404153269	"De prijskamp is verdeeld in de categorieën warmbloed- en renpaarden , pony's met een maximum grootte van 1 meter en <font color=""red"">pony's</font> met een maximum grootte van 1 , 47 meter ."
pony/noun/NB_20040724_01/1067	a	7.55234754197	3.94596279844	-2.3843150587	-3.69588402302	7.87709653548	-2.67149736498	-3.8255783742	1.3044686243	-2.2543661793	9.59020604312	2.75021302601	-6.68431414516	"Lichtvliegwezenlaan.14 in 2490 Balen zetten honderden <font color=""red"">pony's</font> hun beste beentje voor ."
pony/noun/NB_20040214_01/295729	a	-1.01178648574	5.06931077168	3.12807424903	-1.7383443184	0.265200022052	-2.82723313977	3.48429175281	-1.16663802661	2.33811566402	-4.53917980026	-2.89868446966	4.04131603425	"Wel in seksegenoten bij de ezels , kamelen , <font color=""red"">pony's</font> en yaks ."
pony/noun/NB_20030927_01/166285	a	1.97672282429	1.59355681806	0.358450138077	-1.21031722588	-0.907030632655	0.956984634776	0.751985033291	-1.39864743227	5.36456285311	-1.63104164862	0.466216870889	5.26246407726	"De prijskamp start om 9 uur en is verdeeld in volgende categorieën : warmbloed- en rijpaarden , pony's met maximumgrootte 1 m en <font color=""red"">pony's</font> met maximumgrootte 1,47 m. Inschrijvingen in het gebouw van de CM , uitbetalingen in het Gerstenhof ."
pony/noun/NB_20030806_01/169026	a	23.5471158468	-2.53549982667	-14.8673495157	-7.89378776153	1.31562384283	17.8608879381	-8.02144657564	-12.6565571828	7.36386390988	6.93993249654	10.3482309621	1.48609434235	"Finale <font color=""red"">pony's</font> : 1. Koen Buyl ( Hattrick Jim ) ; 2. Geoffrey Geerts ( Valentijn ) ; 3. Saidja Brison ( Amber ) ; 4. Eliane De Beule ( Carnaval Kid ) ."
pony/noun/NB_20030731_01/861	a	0.857984600501	0.352240463254	-0.053002780442	0.428519987445	0.617740484281	0.788214938868	-0.099268788453	0.238912235047	1.77530934935	3.10431318266	3.35102075581	0.340383310307	"Om de twee uur worden in Maldegem de <font color=""red"">pony's</font> gemolken"
pony/noun/NB_20030731_01/1141	a	-0.740659659783	0.83996655905	1.28301456153	0.404475422939	0.187016926449	-0.445445038646	1.06085062293	0.481534637257	1.8591447639	-0.522319365801	0.409181753971	1.79200028106	""" Gasten kunnen een ritje maken op één van de New Forest <font color=""red"">pony's</font> en ook gasten met een eigen paard kunnen hier terecht want we hebben een aantal stallen beschikbaar ."
pony/noun/NB_20030619_01/112113	a	4.14116362093	3.25128683161	-2.63968677191	3.00691817035	-1.44686317501	3.05263430874	-0.961730332155	4.5539964975	-1.55057391596	2.41259986968	2.14527474599	-4.30059023983	" <font color=""red"">Pony</font> verloot"
pony/noun/NB_20010109_01/136005	a	-0.937063277898	3.02238509644	1.34730515118	-1.16584277087	-1.45094744874	-0.717553331522	1.51437544037	-1.00946116818	1.97492418452	-0.219675628201	0.665883752956	1.6979868644	" <font color=""red"">Pony's</font> zijn natuurlijk geen paarden , maar ik kan de komende jaren"
pony/noun/NB_20010320_01/242525	a	-1.17946715788	-1.88602709098	0.457051287807	2.64336058615	2.53722534744	-0.0202850876462	0.351290150092	2.4693780912	-0.912937559335	0.764303523758	0.18948056489	-0.646714427215	"Het gedicht over een kind dat sterft als het haar zin - ""een <font color=""red"">pony</font> voor niet zoveel geld"" - niet krijgt ."
pony/noun/NB_20001116_01/292413	a	-0.581163166546	-6.51165435519	-0.236501159819	-3.36411493099	-4.11260132108	0.153558044065	-1.18572742314	-3.13561237531	-5.05577751433	3.74046804418	2.64382357774	-5.26202531888	" <font color=""red"">Pony's</font> 70 cm :"
pony/noun/NB_19991021_01/219459	a	21.6460065869	-2.31967870713	-7.86153346167	-7.29865264812	-1.67177955934	16.5238620722	-4.57950810481	-8.74877835282	7.97229254294	6.24151090229	7.3124135272	2.02588146496	" <font color=""red"">Pony's</font> vlucht aangespannen - 600 m :"
pony/noun/NB_20001202_01/193079	a	-5.11195232671	3.5332498124	3.9594516669	-0.974694520161	-1.09343917472	-3.55049340008	4.13807697961	-0.191324297418	1.22215528811	-2.51784168183	-1.50607400028	2.14918254044	"rund en daarna voor varkens , <font color=""red"">pony's</font> en paarden ."
pony/noun/NB_19990619_01/144714	a	21.9598229608	-8.49969134681	-12.211564396	-8.31507801255	-1.98686893759	18.2732260426	-5.90378013575	-11.3270085877	3.73461129043	11.6986725222	9.25179589647	2.73354130797	" <font color=""red"">Pony's</font> vlucht aangespannen -"
pony/noun/NB_19990619_01/144573	a	17.1860709446	-4.5000852959	-9.91615961608	-5.68087975965	0.095734569317	13.0291391872	-4.95710495202	-8.73816637502	6.71824112527	6.09992937249	8.23098037526	2.99486264614	" <font color=""red"">Pony's</font> vlucht bereden -"
pony/noun/NB_19990610_01/16847	a	0.285890704921	0.219602403055	0.568484298472	1.63859523179	0.274965572579	0.49770123473	0.29998768767	1.23928313961	-0.62555107084	1.66138035348	1.23724217503	-0.666960743616	"Jeanine De Vries haalde overwinningen met haar shetland <font color=""red"">pony</font> Mistral ."
pony/noun/NB_19990520_01/131771	a	13.2955859825	-3.68857376274	-8.50620377225	-2.43019480952	1.01315893608	9.922889842	-3.95218591006	-7.03600544749	4.54998475741	5.53704401713	7.36739243318	3.58632131778	" <font color=""red"">Pony's</font> vlucht bereden $= 600 m , eerste reeks :"
pony/noun/NB_19991021_01/242985	a	27.255114717	-7.65610757378	-14.906818336	-10.2675558696	-0.666291992894	20.4527924112	-8.21230047672	-14.7496669341	10.6203559993	8.84280027563	12.5862909991	3.97719712728	"Dubbelspan <font color=""red"">pony's</font> : 1. Roger Vercruyssen ; 2. Marcel Van Hecke ; 3. Martin De Cock ."
pony/noun/NB_19990430_01/83149	a	0.519816049839	1.11554264244	0.532082259062	-0.565997485247	-0.259988660274	0.147105402998	0.695381102857	-0.565438174042	1.56984723556	-0.110674733615	0.461449222383	1.51188449411	"De Landelijke rijvereniging Vosseruiters ontvangt dit weekeinde , op 1 en 2 mei , meer dan 500 <font color=""red"">pony's</font> en paarden voor een ruitertoernooi ."
pony/noun/LN_20050907_01/8099	a	0.942052571226	-0.558719169019	0.235570301898	2.61638301878	1.6366848709	0.919727697247	-0.120373090434	2.1909322386	-1.95652666746	1.43658938597	-0.911569599336	-2.76497435069	""" <font color=""red"">Pony's</font> helpen verkrachting te verwerken """
pony/noun/LN_20050818_01/163343	a	-1.68135841933	1.12283076792	2.0611360086	0.906332078845	0.507215850911	-0.806822882848	2.03835659806	1.29268680565	0.018386605114	-1.12164248595	-1.32175955233	0.958734395272	"Bij hem thuis lopen onder meer honden , een <font color=""red"">pony</font> , pauwen en kippen rond ."
pony/noun/LN_20050716_01/139251	a	1.01725516651	2.17810498862	1.97333891474	3.73069085431	2.2592941594	0.488281300715	1.20655180465	3.07444207023	1.28466385122	-8.21510475302	-4.86758431916	7.68922357505	"Donderdagmorgen kantelde een betonmixer nadat de chauffeur moest uitwijken voor een loslopende <font color=""red"">pony</font> ."
pony/noun/LN_20050714_01/183324	a	-0.524476113954	1.22035245698	1.23672080534	0.25215240836	0.139983753889	-0.434708918994	1.02611182238	0.425746176919	1.22883118404	-0.852470241787	-0.252486457959	1.4102585665	"Op dinsdag wordt op het prachtige domein een open trainingsdag voor <font color=""red"">pony's</font> en paarden georganiseerd , op woensdag organiseren de Christiruiters een evenement met een veteranenwedstrijd als slot ."
pony/noun/LN_20050714_01/181586	a	-1.75204199114	1.50000419709	2.42062130575	0.147971649692	-0.0901206910185	-1.19437415369	2.10390380284	0.560970871428	0.841391499586	-1.39212624438	-1.00225465606	1.55858687667	"De brandweer van Oudenaarde kon enkele paarden , een <font color=""red"">pony</font> en een hond uit de brandende schuur bevrijden ."
pony/noun/LN_20050623_01/59943	a	-1.24459916946	2.53353378204	2.22204726758	-0.755292288383	-0.805096704289	-1.28052581776	1.96356653468	-0.158212353541	1.91518187726	-1.70275814044	-1.02190047247	2.56027834847	"In de Vijfde Januaristraat staan <font color=""red"">pony's</font> en paarden aan de koord ."
pony/noun/LN_20051119_01/187660	a	-2.59385545944	-1.58884433338	1.34689233997	-1.25694267546	2.27373778584	-1.48378824158	1.38717594154	-1.02206850039	4.36625422819	-1.73697446087	-0.267222054495	5.36474502131	"Brandweer moet ontsnapte <font color=""red"">pony</font> uit waterput redden"
pony/noun/NB_19991112_01/252307	a	-4.23217489177	0.288354240838	3.23040789112	1.53789092946	1.05714695435	-2.70976763844	2.97473509252	1.45138049789	1.38103052204	-4.54052035374	-3.09494770988	3.41343603278	"In het grote park met kamelen , <font color=""red"">pony's</font> en lama's zijn er zelfs geen stallen ."
pony/noun/NB_19990702_01/152771	a	-1.78253208568	2.20261826241	1.33462618588	-0.632991089183	-0.831314409822	-1.09758285248	1.37513046144	-0.565813092428	1.75603427705	-1.14294459941	-0.0173447882906	1.91794732049	"Wie van <font color=""red"">pony's</font> en paarden houdt moet op zondag 4 juli , en op zondag 11 juli naar de terreinen van de Landelijke Rijvereniging De Tempeliers , langs de Rogierveldstraat in Oedelem ."
pony/noun/NB_19991113_01/83068	a	-3.28203485324	-1.63690572322	2.94131145857	3.00653485586	2.15740333901	-1.95000909229	2.82297361873	2.77978600422	1.07347999881	-5.45499836264	-4.7629598177	3.64939629537	"Een koe met een gebroken hoorn bleef zonder verzorging , evenals een <font color=""red"">pony</font> die een diepe snijwonde opliep , een handelaar plaatste runderen , ezels en pony's in één en dezelfde stand ."
pony/noun/NB_20001012_01/203746	a	-0.41759517437	2.02267379771	1.19162031579	-0.263560589645	-0.549971155065	-0.525854431213	0.947614531735	-0.158742170043	1.26177710677	-0.756407755644	0.182779867007	1.40430514424	"De stoet vormt het hoogtepunt op zaterdagmiddag , maar de rennen voor paarden en <font color=""red"">pony's</font> op de gelegenheidshippodroom langs de Breestraat lokken op zondag honderden supporters naar de Molenwijk ."
pony/noun/NB_20000719_01/117222	a	2.49225540908	-0.346048720935	-1.66955326465	1.43446747994	1.30142545753	1.76721730851	-1.52315463497	0.629242424163	1.75295776296	3.62630501271	4.1048017124	-0.186678678672	"Vrijdag en zaterdag vinden op d'Heyboght de wedstrijden plaats voor de Beker van België voor <font color=""red"">pony's</font> ."
pony/noun/NB_20000711_01/177805	a	2.6768967477	1.93205980217	-1.07857212506	-0.0706476464709	-0.439886742674	1.96251882763	-0.52485044217	-0.50187912755	2.52436536848	4.02460660545	4.43538256039	0.737997304846	"We kunnen ons alleen beperken tot het CSIO voor senioren , maar ik ben van mening dat ook de junioren en de <font color=""red"">pony's</font> bij ons hun plaats hebben . """
pony/noun/NB_20000629_01/121156	a	-1.2457788384	-1.24679597146	1.09135584635	2.21165140332	1.70902603369	-0.408552584716	0.792915440816	1.76338492643	-0.524283574313	1.13937697816	0.873934060366	-1.09715084274	"Zaterdag zijn er vanaf 11 uur workshops en een natuurkamp met sport , spel , muziek , avontuur en <font color=""red"">pony's</font> ."
pony/noun/volkskrant20040626/85075	a	-2.11975778025	1.92413222006	3.08761051236	0.801047997945	0.67230395148	-1.59624451842	2.5652853871	1.06693498284	1.73048382255	-4.4682087443	-3.27912096784	3.40195218038	"De Franse organisatie Arts France , die de geiten , eenden , kippen en de <font color=""red"">pony</font> leverde voor de serie , wil een rechtszaak beginnen tegen producent Endemol ."
pony/noun/NB_19991213_01/122867	a	-0.467414792644	1.69194041599	1.57818787804	-0.0971395474952	-0.347352355313	-0.38785029501	1.32754628179	0.129846602936	1.0826711829	-0.565101430609	-0.283840903407	1.59573275847	"Drie jaar geleden heeft Frans bij ons een <font color=""red"">pony</font> gekocht voor de dochter ."
pony/noun/NB_20000419_01/208655	a	4.57501654427	-7.48080607694	-2.23674072078	-4.8242024337	3.03754426338	6.08995103624	-4.29301867845	-2.58536092497	3.07860588294	2.76539636269	4.82423862655	0.465596258236	""" Ik rij al vier jaar <font color=""red"">pony</font> "" , gaat Gudrun verder ."
pony/noun/parool19990622/55101	b	-1.17462893579	-2.75652650438	0.534981388575	4.48532088537	3.39453997987	-0.0125734154381	-0.0428599697728	3.99918653517	-1.40725791798	1.7291264059	-3.29224011588	-7.3092333277	"Bijgekomen van hun kapsels ( die <font color=""red"">pony</font> ! ) krijg je direct opnieuw een lachstuip als je ogen zijn beland bij hun rokjes ( roodwit geblokt , tot net boven de knie ) en pumps ( witte Oostblokstappertjes ) ."
pony/noun/volkskrant19990123/28992	b	0.0596124528513	0.451767998067	1.05091703431	1.97609902186	0.345799845462	0.261809824222	0.715115711879	1.57162555902	-0.76380824269	1.35643555249	0.69025865149	-1.07842119983	"DE KLEINE VROUW met de korte <font color=""red"">pony</font> en de rechte bril laat zich niet van de wijs brengen door de technicus die moppert en allerlei kabels lostrekt ."
pony/noun/trouw19991208/24700	b	-2.47313707486	0.700361216271	2.14278966212	3.19514216189	1.31913702653	-0.913424241517	1.65891687767	2.88093264059	-8.02340632485	2.36831326389	-4.04463573649	-6.42573581037	"Want die drie maanden zonder kapper eisen hun tol : Maurice , Karin en Ruud laten het gewoon groeien , Bart knipt zijn <font color=""red"">pony</font> zelf en Willem heeft omwille van de kijcijfers spijt dat hij zich onder handen heeft laten nemen door Karin ."
pony/noun/parool20030912/45114	b	0.930881779869	2.26864174032	0.945622253843	0.789862872558	-0.655436466574	0.622137025918	0.657207050173	0.409841254248	-0.272665718727	1.14879194555	0.52149818087	-0.802591301121	"Op een dag wordt u wakker en dan is het zo ver : de <font color=""red"">pony</font> is helemaal terug ."
pony/noun/parool20021003/7753	b	-2.94597605836	-3.20206480027	0.635288448727	4.00122048247	3.39112026828	-0.990325125777	0.0116804931634	3.74274077572	-1.37844047144	1.15744249498	0.1293180109	-1.73569275561	"En het blonde meisje dat mijn <font color=""red"">pony</font> bijknipte , concludeerde zedig dat ze haar oordeel maar eens zou opschorten ' tot ze het boek gelezen had ' ."
pony/noun/LN_20030906_01/233803	b	0.663098299291	-1.48473843119	0.323380224802	2.80583783316	2.03467526951	0.620332315686	-0.169305630219	2.52192337857	-4.41532028585	2.61271154504	-1.31466625565	-4.50734594879	"Een speciaal accent : de <font color=""red"">pony</font> in een andere kleur ."
pony/noun/nrc20000629/72889	b	-2.07236414694	-3.22826204319	1.14599359407	4.13173496525	3.12138046901	-0.803989768021	0.747430469899	3.80523702007	-4.51329095311	0.826341109489	-2.18557082869	-3.94967360217	"Huffels constateert op de catwalks vooral : "" Gezond haar , met een zijscheiding , soms een <font color=""red"">pony</font> ."
pony/noun/volkskrant20020214/85394	b	-0.592715855044	-2.0052200003	0.964595189129	3.57352261806	2.41171580952	0.103484398847	0.176080396612	3.18643028601	-6.96340134046	0.592796538139	-3.77058860061	-4.89674374441	"Zijn zwarte haar is in een dikke <font color=""red"">pony</font> gekamd , die rijmt met de jaren zestig-diashow die achter hem wordt geprojecteerd ."
pony/noun/parool20020704/15501	b	-0.449581622952	-0.547972336004	0.65851768643	1.72297284935	1.17551221996	-0.00616370682145	0.395318020095	1.38390160121	-0.118840834884	1.25300159745	0.955592778325	-0.50635153091	"Ik zie een man voor me met lang melkboerenhondenhaar en een idiote <font color=""red"">pony</font> ."
pony/noun/nrc20010226/12508	b	-1.47562550307	-2.8934338264	0.649510073915	4.1754846766	3.24386743327	-0.439312931386	-0.178589341363	3.58539658533	-0.891416271668	1.80371289096	0.425294505237	-2.07845984045	"Aldus geschiedde , met als resultaat ` een waanzinnig donkere <font color=""red"">pony</font> ' ."
pony/noun/volkskrant20010503/66193	b	0.920313778598	2.88970241788	1.21678632499	2.65322678665	1.92551833363	-0.803897648774	0.848225688051	2.90867063992	-4.83610315497	1.36802452152	-2.34191299406	-4.29206013154	"De poes wierp haar jongen , de kapper knipte <font color=""red"">pony's</font> en paardenstaarten , de soep pruttelde in de pan ."
pony/noun/parool19990316/67144	b	-0.304626346423	0.230676618035	1.06031462963	2.03863065525	0.381488718926	0.153864064558	0.877920773011	2.0907685985	-0.502423199386	1.08111572983	-1.12814963326	-3.86751695296	"Hij wijst op de verhoudingen in het kapsel , de korte en lange plukken in de <font color=""red"">pony</font> maken dat het beeld met het lange haar klopt ."
pony/noun/BL_20040730_01/20592	b	-1.13762936778	-0.326864109107	1.18504454892	1.43413347321	1.19400681539	-0.451888114555	0.971072564968	1.54687219848	-0.548050489792	0.836746598689	0.360858377486	-0.367387857478	"Vrouwen veranderden hun <font color=""red"">pony</font> ook nog eens in een torenhoge kuif ."
pony/noun/parool19990403/2008	b	-8.43470031935	-7.58859484162	0.659121419971	8.91396998054	6.92536992709	-4.55210901712	0.0403211240237	8.68408177838	-7.57096608795	2.12341488222	-3.70026086981	-6.48233760407	"Oh , alleen mijn <font color=""red"">pony</font> laten knippen ."
pony/noun/ad20031227/26779	b	0.793525179867	0.610615547158	0.181027656428	1.45261571885	0.381160464002	0.69728320995	-0.0255643158796	0.920999572336	-0.00305120973596	1.49077505942	1.09539786554	-0.777930129071	""" De softe look : transparant , glans en aquarel in de make-up en natuurlijke kleuring en valling , mét <font color=""red"">pony</font> , op haargebied . """
pony/noun/nrc20000629/72763	b	5.41094271338	-0.730191438586	-1.99252292623	3.66047389276	2.93917893998	3.10371258041	-2.7473222961	2.22044078897	-7.60658176734	3.56827250822	-2.91033003868	-3.89500090633	"Zij schromen niet om <font color=""red"">pony's</font> extreem kort op de huid te knippen , de ene helft van het haar af te scheren en de andere helft te laten zitten of het bloempotmodel als hippe coupe te introduceren ."
