token	label	LeNC44.ppmi.x	LeNC44.ppmi.y	LeNC77.ppmi.x	LeNC77.ppmi.y	LeNC44.L1LLR.x	LeNC44.L1LLR.y	LeNC44.L1LLRx5.x	LeNC44.L1LLRx5.y	LeNC77.L1LLR.x	LeNC77.L1LLR.y	LeNC77.L1LLRx5.x	LeNC77.L1LLRx5.y	text
piraterij/noun/BL_19990219_01/19404	b	0.969189178798012	0.23352997449234	1.30742613743068	2.11458620632616	-0.242112569668479	-0.0237759897686291	-0.00674257895913194	0.950410742242039	0.716861037621865	0.927109251333514	-0.356913979991326	0.0277254499463346	" <font color=red><b>Piraterij</b></font> is een oud zeer , dat door de komst van de cd-writer nog veel actueler is geworden ."
piraterij/noun/BL_19990219_01/19625	b	-4.66094623881374	-0.11212935475589	-4.00708001498559	3.13046565005148	-1.55456116384531	2.18413700245777	2.09448472582396	2.52852533188921	-1.01806182626131	2.50735260955339	-3.35557219737624	3.02313255520173	"Maar die <font color=red><b>piraterij</b></font> is maar een deel van het verhaal ."
piraterij/noun/BL_19990303_01/56718	b	3.92493389394339	3.3405277082911	2.72367651148849	-1.82043184640898	3.04293722459281	-4.10975054559563	-3.77465647371533	-2.18148194967796	2.92446871023479	-0.538755230991324	3.82075367213969	-4.05318671748904	"Het is Sony menens in de strijd tegen de <font color=red><b>piraterij</b></font> ."
piraterij/noun/BL_20000623_01/63451	b	0.254754497222345	-0.647391787525029	-0.654461689462441	7.31127209028486	-0.959048052616052	-0.260026921904297	-0.531654164871458	1.84519526041933	1.07974302950652	1.57855807349965	-1.58078384728307	-1.39474663612406	"UEFA kapittelt Belgische voetbalbond - ISL beschuldigt sponsor Interbrew van <font color=red><b>piraterij</b></font>"
piraterij/noun/BL_20000715_01/31395	b	-0.88647827269373	1.41603540469474	-1.16863177767587	0.568818497121538	1.10819513222374	-0.945368587487877	-0.256770051290199	-0.530902304045106	1.19559982638623	0.112395750188418	1.95358209164309	-0.229651778273883	"Het protest van de artiesten tegen de <font color=red><b>piraterij</b></font> op het internet was niet in dovemansoren gevallen ."
piraterij/noun/BL_20000826_01/63927	a	-0.685109590726069	-1.95086510738771	-0.685614416188399	2.40394812958688	0.730417458651914	1.74128792277776	2.17580086409953	0.596110526000235	0.067191239976428	0.698488868354369	-0.29923134914746	1.52955134132828	"Tegenwoordig gaat het blijkbaar anders , aldus Dave Bakx van Scaldis Salvage , en is de <font color=red><b>piraterij</b></font> verdwenen ."
piraterij/noun/BL_20051224_01/46887	b	-0.00377380877826156	0.011946362036821	1.65630228661007	1.30623094478669	-0.456251478817921	0.0445502520198865	-0.0495179030415882	1.08326787087683	0.804714063839992	1.0593096783778	-0.542767602419995	-0.00352781749400704	"De vele kerkkoren van het land die dit weekend rondom de kerststal liedjes zingen , riskeren een boete voor <font color=red><b>piraterij</b></font> ."
piraterij/noun/DM_19990210_01/4256	b	-0.180707647960543	0.742922038500987	0.182903416434176	0.527596752414023	1.2947387376337	-0.455722334624145	0.158540957377133	-0.413161648657376	0.752915376649996	0.122411009464344	1.64098985694135	0.289410209556898	"De bedoeling van dat ontwerp van richtlijn is de auteurswetgeving in de lidstaten te harmoniseren om zo de uitgevers van boeken en tijdschriften , platenmaatschappijen , film- en televisiebedrijven en producenten van computersoftware in het digitale tijdperk efficinter te beschermen tegen allerlei vormen van <font color=red><b>piraterij</b></font> ."
piraterij/noun/DM_19991113_01/19897	b	0.430795981475258	-0.470170628060212	-10.0770780179387	1.39048401614145	-1.03244404108481	-0.211981514421158	-0.374384398982248	1.89608139552884	1.17271234731095	1.91512304709167	-2.40320044125516	-1.80233426150353	"Drugshandel , afpersing , prostitutie , valse documenten , <font color=red><b>piraterij</b></font> van videocassettes , woekerrentes en gokken ."
piraterij/noun/DM_19991203_01/37371	b	-1.23449758907038	3.73544745494112	-0.0542713642726884	-0.676294224647631	-1.80521904009922	-0.919010168985313	-1.78804081292945	1.85542196495627	-0.0762554137187563	0.86222003985305	1.47022295880151	2.12257736846497	"" Jongeren moeten zich bewust worden van de impact van illegale <font color=red><b>piraterij</b></font> " , legt Olivier Maeterlinck uit ."
piraterij/noun/DM_20000224_01/34519	b	0.837302015644064	0.864211999534695	1.03545449379207	0.481029951896852	2.58161899305739	1.13540292591571	2.13674786957439	-1.46327455834373	-0.0521285052783877	-0.753422046757983	3.46004100937593	2.14773987172173	"Via de bestaande akkoorden worden de ontwikkelingslanden bijvoorbeeld gedwongen patenten te erkennen die westerse multinationals door biogenetische <font color=red><b>piraterij</b></font> hebben verworven ."
piraterij/noun/DM_20000722_01/43076	b	-2.5198350959361	-2.19015313639358	-2.17852799928821	0.492833631636604	-2.84287293006913	3.01662449278104	4.23341959447949	2.39244793462601	-2.08207204595279	0.82249648465559	-0.878572412266255	6.96410126321073	"Vorig jaar kostte die <font color=red><b>piraterij</b></font> de Europese platenfirma's 56 miljard frank , zo maakte de IFPI , de vertegenwoordiger van de Europese muziekindustrie , vorige week bekend ."
piraterij/noun/DM_20001117_01/34893	b	3.24256688954522	-1.51546352246067	3.36294269000185	0.0338174239156151	1.79683458298603	0.898364267498283	1.41190185899038	-0.342006172100056	0.737075522572156	0.0305378270686317	1.62720612783355	0.0973004867541313	"Meestal worden ze niet volledig gecompenseerd voor de verliezen die ze lijden door <font color=red><b>piraterij</b></font> ."
piraterij/noun/DM_20010704_01/5844	b	6.97122602342614	1.47676708363433	6.56092178680755	-3.81412540251043	-1.53364778475133	-1.44379532310141	-1.74912325895462	2.11891427914426	1.99906546007418	1.86635136969486	-1.35263124591459	-3.72102858104922	"De Europese Commissie werkt aan een voorstel van richtlijn ter bestrijding van de <font color=red><b>piraterij</b></font> ."
piraterij/noun/DM_20020304_01/30498	b	-3.32985167166611	0.0283137735850744	-2.7375231262513	0.753593464382005	-1.52775726516459	4.04295701339631	4.55714451181277	1.35012078769845	-1.61820473282333	1.36687307020135	-0.744004031485267	6.10138696445283	"Volgens IFPI heeft digitale <font color=red><b>piraterij</b></font> alleen al de platenfirma's meer dan 2 miljard euro gekost , oftewel 5 procent van de cd-verkoop ."
piraterij/noun/DM_20021204_01/10026	b	0.834243823334205	-0.946231151094216	4.25984337960546	3.08443037399719	-1.04567245742921	-0.0582971224689069	-0.422407179157189	2.04581283601709	1.17057768538794	1.76266648082183	-1.86676560302179	-1.80415608754497	"Met die uitspraak , vorige week op een Spaans radiostation , heeft Manu Chao de discussie over de cd-prijs en <font color=red><b>piraterij</b></font> weer hoog doen oplaaien in Spanje ."
piraterij/noun/DM_20021204_01/10723	b	0.762908255821807	10.5002142332201	7.10007118870434	-7.93218908475011	10.7509826602562	9.69283265538492	9.3605704232473	-9.89744154804623	-4.00303221108734	-7.82302242725372	20.7489374404848	4.6828115397449	"Maffieuze <font color=red><b>piraterij</b></font> kan niet , vindt hij , maar piraterij</b></font> voor persoonlijk gebruik moet kunnen ."
piraterij/noun/DM_20030213_01/22634	a	0.750332421089882	0.305539358061645	1.70825137237487	0.956997527469679	0.355538569091597	1.16587807265114	1.52856076940135	0.118274363453039	-0.0210354160864116	0.0216828890044067	1.55191051434176	1.64950980976786	" <font color=red><b>Piraterij</b></font> in Puntland"
piraterij/noun/DM_20030716_01/80602	a	2.04232710553483	2.17906111131409	1.68984558820943	-1.36820539413865	0.941777831318493	-1.30955196865334	-0.834546417743587	-0.490108282330115	1.4958193053403	-0.0344929547277899	2.23187838660298	-1.03679999332068	"Dat wijst op het handelsbelang van het schip en de noodzaak zich te verdedigen tegen <font color=red><b>piraterij</b></font> ."
piraterij/noun/DM_20031025_01/69016	b	0.722680191522465	-6.45811146638284	-0.0434278262427179	5.49794275814232	-1.28144431168125	-3.7697521703641	-4.6387879210516	2.16671414353159	2.32671786208609	2.28582816157565	-4.93689851134414	5.41737310693334	"Maar het rapport voegt eraan toe dat dit bedrag 1,33 miljard euro kan bedragen , mocht de filmindustrie <font color=red><b>piraterij</b></font> volledig in de kiem kunnen smoren ."
piraterij/noun/DM_20040112_01/34458	b	-0.920188168811814	-2.04186733044903	-4.03501275991771	0.249402537817477	-0.917844449591702	0.330620051626071	0.0908075693509049	1.97830871732762	-0.0748190685537073	1.87419996627158	-1.44127267034159	1.90738141384053	"Als commercieel bedrijf houden we rekening met gegevens als <font color=red><b>piraterij</b></font> , het kopiren , de oververzadiging van de markt en de veranderende bestedingspatronen ."
piraterij/noun/DM_20040622_01/35089	b	-3.57141354591364	0.0072581253461039	-2.13107759671245	4.72465888282705	0.332704727743393	8.23039202137931	7.58745692698014	1.46697388534379	-4.16998002215395	3.4166572046676	-7.88197544052268	7.32769235093283	"" <font color=red><b>Piraterij</b></font> leidt tot inkomstenverlies , waardoor je moeilijk het hoofd boven water kunt houden " , stelt Yalomba ."
piraterij/noun/DM_20040712_01/33080	b	1.3116796053823	-1.05345259895311	2.10853198769612	1.44721494608705	-0.383845403773839	-1.65782344613175	-1.81291470965554	0.878058023038266	1.73511407376493	0.895939687936396	-2.01419831598657	-2.39559978342117	"Strengere controles bij avant-premires of persvisies zijn nu al de regel , ook al beweren de Belgische bioscoopexploitanten dat in hun zalen nauwelijks aan <font color=red><b>piraterij</b></font> gedaan wordt ."
piraterij/noun/DM_20041028_01/5071	b	-0.972136153956035	-0.0819265432638807	-0.528005675196383	1.43278292858896	0.669841235988991	2.37437063172671	2.41994752044979	0.112882984705829	-0.484380142483224	0.721539705848456	-0.305760938343286	2.60822554417664	"Maar bezorgd zijn we eerder over de <font color=red><b>piraterij</b></font> via KaZaA dan over andere legale spelers . ""
piraterij/noun/DM_20041227_01/28003	b	0.58447254404648	0.478235127787502	1.02599654743712	0.780524256432925	0.64724575808893	1.11786895573647	1.45253910106566	0.436983560033706	0.0916802985450746	0.210061989933501	1.27988665605964	1.35610844492116	"Dus kon BMG niet worden beschuldigd van <font color=red><b>piraterij</b></font> en kwade trouw door een compilatie uit te brengen ."
piraterij/noun/DM_20051129_01/37927	b	0.885829135868265	7.11857924730568	-1.94483475056002	-6.02150003925825	1.05569675231662	-5.85792838271881	-5.96788639551221	-1.12044186128488	4.77151790359627	-0.294034063341317	5.34804126951153	-8.08168968346944	"Muziekindustrie ziet in antiterreurwet wapen tegen <font color=red><b>piraterij</b></font>"
piraterij/noun/DS_19990126_01/29888	a	6.99535679346113	-5.90497846273455	8.89321083625871	-0.548719408526464	-3.23594161089173	-1.38391372445007	-3.06183764683133	3.01191730870376	1.72423883605361	-1.79971946395048	-4.25768189258081	-5.12936442646461	"" Het geweld neemt toe " , zucht Noel Choong van het meldingskantoor voor <font color=red><b>piraterij</b></font> van het Internationaal Martiem Bureau in de Maleisische hoofdstad Kuala Lumpur ."
piraterij/noun/DS_19990710_01/53569	b	-1.26556191147119	0.226254676388536	-0.777090623144039	0.773039398179666	2.3017650245979	2.75553600260383	3.19701055710246	-1.3719835420562	-0.874327150109296	-0.387511738671684	2.93897994143483	3.99407020069333	"Kopieerbare cd Van onze redacteur BRUSSEL ( eigen berichtgeving , the guardian ) -- Het Secure Digital Music Initiative ( SDMI ) wil verregaande maatregelen om de digitale <font color=red><b>piraterij</b></font> aan banden te leggen ."
piraterij/noun/DS_20000118_01/2853	b	0.605699621770112	0.278984914453571	4.86261150603012	4.0760107683479	-0.165154303464695	0.116097696088808	0.169549955020018	0.845672792888408	0.70483648709332	0.80192464999597	-0.126940558244219	0.242726340916804	"" Het is perfect voor <font color=red><b>piraterij</b></font> " , zegt Jollyon Bean van de British Phonographic Industry , " en maakt het gemakkelijker dan ooit om zich niets aan te trekken van auteursrechten . ""
piraterij/noun/DS_20000125_01/49230	a	1.45845375612597	-1.55586324009829	1.49420055744816	2.54638647135389	-0.0983312157318361	1.40434900063651	1.39951825363786	1.98659743983128	0.247078794929792	1.22724775429908	-1.36514262725476	0.979800733762313	"Xiamen , een havenstad aan de Chinese zuidkust , stond eeuwenlang bekend als een draaischijf van smokkel en <font color=red><b>piraterij</b></font> ."
piraterij/noun/DS_20000127_01/10932	b	-2.57787903182946	-0.0923496904569407	-1.57573120291233	1.35109127777068	0.533887361072838	3.21323465635171	2.55722891087871	0.268204106267706	-0.895691659521585	0.913637383774885	0.00361561471802024	3.16124690898163	"In deze revolutionaire tijden is de <font color=red><b>piraterij</b></font> de vijand en stoomt het Internet op nieuwe mogelijkheden af ."
piraterij/noun/DS_20000518_01/5786	b	-0.485960853435598	0.669938702505556	-0.268027301397375	1.54104003720631	0.947580809634074	1.61397511781814	1.90201271222527	-0.298124336837614	-0.374821605584394	0.122680555625192	1.86308969135272	2.40153206818478	"Eacem beschuldigt de uitgevers van muziek ervan de paniek rond <font color=red><b>piraterij</b></font> te misbruiken om de eigen monopoliepositie te versterken ."
piraterij/noun/DS_20000520_01/49698	b	1.59137994028895	-2.12666489769515	-0.203649317337681	0.79633028970872	0.181766654638763	0.533540929913462	0.806219313729416	0.905890519003661	-0.242417194887171	0.446084480913343	0.520874485440138	1.89269453235618	"Petra Wikstrm(lobbyiste voor Efpicc ) : " Ik begrijp niet waarom de rechthebbenden deze discussie steeds naar het probleem van <font color=red><b>piraterij</b></font> afleiden ."
piraterij/noun/DS_20000525_01/29360	b	-3.31640337627907	-0.689968154364876	-1.584377614461	2.57914488256172	-1.53371773282353	3.99555900288687	4.34435789494161	1.17555664729132	-1.22706250515669	1.73208669217768	-1.94446772768669	4.47699020264946	"De advocaten van de industrie vertellen apocalyptische verhalen over de vernietigende gevolgen die de digitale <font color=red><b>piraterij</b></font> zal hebben voor de muzikanten ."
piraterij/noun/DS_20000610_01/20673	b	-2.08427410280793	4.3534450576969	-2.05370660071764	-3.11271005326623	3.29734095899019	0.556650571727944	1.2960055127209	-2.07658943595848	0.335667277154865	-1.11852342151649	3.75826607476902	1.9889559227075	"Die beweert immers door deze " <font color=red><b>piraterij</b></font> " vele miljoenen dollars te verliezen doordat internauten niet meer naar de muziekhandel stappen om de jongste hits aan te schaffen , maar ze gratis van het Internet plukken ."
piraterij/noun/DS_20000616_01/73183	b	1.4705529038191	4.53772540607144	0.887349893967464	-2.14606373673706	0.76524659828717	-2.95815728719223	-2.58890876973528	-0.469293647661638	2.25054433532186	0.135608112694578	2.69627510443285	-2.61024420005301	"Muziekindustrie vraagt hulp tegen <font color=red><b>piraterij</b></font>"
piraterij/noun/DS_20001204_01/29434	b	-0.0773904754435294	-1.74010251445716	-0.0503503547157519	2.4077364846801	2.48397701351624	1.15809777472127	2.26785253771808	-1.66024184789822	-0.238234050070028	-0.654146773393954	3.5006237695863	2.51192928930564	"" We maken ons veel zorgen om de <font color=red><b>piraterij</b></font> op het"
piraterij/noun/DS_20010213_01/34973	b	-4.452332993138	-3.37188918584073	-1.74315582905658	-5.6515983081958	-1.3061040167349	-0.249997087123007	-0.766607295494006	0.522022161869873	1.67323640494763	1.63213470563883	-0.56546527629441	-1.49529087285317	"Ondanks de klachten van de muziekindustrie over ongebreidelde <font color=red><b>piraterij</b></font> in die nieuwe omgeving , is de verkoop van legaal materiaal enorm gestegen ."
piraterij/noun/DS_20010810_01/28877	b	-2.98661614507238	-0.916655282978804	-2.09303053197505	1.83566606029059	-0.164094840985379	3.42856045653861	3.39198720978258	0.737336313614478	-1.0269628461655	1.22454834999242	-1.21209117582548	4.53043918806074	"Dat dergelijk materiaal toegankelijk is voor onbevoegden , is volgens Sinclair veel erger dan de digitale <font color=red><b>piraterij</b></font> die de jongste maanden zoveel paranoia veroorzaakt in Hollywood ."
piraterij/noun/DS_20011127_01/25518	b	-4.09934803766886	-0.150240318108541	-4.43078210773551	4.06232216274382	-1.14814786633246	0.806082045509366	0.978548603870455	1.6540051646578	0.0581215527595822	1.98490908433105	-2.29636772553061	0.97548013072007	"Het land waar de <font color=red><b>piraterij</b></font> het weligst tiert is China , waar 90 procent van de muziekverkoop illegale kopien zijn ."
piraterij/noun/DS_20020523_01/55522	b	0.410236338516601	0.165716536191249	0.91234181782239	1.27559232239131	-0.289310951154129	0.199430926620535	0.15534634659901	1.16925562874922	0.780504716320226	1.07444287242838	-0.677674889278549	-0.319547693455866	"De omvang van de <font color=red><b>piraterij</b></font> is heel zichtbaar op de Gorboesjka-markt in de voormalige Roebinfabriek ."
piraterij/noun/DS_20020705_01/44523	b	-0.286154865113972	3.18251311181197	-0.871810120359614	-0.539008656699893	-1.6949313347503	-1.15753339398888	-2.06167333069598	1.77509309496255	-0.617308253826283	1.14144984021414	2.20224667850525	3.05880605716077	"Twee jaar geleden werd Potter al het slachtoffer van Chinese <font color=red><b>piraterij</b></font> ."
piraterij/noun/DS_20020727_01/69905	b	3.57120666430584	3.82914822071103	2.06192229806638	-2.08171700611886	0.701047411053495	-5.05560387993673	-5.10153081436783	-0.00126172609022226	3.38716362024484	0.160018611065745	2.19710168145324	-5.36390776450351	"Wettelijke sabotage tegen <font color=red><b>piraterij</b></font> Van onze redacteur Frank De Graeve"
piraterij/noun/DS_20021116_01/30663	b	-0.662362671562595	6.04165180206423	-1.1976568437842	-5.20382055744888	0.943224692802818	-2.87780594616465	-2.46982226553376	-0.799390060340912	3.01053799497035	0.150771999578359	2.860603939667	-4.08694115658673	"Ze werd ambassadrice voor Unicef , sprak zich in naam van de muziekindustrie uit tegen <font color=red><b>piraterij</b></font> ."
piraterij/noun/DS_20030314_01/81713	b	-4.13762797538904	-0.160013517941313	-2.48150662167935	3.43904923922533	0.206800339211991	5.09257222190456	5.14597883263672	0.67193284075297	-2.50616224794527	1.41223388191067	-7.07820537476081	1.50495277037077	"Schueremans merkt ook op dat de <font color=red><b>piraterij</b></font> een rol speelt ."
piraterij/noun/DS_20030712_01/69344	b	-1.51677785753355	9.62466403339738	-1.59691553899365	-8.08976906191691	4.53624165647851	1.66851306571824	2.40588288559413	-3.38297064982589	-0.426687034287775	-1.71795875405701	4.70348991298099	3.12989560945252	"Bij de brief zit een formuliertje waarin hij belooft " te stoppen met " ( cease ) en " zich te onthouden van " ( desist ) de <font color=red><b>piraterij</b></font> ."
piraterij/noun/DS_20030717_01/3212	b	1.1088320723135	-1.53168977973707	1.74192372695932	2.31740753794765	1.19319414710782	1.13563903985871	1.69145603172172	0.130640906616969	0.450336427384864	0.527880004131083	-0.12336366746464	0.95169741891092	"" Maar de btw en de <font color=red><b>piraterij</b></font> zijn dan ook twee verschillende dossiers ."
piraterij/noun/DS_20030825_01/25650	b	-1.43006210748329	-0.0772167150587273	0.723210548383496	2.4243819231255	1.24568094705386	6.4160597678915	6.04941305886758	3.12130677888579	-1.34090897804749	3.12056241702585	-7.24946965125934	-0.477262271274138	"Voor <font color=red><b>piraterij</b></font> en een muzikaal circus kan je terecht in het Azaleapark in Sint-Amandsberg ."
piraterij/noun/DS_20031023_01/43640	b	0.902341924999413	-0.410984535360994	1.19228140424384	1.54270038405008	-1.54742844175196	-0.792967940805762	-1.24726933877453	2.03720225301503	1.34567891534454	1.47903582336343	-1.37978482600534	-1.50821244583067	"Diefstal , plagiaat , een kloon , <font color=red><b>piraterij</b></font> : de advocaat van de Potter-partij gebruikte in maart veel grote woorden om de rechter te overtuigen van zijn gelijk ."
piraterij/noun/DS_20040124_01/120211	b	-5.15119851225921	-0.765581797178723	-1.14316551853846	4.22947242000508	0.162688694376078	4.18722505301924	3.72673321121095	2.4742777597989	-0.940842343584672	2.72245276660724	-4.78818394479976	2.24651019662479	"We hebben de voorbije jaren van alles meegemaakt : wetsvoorstellen  volont over het statuut , woordbreuken tegen de sociaal-culturele sector , vluchtpogingen over de digitale wetgeving en het leenrecht , en een totaal blinde houding tegenover de <font color=red><b>piraterij</b></font> op muziek ."
piraterij/noun/DS_20040331_01/37329	b	3.17851919960952	0.669200203144279	3.70298600819021	0.15321137336143	2.86150256470563	-0.333059583606693	0.53175071157964	-1.57148990868539	1.04864181529943	-0.694824828403867	1.09231091723635	-1.51231613503239	"Meer landen zullen gaan dagvaarden , de straffen zullen bekendgemaakt worden , het signaal zal steeds sterker worden , en er zullen cijfers volgen hoe dat alles de <font color=red><b>piraterij</b></font> naar beneden haalt ."
piraterij/noun/DS_20040422_01/33651	b	2.4621043670119	2.44065646733526	2.71214691070047	-0.95874716204594	1.9715028521709	-2.87692047575063	-2.51901144486396	-0.799577931045648	2.31198532538666	0.0582681689333668	1.97963466826795	-3.59879508799124	"Voor het prestige binnen de filmwereld is het goed dat een belangrijke vergadering van grote studiobazen uit de hele wereld over de strijd tegen <font color=red><b>piraterij</b></font> in Cannes plaatsgrijpt en niet in het eeuwige Hollywood ."
piraterij/noun/DS_20040529_01/88950	b	0.619340536795607	-0.132092852221518	0.956864442714163	1.47234927763461	0.719864479280809	0.581595876904522	0.759693939599256	0.461308741379904	0.703860481402068	0.675585544875566	-0.144580872555191	-0.0250947249645316	"De persvertoning van Harry Potter and the prisoner of Azkaban en de avant-premire van zondag gaan de nationale premire in Engeland nog vooraf : <font color=red><b>piraterij</b></font> is een kwestie van vraag en aanbod , en de vraag naar de film is vooral in die eerste dagen enorm groot ."
piraterij/noun/DS_20040608_01/77474	a	-0.198774508027557	-0.812681874772077	0.851525400816319	2.68087104309737	-1.31419054579906	1.69224830600425	1.64883122892305	2.29836176864449	0.0431163723764957	2.19953826666377	-2.27853457221011	1.20335787526367	"" Maar we moeten voorbereid zijn op nieuwe types van <font color=red><b>piraterij</b></font> , een ernstigere vorm ."
piraterij/noun/DS_20040817_01/39392	b	-1.68382000657743	-0.447477963073336	-1.19910365675886	1.60116248646336	-1.1554772029714	2.55835258462449	2.97015444580021	0.830783777636741	-0.542393204776177	1.20126995304506	0.112741716509291	3.30692684298889	"De muziekindustrie kreeg de voorbije jaren stevige klappen , onder andere door de <font color=red><b>piraterij</b></font> die wereldwijd tierde ."
piraterij/noun/DS_20041104_01/53924	b	0.609134274458495	0.434983717881788	0.757395253461117	0.890320852386639	0.0857791083924627	0.137136767247472	0.326186636725793	0.586620593357032	0.647969292564685	0.695524671397226	0.3936997676456	0.12611109148729	"Lotti beschuldigt BMG Ariola - bekend van de Idool-platenbaas Bart Brusseleers - van kwade trouw en pure <font color=red><b>piraterij</b></font> ."
piraterij/noun/DS_20050326_01/70784	b	-3.55357936421969	0.519369195288944	-0.84912277179448	3.07703043919809	0.888386219835646	2.59133246734404	2.25556917791246	-0.742112579102905	-0.675945612002838	0.441618229187233	0.34359509364382	2.61276161055516	"Van de 25- tot 29-jarigen bezondigt nog ruim de helft zich aan <font color=red><b>piraterij</b></font> ."
piraterij/noun/DS_20051118_01/358	a	1.71286594580317	1.84748219662589	1.8546086726738	-0.604909807081344	1.12159830516184	-0.951927242367043	-0.408269071690995	-0.285730419912397	1.23833685183843	0.0200926543894768	2.06707389830003	-0.541182022778708	"Bedoeling is om de Tor Fortuna ten zuiden van de Rode Zee en langs de Somalische kusten te beschermen tegen <font color=red><b>piraterij</b></font> ."
piraterij/noun/DT_20000108_01/24820	b	-0.50588858186004	2.07816325976942	-1.14203351250543	-0.645234212014913	1.20221521824968	1.45133722984684	1.7675686521898	0.473951939273259	-0.83064158417209	0.0444144636410977	1.23320650352417	3.6775943340187	"De mogelijkheden tot kopiren en <font color=red><b>piraterij</b></font> zijn inmiddels alleen nog groter , en de illegale websites allicht nog talrijker geworden , en sommige ervan zullen beter verstopt zitten achter juridisch minder makkelijk te bereiken internationale constructies ."
piraterij/noun/DT_20000428_01/46179	a	2.89041874251032	2.84004989673159	1.77688858148864	-0.477223151123305	2.03389062185656	-3.75772426599086	-3.55829968059674	-1.08257439290136	2.1783571959248	-0.0299985454623934	2.4515443195111	-2.69241029241138	"In maart steunde ze al het topoverleg in Singapore over een gezamenlijk initiatief tegen <font color=red><b>piraterij</b></font> ; nu organiseerde premier Mori een eigen conferentie ."
piraterij/noun/DT_20010105_01/124653	a	3.39595561156599	2.6465467450144	2.9840193468339	-2.23733044545376	4.09200991670036	-5.46032054736777	-5.39233685336598	5.29117975426965	4.42836638790596	-1.39550986182748	6.16037108340833	-8.069714758277	" <font color=red><b>Piraterij</b></font> in Zuidoost-Azi blijft toenemen"
piraterij/noun/DT_20010531_01/105390	a	-0.288488790111425	-0.889289865786358	1.30534365727441	2.93670793233343	-0.188794536701914	0.960409685053306	1.00877115669601	1.48066929959053	0.289498456607984	1.08340789758901	-0.886519303627663	0.568269946585073	"Christelijke Ierse groeperingen spraken van een boot des doods en zeggen dat na <font color=red><b>piraterij</b></font> en drugssmokkel een nieuwe vorm van criminaliteit op zee is ontstaan ."
piraterij/noun/DT_20011227_01/21973	a	0.134747546688221	0.0846651390321366	3.05605248577995	-0.330884332648262	1.85132203095098	2.73240026694615	3.20001144157164	0.481902755306232	-0.673265378845954	-0.1586449845497	1.13509374377737	3.53587822964574	"Deze misdaad is niets anders dan brutale <font color=red><b>piraterij</b></font> en onvergeeflijk terrorisme dat alleen maar gepleegd kan zijn door Japanse samoerai's , klonk het woensdag in een reactie van het Noord-Koreaanse regime ."
piraterij/noun/DT_20020207_01/37264	b	-2.22218760608171	0.533438584411908	-2.16434528297584	1.17085017116628	-0.644003859918397	3.10242095714228	2.7625772014539	1.58380464271793	-1.15560601551516	1.66511784989259	-0.949193819109365	3.48355547737624	"Muziekmaatschappijen zijn het slachtoffer van een terugvallende economie en van <font color=red><b>piraterij</b></font> op het internet ."
piraterij/noun/DT_20020516_01/47286	b	-2.44720544099068	-0.36819177569994	-1.76091636962085	2.30485778594004	-1.2814731623616	2.15529666578086	2.270087484622	1.79950133418432	-0.537595623968011	1.40288703924581	-1.5759785901937	2.65443537090895	"Sommige promotoren van digitale film zeggen dat digitalisering de <font color=red><b>piraterij</b></font> in de filmsector aan banden zal leggen ."
piraterij/noun/DT_20030129_01/26013	b	6.59539367015802	-6.14074294207988	-8.0453948417445	-0.199712498211306	4.24094643347521	2.21818956576541	3.24616200146794	3.4959147246575	-0.660305373913243	-1.3560543476644	-2.66685743074581	-2.94245416591691	"Namaak en <font color=red><b>piraterij</b></font> zijn een pest voor de economie , blijkt uit cijfers van de Europese Commissie ."
piraterij/noun/DT_20030129_01/26201	b	1.79628544873294	-6.13382183863028	-5.83844332763588	0.387399812506641	3.51529194779523	2.24049550182525	3.10492690730143	-1.87698915681746	-0.597647590264544	-1.04910040777003	3.25499407713218	3.37621484034792	"De richtlijn verplicht alle EU-landen namaak en <font color=red><b>piraterij</b></font> voor commercile doeleinden als strafrechterlijke misdrijven te behandelen ."
piraterij/noun/DT_20030403_01/23473	b	1.22958963053223	-0.705075112168595	2.22484199840116	2.88648476206246	-0.830378252498351	-0.332169331880433	-0.305642422751367	1.99016974808737	0.841961834939728	1.57949795369537	-2.42647370289311	0.00925214037543709	"In dit laatste land zou 10 procentpunt minder <font color=red><b>piraterij</b></font> leiden tot een groei van de IT-sector met 60 procent , in Rusland zelfs 120 procent ."
piraterij/noun/DT_20030725_01/21006	a	4.30254715671083	-4.30725102166682	5.87788099466461	2.81001597576792	5.45353814077662	7.04065880356076	3.518357866629	8.3047853929852	-4.26267017934721	-0.522222791977795	11.2831910209602	2.66614335679338	"' <font color=red><b>Piraterij</b></font> wordt heikel probleem voor rederijen '"
piraterij/noun/DT_20030725_01/21066	a	3.33056238869765	-4.97412403781879	5.32472267875187	3.82324681353129	11.8398648846406	3.77968127383024	7.3237869362665	11.6380903110595	-6.11130348757443	1.50417362897736	-0.51759760796136	16.1783414902539	"' <font color=red><b>Piraterij</b></font> wordt een heikel probleem ' , bevestigt Marc Nuytemans , de directeur van de Belgische Redersvereniging ."
piraterij/noun/DT_20030906_01/107541	b	-2.82537134160456	-6.08728962309149	-1.77344778390015	6.02047413431538	-10.9946037474182	9.3033556428684	1.71456382981092	15.0342856536902	-5.89589767976308	0.838773355530679	-11.8583633477641	7.63848421572629	" <font color=red><b>Piraterij</b></font> kost Sony handenvol geld"
piraterij/noun/DT_20031021_01/2121	b	4.61249426823419	1.41370749492906	4.75569203964619	-0.45150766661852	-0.429488733791362	-0.535915023361477	1.00841157672435	2.78040230794692	0.356055780350435	0.755281926558346	-2.16272154459311	-0.165552430044893	"De inhoudverschaffers zijn voorzichtig : ze willen hun bestaande afzetmarkten zoals de cd- en dvd-verkoop niet kannibaliseren en steken ook nog veel tijd in het bestrijden van <font color=red><b>piraterij</b></font> ."
piraterij/noun/DT_20031029_01/89160	b	-0.61269866761133	5.02968375426096	-0.875520936740967	-2.98188111565888	0.653178666454241	-4.25975916329871	0.225151166735038	-4.38845291313627	3.41557642219028	0.270234652484595	7.55891285452348	1.989626254413	"Reden genoeg voor de Amerikaanse platenindustrie om Napster meteen voor de rechtbank te dagen wegens aanmoediging tot <font color=red><b>piraterij</b></font> ."
piraterij/noun/DT_20031227_01/47698	b	4.0596844214213	5.01051565162509	1.77197454367371	-5.11339340261525	2.34052401139241	-3.79486832032473	-3.51104544081319	-1.48390928406263	3.20384115909245	-0.691848281246128	4.15090351587438	-4.64790297452018	"Radio 1 werkt voor de downloadactie samen met de Internationale Federatie van de Platenindustrie ( IFPI ) en het informaticabedrijf FruityTech , dat de liedjes tegen <font color=red><b>piraterij</b></font> heeft beveiligd ."
piraterij/noun/DT_20040129_01/43247	a	-2.12126380421954	2.68844349942048	4.04097082520094	3.52259369838622	-2.90139067497473	-0.197319268082569	-0.592828925824232	3.91101992455978	1.0832598204464	2.6373882182078	-3.68315858353064	-2.0158553452825	"( reuters/tijd ) - Het aantal gevallen van <font color=red><b>piraterij</b></font> op zee steeg vorig jaar met 20 procent ."
piraterij/noun/DT_20040323_01/1680	b	4.61661046956897	5.07973710357547	-1.84712220141446	-1.8545228353289	2.59827252808416	-5.77680004654777	-5.74765409087094	-2.3880022456402	2.54816960515434	-1.28449078706793	5.47841085895645	-3.58687904163044	"Nu de <font color=red><b>piraterij</b></font> zo hard toeslaat , moeten we achteraf obstakels tegen het kopiren inbouwen ."
piraterij/noun/DT_20040818_01/22475	b	6.21244873574152	-0.750489390990422	-5.41600861397408	-1.27651591843533	-0.489028620529178	-1.19241600937546	-1.15600370290253	1.2954539564371	1.15543270141842	-0.0164326422612358	-0.407833296173054	-2.82193631182338	"( tijd ) - Bij de politieke rentree in september gaat de federale regering de namaak van luxeproducten en de <font color=red><b>piraterij</b></font> in de muziek- en amusementsindustrie aanpakken ."
piraterij/noun/DT_20040818_01/22947	b	2.33616119458518	-1.15364588362358	2.50964027654756	0.917658760005918	-1.21754806552261	-0.747069892194153	-1.14703021655992	1.75300169431967	1.21745638827685	1.06214355938384	-0.550718317882084	-1.27832538086525	"Het is een signaal dat de overheid paal en perk wil stellen aan de <font color=red><b>piraterij</b></font> ' , zegt Marcel Heymans , de algemeen directeur van IFPI Belgi ."
piraterij/noun/DT_20041206_01/31885	b	-5.6812282010615	6.74123213691314	-2.0293885617527	-5.2630480996345	3.3230669471663	4.3946101729034	-0.804602505893415	-3.78592225078177	1.48682590402792	-2.20030765238226	5.76918132631574	0.136319718573637	"In 1984 oordeelde een Amerikaanse rechtbank dat Sony niet verantwoordelijk is voor de <font color=red><b>piraterij</b></font> die werd gepleegd met zijn videorecorder ."
piraterij/noun/DT_20050215_01/30648	b	-0.923184125634369	-0.230261993568612	-0.457114433644231	1.41455289634806	-0.245056706398018	2.3286106565105	2.15844477839473	1.51272578801639	-0.561174679113398	1.19317693055373	-0.742402777322526	2.83532211735168	"Deze vorm van <font color=red><b>piraterij</b></font> kost de filmindustrie miljarden aan inkomsten ."
piraterij/noun/DT_20050317_01/24371	a	1.07167602357812	0.260282950572515	1.29573970992743	0.774445932197232	-0.935666279160361	-0.64118963375429	-0.624973862680605	1.27152704256815	1.33750804140858	1.37506909714683	-0.951383808400736	-1.53911038479051	"In de weken na de vloedgolven van 26 december viel de <font color=red><b>piraterij</b></font> stil ."
piraterij/noun/DT_20050319_01/9584	b	6.59411612450925	4.8370958502312	-6.03397756286002	-4.18773224515171	3.37434424382009	-3.96412179623337	-3.66051939994606	-1.89556142221316	3.11093313205499	-1.23145726754413	3.86642520881937	-4.86357572450345	"' Met deze maatregelen wil de ICC het nu nog sterk versnipperde verweer tegen namaak en <font color=red><b>piraterij</b></font> bundelen ' , zei Guy Sebban ."
piraterij/noun/DT_20050412_01/36210	b	0.612168165801848	-0.168788323114102	1.51911654058124	1.39869225523379	-0.204174262162919	0.574461714941549	0.389460098815053	1.1332550839599	0.705190814809139	1.1516760103297	-0.69329997567611	-0.109613261149808	"Die moeten zich bewust zijn van de schade die de <font color=red><b>piraterij</b></font> teweegbrengt en consumenten voorlichten over de nadelen van grijzemarktproducten ."
piraterij/noun/DT_20050429_01/9030	b	-0.981941286328725	-2.05607166038949	-0.390969633475105	2.75018131324068	0.840442598181493	2.33618634199171	2.84977708019443	1.41271875545745	-0.539868059471697	0.857432429195556	-1.08847864224125	2.58764579558848	"Daardoor is de <font color=red><b>piraterij</b></font> iets minder agressief geworden . '"
piraterij/noun/DT_20050519_01/6903	b	0.357123138875477	-5.3512903086991	-3.35078192310791	4.90648323387602	-9.41148995957545	7.56604931982169	7.26593747621376	10.4459389619334	-3.98677643902163	5.32559848970613	-6.52593665489375	13.9680237250186	" <font color=red><b>Piraterij</b></font> kost Belgische"
piraterij/noun/DT_20050614_01/25341	b	2.15113369154935	-2.03530039458668	3.42806936878802	2.47901696372887	1.91489278663591	0.722644895225672	1.50089598490528	-0.43641926019704	0.511952653393319	-0.0031316178329517	1.40518423744616	-0.206290912134734	"De OESO zegt niet te kunnen inschatten in hoever dat fenomeen de oorzaak is van het inkomensverlies voor de muziekindustrie ( ongeveer 20 procent tussen 1999 en 2003 ) , maar acht het aannemelijk dat <font color=red><b>piraterij</b></font> een belangrijke rol speelde in dat verlies ."
piraterij/noun/DT_20051110_01/44950	b	-0.830686269154325	9.09894908846232	1.08745781419087	-7.535426730918	4.11976613039301	2.05061382358421	0.319088429983384	-4.02868979651331	2.82788949956437	2.03011708058055	0.122491121265306	6.15631276132943	" <font color=red><b>Piraterij</b></font> helemaal uitschakelen is onmogelijk ."
piraterij/noun/LN_19990121_01/15023	a	3.39470839340589	-0.881064983411724	5.21316184016983	2.39531874108765	-1.44321677606879	-1.53836754595955	-1.34891075966872	2.59948418175876	1.77640536137356	1.93394395457911	-1.97826870606525	-3.84980537086427	"De voorzitter van de onderzoeksraad stelt nu dat hij " betreurt dat de marine , op amper 40 mijl afstand , een Belgisch vissersvaartuig niet kon vrijwaren van daden van <font color=red><b>piraterij</b></font> op volle zee ."
piraterij/noun/LN_19990126_01/125215	a	3.44509697377461	-0.64390692591646	5.70975237744919	1.47301302226424	2.26609897867595	-0.128062228811213	-0.746632486620827	3.53098314407785	0.503310895951732	-1.87757091613858	-2.77743597631031	-5.05236579787449	"De voorzitter van de Onderzoeksraad betreurde dat de ' Marine ' een vissersvaartuig niet kon vrijwaren van daden van <font color=red><b>piraterij</b></font> op volle zee " ."
piraterij/noun/LN_19990429_01/165988	b	0.0374260252057506	-0.613697778313208	0.812216719809171	0.755431086388764	-1.04902751985298	1.37021780530723	1.17821675878222	2.35738868525601	0.12159035825736	1.12143946306531	-0.324170797147456	1.00557482793096	"Volgens hen is het een nieuwe vorm van <font color=red><b>piraterij</b></font> en het verdelen van MP3"s zou verboden moeten worden , zeggen ze ."
piraterij/noun/LN_20000311_01/109074	b	-4.49753045064003	4.83028452978743	2.17435454735955	-4.59157062175114	-2.32495668600756	-3.30025930758563	-2.73035643578367	-3.24588975699157	2.88083595122709	-2.59067865868455	9.92673324748356	-4.36907136930968	"Playstation eist schadevergoeding voor <font color=red><b>piraterij</b></font>"
piraterij/noun/LN_20000506_01/177	b	-5.04542903828835	2.95136012853263	-4.78135639755845	-2.11665849057708	0.675410384891459	0.992476529076917	1.40720101126242	-0.136166056618757	-0.155414598230903	0.0829557484849957	1.21749418493669	2.24669668013456	"Een rechtbank in Chicago beschuldigde de zeventien lid te zijn van een netwerk van <font color=red><b>piraterij</b></font> ."
piraterij/noun/LN_20000602_01/87918	b	-2.8640281476818	-0.620709194187706	-2.35168424583287	1.6816338524358	-1.25542846169324	2.91646968045548	3.054773658045	1.59893117655208	-1.51610365073403	1.67446379491947	-0.773081398162197	5.64596435203063	" <font color=red><b>Piraterij</b></font> kost de sector van de business software alleen al , in de Europese Unie meer dan tweehonderdduizend banen en 360 miljard frank aan niet-gende belastingen ."
piraterij/noun/LN_20010713_01/59356	a	4.4494134159847	-6.42994384977286	4.76623397204647	6.98565289097435	13.9837820278558	6.8088889059574	-8.73962442499276	-12.452700214652	-1.22708634460972	-8.16912388477294	-11.7446464440112	-17.1950123655626	"Kapitein Lemmens praat niet graag over <font color=red><b>piraterij</b></font> , wordt al snel duidelijk tijdens ons gesprek ."
piraterij/noun/LN_20021123_01/45914	b	1.3107602009023	-0.0081826769270409	0.724416211450828	0.642964255446558	-1.56646353878776	0.902906352163773	0.741182523865318	2.52172561761534	0.530326967739337	1.52494409072069	-1.19285887051482	0.831296593569335	" <font color=red><b>Piraterij</b></font> is een plaag " ."
piraterij/noun/LN_20030820_01/27971	b	0.926126364879824	6.77308035861836	-1.74673397955854	-5.59235088860207	2.61758606184962	-4.11541271133191	-3.16233365967791	-2.76131566458329	3.53879953710255	-0.611543323758001	5.27225269328469	-3.87433298997965	"Wordt legaal muziek downloaden - tegen een vriendelijke prijs - ht strijdmiddel tegen de <font color=red><b>piraterij</b></font> ?"
piraterij/noun/LN_20031119_01/109251	b	8.11951777058069	-2.76181788395652	-7.26951687086039	-0.681840476135128	5.37442845144326	1.00100773155125	2.58129679167353	-4.01291599318727	-0.307798711753345	-1.94737951368452	5.66063590265346	3.10453146918137	"" Een Nokia-manager heeft vorige week een batterij helemaal moeten openbreken om aan te tonen dat het om <font color=red><b>piraterij</b></font> ging ."
piraterij/noun/LN_20040925_01/144147	b	5.24317148377047	0.161567055945276	-0.657800800479418	-3.41802085944418	-2.88547902814709	-1.11063480990593	-2.26049941629513	3.15261064888491	1.70259132410784	2.57744542745019	-1.11034537563121	-4.7426586169664	"wegens <font color=red><b>piraterij</b></font>"
piraterij/noun/LN_20050627_01/38733	b	0.709320703212904	-0.198088165184836	1.05034296386938	1.21861070878989	-0.517072348734554	-0.0861810459490732	-0.135627526255036	1.18254883062919	1.00167750179752	1.1663018109879	-0.655174384518218	-0.441180005113164	" <font color=red><b>Piraterij</b></font>"
piraterij/noun/LN_20051022_01/249951	b	0.979296990940476	-1.10743844418659	4.54343776814457	-4.14806271789145	-1.65938828515016	-0.934413360967794	-1.5219537247183	2.20723383933085	2.07238953701529	1.30707885432671	-0.476543633236814	-4.31875439255372	"van <font color=red><b>piraterij</b></font>"
piraterij/noun/NB_19990126_01/194195	a	0.589380040535243	-3.894266816577	1.77222706021507	5.58634656697317	1.60560445429473	1.42165589405723	1.62665158270716	0.0878566647055495	-0.0113299154875597	0.585465523434158	-1.71447565596638	2.12810957309195	"De <font color=red><b>piraterij</b></font> is geen nieuw fenomeen in de Aziatische wateren , maar het is voor het eerst dat de daders zo gewelddadig te keer gaan ."
piraterij/noun/NB_19990304_01/59976	b	0.158442327663686	-1.03624093553928	0.721629608885561	4.24483628181467	-2.61646107813014	-0.0350222853414596	-0.182201817862362	3.52485686012386	0.49750255959713	2.14381063372876	-3.47685452840023	-0.297326083947506	"" <font color=red><b>Piraterij</b></font> verziekt sector ""
piraterij/noun/NB_19990906_01/53912	b	-2.6891397195032	-3.02075181089225	-1.05249467521508	5.41692254436861	1.08862822297522	2.11811054951005	2.36005897364678	0.981719968239293	-0.988886923276266	1.00462475907908	-2.72023420546012	3.52754873651601	"De industrie respecteert haar klanten niet en zo ontstaat een tegenbeweging : <font color=red><b>piraterij</b></font> ."
piraterij/noun/NB_19991023_01/246879	b	1.92465061235654	1.87074070533145	1.62177650918746	-0.796620139690714	2.11144426743836	-2.78589239248989	-1.81845386294599	-1.37180081810984	2.3396599767734	-0.195137390636061	2.76771075273241	-2.61374970394293	"IFPI , de federatie van muziekproducenten , kondigde enkele weken geleden aan dat ze " de grootste actie tegen <font color=red><b>piraterij</b></font> in de Europese muziekgeschiedenis " succesvol had afgerond ."
piraterij/noun/NB_20000222_01/242071	a	2.30441279663414	-1.17585851009674	3.45047266585786	1.54830787894678	-2.18803401944614	-0.391492348403621	-0.549069672744476	2.96474498878361	1.41724315192546	2.59258224089414	-2.79470275153199	-2.70615066266287	"Voor gevallen van <font color=red><b>piraterij</b></font> hebben we een speciale knop voorzien ."
piraterij/noun/NB_20000311_01/77081	b	1.26051638677841	-0.365756163850793	2.37424454280613	4.89055820450007	0.0627963238593649	-1.32479306087916	-1.2603543315987	-0.0859827294837452	1.11795946756783	-0.438265730263431	-4.61843840912538	-0.0659474758343815	"Meester Jean-Marie Paklons insinueerde dat Sony zelf de <font color=red><b>piraterij</b></font> in de hand werkte ."
piraterij/noun/NB_20000331_01/166802	a	-1.18296513718329	0.315877638895084	0.891638472860473	2.92716251206499	-0.640283678435208	0.858361812760185	0.721901550131338	1.88052092055774	0.401623484579943	1.30872790766204	-1.21330694210493	0.36419348504065	"Bovendien was de actie een vorm van <font color=red><b>piraterij</b></font> en bijgevolg strijdig met de wet ."
piraterij/noun/NB_20001123_01/185970	b	0.0646619092204567	-0.479189261752315	0.00116536607991149	2.50636211225301	0.858206201113854	0.10881265101816	0.293667168592842	-0.035600387201649	0.984238302543072	0.738795424083526	-0.310582003862499	0.430765004456639	" <font color=red><b>Piraterij</b></font>"
piraterij/noun/NB_20010206_01/116969	b	-1.33820583451924	1.92020883487387	-1.28393112429983	-0.12618725643921	4.25854179426999	5.92097068184413	6.79003292638963	-2.03723912811887	-2.89769024042706	-0.742931857129462	2.79893552389966	9.23408944366658	"Microsoft pakt <font color=red><b>piraterij</b></font> aan"
piraterij/noun/NB_20010518_01/180368	b	5.3619651132108	-0.862433142639266	-4.11163052759181	-0.928683040232726	1.60918671745391	0.451603849460107	1.03082819487729	-0.691532287695823	0.271271860921203	-0.269465717653587	2.14894041369404	0.774782134595885	"Dat is wat gewestelijk directeur Luc De Somere van de Administratie der Douane en Accijnzen vraagt om de namaak en <font color=red><b>piraterij</b></font> van merkartikelen adequaat te kunnen aanpakken ."
piraterij/noun/NB_20010829_01/98490	b	0.174154910058312	2.38432655640436	0.309300328585245	-0.845929096969027	4.38209205000324	2.27544024645013	3.48201839410089	-2.77543465209255	-0.869357389492612	-1.415235035688	4.72209065804519	4.17270797970788	"Er zijn al films die illegaal op het net terecht zijn gekomen en om dat soort <font color=red><b>piraterij</b></font> tegen te gaan , richten Sony , Warner , Universal , MGM en Paramount Moviefly op ."
piraterij/noun/NB_20020119_01/71258	b	2.2634567558303	-2.31131993360223	2.53136502365923	3.05826183350295	2.38128579878821	0.381366542537884	1.82443415205974	-1.82912695239027	0.649377651742937	-0.177212553010174	-2.50641715808526	2.27675010437849	"Maar het tienvoudige aanrekenen voor een test komt neer <font color=red><b>piraterij</b></font> ."
piraterij/noun/NB_20020131_01/4992	b	0.524120450449294	9.16860652858447	0.894497499089348	-7.53353656532492	2.44384498831756	-4.86699416335041	-4.46502912272011	-2.05499109865003	3.78696380343794	-0.958018975161051	6.20607615419337	-5.79444607035308	"Het gaat om de auteursvereniging Sabam , de federatie van de platenindustrie ( IFPI Belgium ) en de stichting tegen de <font color=red><b>piraterij</b></font> ( BAF ) ."
piraterij/noun/NB_20021123_01/42920	b	0.515376917964016	-1.87642502009244	1.77206933174116	3.10628065969987	0.932468465013269	0.0716685059796595	-0.143521325178174	0.0289490051368092	1.21944055102757	0.802344108916629	-0.360315569188406	-1.11057568012855	"" <font color=red><b>Piraterij</b></font> is de jongste jaren een belangrijke plaag geworden ."
piraterij/noun/NB_20030317_01/125849	b	2.77043413696989	2.27912633872016	2.03599382474949	-1.35834398577526	2.68738701224431	-2.72454297360978	-1.9852575644092	-1.23012941691604	2.27007505638247	-0.352740212992763	2.55330923943974	-2.37790937752802	"Naar aanleiding daarvan vroeg gemeenteraadslid Francis Van den Eynde op het stadhuis wat de politie tegen de <font color=red><b>piraterij</b></font> onderneemt ."
piraterij/noun/NB_20040425_01/16234	b	-0.328028240242239	0.604365240007811	0.229744244478074	1.5689227786637	5.09400069320178	3.78480633516213	5.09561268562092	-2.7812322442835	-1.83901075041855	-1.8276677425156	5.85232068327807	5.58432024462388	"Eenvoudig zelf te maken en dus uiterst geschikt voor <font color=red><b>piraterij</b></font> ."
piraterij/noun/NB_20040925_01/244984	b	3.6587818460886	1.46262510953515	4.08077607973462	-3.68341132733793	0.519646307823335	-1.52256720972011	-1.95684604556381	0.748593721708268	2.00788099910634	-1.60025497856637	6.73201057438456	-2.62527388398694	"Een man uit Herk-de-Stad en zijn firma werden wegens <font color=red><b>piraterij</b></font> rechtstreeks gedagvaard voor de Hasseltse correctionele rechtbank door de Belgische vereniging van auteurs , componisten en uitgevers Sabam en Ifpi , die de Belgische muziekproducenten vertegenwoordigt ."
piraterij/noun/NB_20041226_01/24571	b	4.68477703100114	0.419617690445549	4.43346253711131	-1.82953026514609	-0.60607851415357	-1.13092238569129	-1.31241663274959	1.40158584428979	1.6024832913181	0.962714999990678	0.152347511051411	-2.31296751549036	"Lotti beschuldigt BMG Ariola , van Idool-platenbaas Bart Brusseleers , van kwade trouw en <font color=red><b>piraterij</b></font> ."
piraterij/noun/NB_20050726_01/6264	b	-0.843742561562951	2.22274957993919	-1.34959671283307	-0.14466637633032	1.61180760964144	3.552595185315	0.236984986194837	-2.82566587088158	1.07694644408213	-1.22019288454518	4.33813745299609	0.154916563184151	"De Belgian Anti-Piracy Foundation ( BaF ) , een vereniging die strijdt tegen <font color=red><b>piraterij</b></font> , was erachter gekomen dat de tiener via het internet kopien van PlayStation-spellen trachtte te verkopen n systemen om deze kopien op een PlayStation te kunnen afspelen ."
piraterij/noun/NB_20050726_01/81606	b	2.30639540700753	2.29796072135118	2.5935947200134	-1.52142936836071	0.93556990555981	-2.21576403792974	-1.86723762184986	-0.0737011566529275	2.25995334379377	0.343005757738018	1.66194592773261	-3.00605541458442	"Een APV is een overeenkomst tussen een " piraat " en de Belgian Anti-Piracy Foundation , die de strijd cordineert tegen de <font color=red><b>piraterij</b></font> van films en consolegames ."
piraterij/noun/NB_20051119_01/172362	b	4.58500824603936	4.86056750778629	1.71289045973933	-1.94748860204193	2.47456667769818	-5.50510334069021	-5.54274225318283	-2.11824359713779	3.54901693104269	-0.59869506887621	4.09816985270577	-5.95100195275853	"Sector blijft strijden tegen <font color=red><b>piraterij</b></font>"
piraterij/noun/ad19990210/599	b	1.62241676080125	-1.59358006169745	2.78043476757018	3.02130078906329	-1.7747040021639	0.182038884948171	0.0524935410999942	2.79455646859974	0.811012222243695	2.08620670009678	-2.77483516344038	-0.647860481450896	"De internationale tennisofficials , conservatief tot op het bot , spraken er schande van - <font color=red><b>piraterij</b></font> was het ."
piraterij/noun/ad19990904/6145	a	-4.75896071616979	2.33188708737833	3.41777987617076	5.62879373215462	-3.8164410705947	-0.214421867830734	-0.828834061251764	4.64556989925002	1.07026560959489	3.24091564305245	-5.18514199122451	-3.13387238036181	"Dit magazine behandelt vooral zaken die door de week niet of nauwelijks aan bod komen : grote reportages , zoals <font color=red><b>piraterij</b></font> op zee of lobbyen in Brussel , prettige dingen van het leven , zoals tuinieren , koken en mode ."
piraterij/noun/ad20000114/57894	b	2.22234473973507	-4.01743630730064	4.35526374568046	2.45446475548758	3.34011145451995	-0.76068681052257	-1.97234802965862	3.84449399771708	2.31766855882473	1.8404930637222	-5.45240296707418	2.43224458977619	"Wel bestaat de vrees dat <font color=red><b>piraterij</b></font> daardoor toeneemt ."
piraterij/noun/ad20001125/32268	a	0.138471776693149	-0.539592091465287	0.832514181904026	2.0037973833686	-0.498134556759226	0.397157630918708	0.431237918071735	1.6185711975095	0.55356605391909	1.09670050207353	-1.05429683026319	0.0762582310148596	"Side kent een lang verleden van <font color=red><b>piraterij</b></font> en heeft vooral geschiedenis gemaakt als belangrijke slavenmarkt in de tweede en derde eeuw na Christus ."
piraterij/noun/ad20010108/18615	b	1.58747800025425	-1.50770504226283	1.75193834878052	1.74216365908633	0.938469379062434	-0.210074494475811	-0.383168137612186	-0.834943482289205	0.989852355917096	0.661366036251613	0.0408680753741122	-0.481747726334978	"Dat was in het gedenkwaardige jaar 1976 , toen Veronica de <font color=red><b>piraterij</b></font> verruilde voor de bonafide aspirant-status aan de vaste wal ."
piraterij/noun/ad20010706/520	b	0.176422123285917	0.124045579608556	0.710906144472662	1.22765268781692	-0.140992085042773	0.339584344994228	0.271539188807682	0.985084814570305	0.703190227647263	0.986083957733939	-0.388991574916144	0.128804541817685	"De internationale rechtsorde balanceert op de rand van <font color=red><b>piraterij</b></font> met deze ` vangst ' en zal op hoog niveau recht moeten spreken , wil het te rechtvaardigen zijn dat ` lagere ' , nationale wetten buiten werking worden gesteld ."
piraterij/noun/ad20020618/1460	a	3.20402715999892	2.4607247890794	2.43676854985919	-2.1771787391566	0.273276671387505	-2.84993817514128	-3.20937157203191	0.17420174090674	2.56125309601074	0.273424962761024	1.75691284428001	-3.94355505396302	"Het is zelfs een tamelijk oud begrip : het werd al in 1817 door een Britse rechtbank geaccepteerd ten aanzien van een heel ander misdrijf : <font color=red><b>piraterij</b></font> ."
piraterij/noun/ad20020729/20979	b	-1.99408869027537	-0.273331990360355	-1.11384947506976	1.30753158181967	0.404408954073334	4.01521443386195	3.63141219358602	-0.0204768734327381	-1.29292834701218	0.683089185387133	0.129960570909806	4.70330724796632	"De industrie zegt dat de schade door <font color=red><b>piraterij</b></font> op het internet jaarlijks zo'n 4,3 miljard dollar beloopt ."
piraterij/noun/ad20020920/40333	b	1.16728871406116	5.65550511321385	4.3379094145099	-1.48312023023472	-2.05887776249386	-1.5548865746618	-2.44140509955013	2.41700772854129	1.77824132157035	2.12214047622976	-1.8008047853292	-3.32532925324495	"Het aandeel van de georganiseerde misdaad in de <font color=red><b>piraterij</b></font> nam verleden jaar echter af van 2,1 naar 1,5 miljoen exemplaren door investeringen in het opsporingsapparaat van BREIN ."
piraterij/noun/ad20020920/40387	b	0.889202783560184	-1.88407742827766	2.74566948517366	1.46708713291975	1.1379565477209	0.463903277451755	0.852026198386066	-0.15540824641544	0.65573378612953	0.457487116711234	0.645223892919154	0.458351124419689	"Hiermee zijn gaten gevallen in de misdadige organisaties die zich bezighielden met grootschalige <font color=red><b>piraterij</b></font> " , meldt Kuik ."
piraterij/noun/ad20040128/8291	a	3.12366027019904	-0.650124543588014	0.371192329704747	-1.33693814259488	4.18247035737055	0.940066356039486	2.44095812588032	-3.00422349165957	-0.270554667916681	-1.25263646457963	4.81262382111685	2.68388794556384	"Zolang dat land geen maatregelen neemt om zijn wateren beter te beveiligen zal de <font color=red><b>piraterij</b></font> alleen maar toenemen , zegt het IMB ."
piraterij/noun/ad20040212/17677	a	0.811867048120937	-0.114162915207604	1.31550445785834	1.12570325074154	-0.290447257839092	-0.0236208308990667	-0.0138175299068779	1.18800915082176	0.909169079259904	0.966097203863834	-0.378683246958017	-0.250396802357117	"De korvetten worden gebruikt voor de beveiliging van door <font color=red><b>piraterij</b></font> geteisterde zeestraten , wat belangrijk is voor ongestoorde doorvoer van olie ."
piraterij/noun/ad20041001/14835	a	1.95221999630839	1.82260615595463	1.70017087826197	-1.19939444212732	3.30254532273459	-1.67766371035865	-0.871412271876855	-2.7017382593044	1.42173396860623	-1.10836324583073	5.41032648274683	-0.36630411038767	"Om bijvoorbeeld <font color=red><b>piraterij</b></font> tegen te gaan levert de VS schepen aan de Nigeriaanse marine ."
piraterij/noun/ad20041228/21628	b	3.3833905780915	0.270020982909411	3.15951093010904	-0.321648200793344	1.50321988126137	0.701120524350815	0.585488578778849	-0.210146861549525	0.988582394293572	0.47041642279559	0.608166202984294	-0.434385044690509	"Met <font color=red><b>piraterij</b></font> was de rechter het eens ."
piraterij/noun/nrc19991117/44047	b	-2.69568668869279	-1.06716068700504	-2.7603155485934	2.45122391588347	-0.550959087566527	1.96861268918977	1.68390609367046	1.24719290403464	-0.28768354365694	1.30866584563372	-1.0589958195878	2.06701585361036	"Met de invoering van digitale satelliet-televisie hadden de exploitanten van betaal-tv gedacht dat de dagen van de <font color=red><b>piraterij</b></font> geteld waren ."
piraterij/noun/nrc19991117/44441	b	-0.156928258217731	0.976282111944686	0.237549030287548	0.387216876071567	2.10783287590156	2.00673272741953	2.44667721014438	-1.25518992567678	-0.292899033098966	-0.285392545263162	2.34352152260004	2.42148960773337	"De digitale <font color=red><b>piraterij</b></font> lijkt Canal+ nu primair juridisch te willen bestrijden - de Europese- en Nederlandse wetgeving bieden daartoe sinds kort de mogelijkheid ."
piraterij/noun/nrc19991224/128056	b	3.11568194348835	2.39126522667283	2.66184650264211	-2.25762844270924	2.56458331847339	-3.50945970534146	-2.8585840044961	-2.22734362468825	3.21642391718073	-0.867255020522676	4.4200945108486	-5.10768495056614	"Hij prees de Chinese regering omdat ze de laatste jaren hard optreedt tegen <font color=red><b>piraterij</b></font> ."
piraterij/noun/nrc20000114/19471	a	-2.74425194039717	2.11920247456049	3.40923393363467	3.86983769008296	-4.4581301929994	4.72204199464537	2.12200728678262	6.656602674722	0.351254370795807	4.51633412251149	-9.56718487289012	-0.528253360269272	"Shakespeare met Macbeth en Vondel met Gijsbrecht zorgen voor de teksten , naast ooggetuigenverslagen uit Sebrenica en zelfs een zeventiende-eeuwse tekst over <font color=red><b>piraterij</b></font> ."
piraterij/noun/nrc20000214/10174	b	2.98840875590309	2.81572888590233	2.59443591655555	-2.0865095548583	3.02050263626591	-2.79604141886067	-1.98177230521787	-2.34308684296495	2.46956689957937	-0.628330806671636	3.38798629112485	-2.66982089318107	"Van Thiel vertelt de luisteraars dat hij het eens is met acties tegen <font color=red><b>piraterij</b></font> , maar toch wel geschrokken is omdat hij minder anoniem is dan hij dacht ."
piraterij/noun/nrc20000429/32134	a	1.12452156004958	-0.449523400201576	1.9534157960587	1.60077393633474	-0.76100935355339	0.0113691297646001	-0.247645563695436	1.58954457455412	1.00962843904288	1.35682366570677	-1.1753653930269	-0.721096109919219	"Het leverde China kritiek op van het Internationaal Maritiem Bureau , omdat de vrijlating een schending van de internationale conventies over <font color=red><b>piraterij</b></font> inhield ."
piraterij/noun/nrc20000801/9629	a	-1.68232141503513	-1.70762162873081	-1.29525207971471	1.87048603258544	-2.51758415548244	1.86524094227142	2.15642302471184	3.55585815861948	-0.243257089123588	2.17694642245982	-2.26353822303255	2.64562414956691	"De eerste helft van dit jaar is het aantal gevallen van <font color=red><b>piraterij</b></font> wereldwijd met veertig procent gestegen vergeleken met dezelfde periode vorig jaar ."
piraterij/noun/nrc20000810/4791	b	0.680040554036215	3.35831305757844	0.359523839992954	-1.67781865044986	1.62132272316201	0.261549534169203	0.812148735277255	-0.956209008526342	0.480824172168137	-0.38106034622321	2.55776419859095	0.954899859508076	"Tot op heden zijn de inspanningen van de muziekindustrie om <font color=red><b>piraterij</b></font> tegen te gaan steeds gericht geweest op het aanpakken van de openlijke vormen daarvan met als doel het voor de consument moeilijk te maken om kopien te distribueren ."
piraterij/noun/nrc20010104/59358	a	-2.36958837279422	-3.14546248447851	-0.833377836164686	4.95738751358354	0.151489386368323	2.88164383881085	2.99214392014035	2.19394645156973	-0.357740972683747	2.15449686750575	-3.5029707833744	1.91984672001318	"" De moderne <font color=red><b>piraterij</b></font> is gewelddadig , bloedig en onbarmhartig " , zegt plaatsvervangend directeur Jayant Abhyankar van het regionale ICC-kantoor in de Maleisische hoofdstad Kuala Lumpur , dat de gegevens over de piraterij</b></font> bijhoudt ."
piraterij/noun/nrc20010303/55351	b	-0.0308541236135151	5.25943176907744	-1.68992099389269	-4.3000970716384	0.837505494497989	-1.67779559105087	-1.10192167273772	-0.382255828578804	2.06960240659314	0.396276049654437	1.94874093400303	-1.97904966804803	"Als reactie op deze houding is de Indiase film- en muziekindustrie een campagne begonnen tegen <font color=red><b>piraterij</b></font> ."
piraterij/noun/nrc20010402/9970	a	4.1322081207189	4.84263449973975	0.923217278767786	-4.77313744942113	3.28574189420893	-3.59540275643608	-3.20510811515559	-2.62517750660548	2.84385877177463	-0.915146460204689	4.72877067000644	-3.70110046512824	"En dat als een soort varend fort beveiligd is tegen <font color=red><b>piraterij</b></font> ."
piraterij/noun/nrc20010522/22496	b	-1.96424092868505	1.19417904170502	-1.56033554570081	0.188138846729745	-1.76356438305266	1.43646901363078	2.144563658979	2.224854760618	-0.809679790510123	1.04891623577241	0.550604937760852	4.48220025902988	"De <font color=red><b>piraterij</b></font> kostte Europa 8,3 miljard gulden ."
piraterij/noun/nrc20010915/93236	b	1.55370676047785	3.18515999656445	0.595884282665822	-1.40174491514527	1.81098435298606	-0.981616561303188	-0.291685780349689	-1.39683038353486	1.18081773231828	-0.321586164102675	2.84533834976503	0.050691496123369	"De DMCA is ingevoerd om houders van auteursrechten bescherming te bieden tegen <font color=red><b>piraterij</b></font> ."
piraterij/noun/nrc20010925/20794	a	0.381922150707126	-0.30709920380955	0.823864409210905	1.63545926544287	0.203301063817753	-0.633963826765595	-0.610671924100114	0.793766704372329	1.22864399864649	0.868875384916492	-0.0909411720777678	-1.51468049812985	"De Atjeers stonden te boek als zeerovers en dwarsboomden met hun <font color=red><b>piraterij</b></font> de Engelse en Hollandse zeehandel ."
piraterij/noun/nrc20011012/23247	a	1.57826150529492	1.16370235010389	1.35908459756724	0.357773122306492	6.97084186732392	2.86332137965436	5.01274497349776	-4.80489126809525	-1.28860140709175	-2.66145121599356	7.478166610816	5.26329427030685	"Niet alleen als oorlogsbuit , maar ook door <font color=red><b>piraterij</b></font> ."
piraterij/noun/nrc20020517/151106	b	0.42378233248764	0.0961206623514883	0.977880745076988	1.19744925952303	-0.320156180469265	0.192211569127714	0.102843147392672	1.19536997494654	0.801448420888955	1.08633693694412	-0.653431288417105	-0.285114023301929	"De omvang van de <font color=red><b>piraterij</b></font> is heel zichtbaar op de Gorboesjka-markt in de voormalige Roebinfabriek ."
piraterij/noun/nrc20020517/152644	b	0.895793704230585	-0.467663308603724	1.18129365185519	1.27231812299297	-0.824572912801872	-0.24865965485054	-0.421144561011414	1.46659063159622	0.962160489125365	1.16092724962441	-0.943988418330578	-0.595048594537998	"Na de val van de Sovjet-Unie was het antwoord helder : <font color=red><b>piraterij</b></font> ."
piraterij/noun/nrc20020517/50100	b	0.423047380727234	0.0577522762477653	0.901933206054805	1.2787800556922	-0.244430022502928	0.20131541988297	0.139271299583318	1.18457471889938	0.802559325456677	1.08608766329909	-0.699070680429042	-0.268936474932199	"De omvang van de <font color=red><b>piraterij</b></font> is heel zichtbaar op de Gorboesjka-markt in de voormalige Roebinfabriek ."
piraterij/noun/nrc20020517/52161	b	2.21308050059539	5.93901440170709	0.808046664638411	-4.56577423864679	2.03489321901133	-1.54318778562439	-0.840014200013004	-1.69901435659188	1.57429452618509	-0.665007719540196	3.61055103342035	-0.405937582843215	"Een cd-fabriek heeft een kwartier nodig om sporen van <font color=red><b>piraterij</b></font> te verwijderen . ""
piraterij/noun/nrc20020517/52171	b	2.29231300443571	5.61048519231668	1.01376222981373	-5.22057825219071	1.7653392380547	-1.81147336116749	-1.35090127696288	-1.55111319905731	1.82974147545926	-0.660238187324801	4.00021229722709	-1.26979261854292	"De oorlog tegen <font color=red><b>piraterij</b></font> lijkt op de oorlog tegen de drugs : niemand weet wie er wint ."
piraterij/noun/nrc20020705/16880	a	0.696746641865196	-1.74062473382355	2.34342739683803	2.81067436259824	-2.57418602268705	0.254490403471253	-0.13592118513424	3.61610371315416	0.872944112152413	2.50832179130573	-4.04149806233982	-1.64196643255335	"Een door de uitgeverij als ` strijdbaar ' aangeduid boek over ` de sombere staat van dienst van ons koninkrijk overzee ' , over <font color=red><b>piraterij</b></font> , oorlogen , slavernij en kaapvaart in zowel Oost als West ."
piraterij/noun/nrc20020717/26120	b	-3.40322606516568	-1.23658480812731	-1.76888089282213	2.26285375320112	-2.14958236554773	1.49706602567852	1.56945656844682	2.87929153098328	-0.188055348560544	1.75619490242386	-1.82637173644556	2.36506448334598	"Reportage over het negatieve effect dat de groei van digitale <font color=red><b>piraterij</b></font> heeft op de amusementsindustrie ."
piraterij/noun/nrc20020816/57310	a	2.26088330723043	-0.0256122933987429	2.72624174932275	1.20155560928506	0.591246131862863	0.291024545427829	0.71976424948997	0.230648126895352	0.347546450212917	0.173066620675253	1.4147386612501	0.948418985733905	"Sindsdien brengt Jacob zijn dagen door met slavenhandel en <font color=red><b>piraterij</b></font> ."
piraterij/noun/nrc20020921/43375	a	0.900348300472996	1.36116994259309	0.655032994981327	0.207380462152583	1.23268422014586	-2.07960030800907	-1.88404980889026	0.22541856411107	2.08939177389918	0.310000874724454	1.41578793508973	-2.98054850181119	"De war of ideas richt zich tegen allerlei vormen van slavernij , <font color=red><b>piraterij</b></font> , volkerenmoord en andere uitwassen die geen weldenkend mens achteloos terzijde kan schuiven ."
piraterij/noun/nrc20021007/34631	b	-2.48117394969267	0.116588138639588	-2.30802879465412	0.677325151763284	0.886024401808009	3.2210193666574	2.94700674984935	-0.446729699903997	-1.4211307450732	0.358601824944467	0.985223795962033	4.12244804489192	"We hebben het over de zorgen van hun Amerikaanse platenmaatschappij MCA en alle andere maatschappijen over de ` <font color=red><b>piraterij</b></font> ' op internet ."
piraterij/noun/nrc20030628/101767	a	-0.385708378848307	-1.45149721089862	1.0343300387543	3.33493238590267	-2.25154504528591	0.789214379207044	1.3349661304336	2.86340240761777	0.295437800955957	2.19951612164232	-2.7829053079346	0.470169862004703	"Kaapvaart , ook wel commissievaart genoemd , was een vorm van gelegaliseerde <font color=red><b>piraterij</b></font> in oorlogstijd ."
piraterij/noun/nrc20030719/10088	a	1.79292760246733	-3.05172805309818	3.16639124882068	2.24158739560819	-0.547785945913761	-0.0642999849167789	-0.250355846560338	1.51861646809653	0.903400315153795	0.955634545034984	-0.811021383379699	-0.240694046124808	"Uit cijfers van de IMO blijkt dat het aantal meldingen van <font color=red><b>piraterij</b></font> de afgelopen jaren fors is gestegen , met name in de Zuid-Chinese Zee en de Indonesische archipel , tot zo'n vier-  vijfhonderd per jaar ."
piraterij/noun/nrc20030719/8478	a	0.0207002546612135	-0.0841447126968043	0.682894541049364	1.80164773672586	-2.6370814432841	-0.58708138583373	-0.788258141175535	2.91286550563331	1.02850885340098	2.30415790604859	-2.74301470245635	-1.7562727588819	"Het International Maritime Bureau ( IMB ) , een onderdeel van de International Chamber of Commerce , hanteert dan ook een brede definitie van <font color=red><b>piraterij</b></font> : hiertoe worden alle gewelddadige aanvallen op schepen gerekend die erop gericht zijn een misdrijf te plegen , ook aanvallen die uit politieke motieven voortkomen , zoals kapingen ."
piraterij/noun/nrc20030719/9879	a	0.13863174093749	-0.0639117458377754	0.669603541891984	1.78662720828054	-2.60134160387681	-0.289983423047493	-0.876621158507169	3.07225506584586	1.0319470377019	2.32579274762299	-2.61108753064743	-1.58541616886833	"Het International Maritime Bureau ( IMB ) , een onderdeel van de International Chamber of Commerce , hanteert dan ook een brede definitie van <font color=red><b>piraterij</b></font> : hiertoe worden alle gewelddadige aanvallen op schepen gerekend die erop gericht zijn een misdrijf te plegen , ook aanvallen die uit politieke motieven voortkomen , zoals kapingen ."
piraterij/noun/nrc20030812/43213	b	-0.771436196876577	-1.26121573853541	0.103256113390279	3.19832487519927	0.318966665380846	1.49979763253262	1.33125784763055	1.71533784195576	0.0829425429037928	1.63362425500071	-3.03964092077684	2.14859154997972	"Gesprek met de Nederlandse brigade-generaal Rob Bertholee van de International Security Assistance Force ( ISAF ) in Afghanistan en een reportage over de <font color=red><b>piraterij</b></font> met films die eerder op dvd worden uitgebracht dan in de bioscoop ."
piraterij/noun/nrc20040211/43457	b	2.12964517774367	2.15344137703851	2.19860437408248	-1.05064828574487	1.28612461536818	-1.75177980646245	-1.40778870945628	-0.645531858450897	1.56345751121777	-0.187048952490474	2.93336956197313	-1.25441079893889	"Woordvoerders van VVD en CDA onderstreepten ook het belang de Indonesische marine in staat te stellen actie te ondernemen tegen het snel groeiende probleem van de <font color=red><b>piraterij</b></font> ."
piraterij/noun/nrc20040219/9429	b	0.475374798585388	2.72994182726371	-0.421498802335408	0.570329578173783	2.47601208494268	-1.71467815410941	-0.979247316053417	-1.51053637874081	1.97631596508877	-0.324620366358214	2.05511050827791	-2.18177103250997	"De angstigen zijn grote producenten die vrezen dat digitale film voor hen zal betekenen wat digitale muziek voor de muziekbranche betekende : een continu gevecht tegen <font color=red><b>piraterij</b></font> en thuiskopiren ."
piraterij/noun/parool19990327/83996	b	1.31070004285283	-0.259930611811569	1.52609701358341	1.58913437330593	1.87839390479961	1.1807817438544	1.59480907629616	-1.07196046509172	-0.00188019216867716	-0.355910986015318	2.41587052637834	1.9108372500208	"Wordt een kopie aangetroffen , dan is altijd te achterhalen wie zich schuldig heeft gemaakt aan <font color=red><b>piraterij</b></font> ."
piraterij/noun/parool19990615/27592	a	3.04255268995462	-0.137833290795095	3.2197476349127	0.51039470095099	0.364627029171512	-0.253859953042065	-0.500332434958821	0.311333649994666	0.640349274136365	0.217949422071137	1.90627631412964	0.504044238364236	"Ruim anderhalf jaar later is hij zo ver dat hij een kantoor kan gaan opzetten in de Filippijnen , gelegen in n van de gebieden waar de meeste slachtoffers van <font color=red><b>piraterij</b></font> vallen ."
piraterij/noun/parool19990617/2696	b	-0.369110491849613	-0.819755045664455	0.511875128217557	2.43261270248633	-0.916874173483495	0.77266036745029	0.697200988675434	1.91302062242723	0.3923974294575	1.51954752335376	-1.76511286021644	0.387904144866447	"Al lijkt de nieuwe vorm van <font color=red><b>piraterij</b></font> voorbehouden aan de relatief kleine groep Internet-gebruikers die over de juiste hardware en kennis beschikt , met de beschikbaarheid van cd-branders die verspreiding op cd-rom mogelijk maken zal het niet lang duren voor criminelen er handel in zien ."
piraterij/noun/parool20000701/72959	b	-2.63629764473309	-0.502891223405584	-3.23289245889247	0.480275895358193	-0.29063089405617	2.27386058509627	1.8949167659694	0.934200771394371	-1.25372387357949	0.903663538039436	0.168711620462313	4.16324268913657	"DRF heeft wel een heuse eigen webzoeker : Fryhoo , dat vanzelfsprekend in zijn geheel is gekopieerd van Yahoo - onbeschaamde <font color=red><b>piraterij</b></font> is altijd een pre op internet ."
piraterij/noun/parool20000812/16416	b	0.692030913310224	0.014777041117545	0.779282695235333	1.06733073313999	0.0644697549285727	0.361850261123808	0.45060204312311	0.865717337885551	0.685447854439278	0.946160422597359	-0.378533753793776	-0.0207187965485348	"De Amerikaan was furieus , en beschuldigde Pouyaud van ' wetenschappelijke <font color=red><b>piraterij</b></font> ' ."
piraterij/noun/parool20001223/83697	a	0.00740520244065087	-0.888903416822125	1.02057523052698	1.97750026310794	-2.54267786931338	0.101054848695221	-0.33066672523923	3.56260997406367	0.754506377453058	2.23647035641007	-2.72576160810383	-1.35763349852032	"Disneyworld grossiert in het herstellen van illusies - van romantische <font color=red><b>piraterij</b></font> , idyllische exotica en sprookjes - net als De Efteling en ( de naam zegt het al ) Het Land van Ooit ."
piraterij/noun/parool20010215/17866	b	0.664889111352222	0.072627223073696	1.08765821504903	1.06985769531988	-0.28529464898855	0.0925759629791812	0.23182579586075	0.945572680554966	0.835486234855405	0.969644632202437	-0.283012024454143	-0.0845496276645458	"Maar volgens J. Lensink van De Vos & Partners , die voor de softwareindustrie <font color=red><b>piraterij</b></font> volgt , is het ' in theorie ' mogelijk gebruikers van Napster ook in Nederland te volgen ."
piraterij/noun/parool20010323/44452	b	-0.738577808288394	1.40362696605592	-1.59054035302514	-0.653333618630563	0.387307164201114	1.09561992798215	1.20219434080858	0.418964669874332	-0.164562313460408	0.57060171005621	0.671453601082239	1.58832525788448	"De regering werkt hard aan de illegale <font color=red><b>piraterij</b></font> van cd's , maar er zijn wel muziekuitgevers en staatsbedrijven die ze verkopen ."
piraterij/noun/parool20010519/40576	b	0.48229900297257	0.285192330249549	0.666881332968323	1.02112303093723	0.0519970735894081	1.07384216920272	1.19696287567259	0.952945104468724	-0.00177279168643827	0.3289161550792	1.07989200145597	1.48590285604717	"En sinds Philips al zijn softwareactiviteiten ( zoals platenmaatschappij Polygram en videoketen Superclub ) heeft afgestoten , heft het zich ook niets aan te trekken van <font color=red><b>piraterij</b></font> ."
piraterij/noun/parool20010908/189	b	-0.909791416689701	0.986860091473905	-0.883390790691429	0.348479338193571	1.33471254651682	3.61479000669504	3.6261486995005	-0.825123580690713	-1.32625243063266	-0.151803112120869	2.54036749607042	4.28961498330161	"De stap om zelf films aan te bieden op internet wordt gezien als een manier om <font color=red><b>piraterij</b></font> een halt toe te roepen ."
piraterij/noun/parool20011201/24503	b	1.06291787812451	3.06799037735581	-0.470543011463997	-1.53073621548087	3.87095135920965	-5.48955143215598	-5.17403584231629	-3.26435490988196	4.18868787702694	-1.84390502144741	7.23584820546755	-6.75980607464069	"Voor uitgevers een ideale oplossing tegen <font color=red><b>piraterij</b></font> ."
piraterij/noun/parool20020204/13624	b	-1.33739766450164	-1.05403375093911	-0.96426941832759	1.91401939193068	-0.0823894713531263	1.27658340228883	1.35785785907244	1.40309592085561	-0.0425538319405415	1.03709371077683	-0.324616028020906	1.28805128999381	"Het muziekconcern saneert omdat de afzet van cd's is gedaald door ' sterk toenemende <font color=red><b>piraterij</b></font> en het zelf branden van cd's' , aldus Sony ."
piraterij/noun/parool20020314/34323	b	-2.15686064273047	0.681177620027205	-1.49672241116899	0.916907716558693	0.119926958437962	5.03992908488715	5.25451024534212	0.00614695999466993	-2.24733882717587	0.977772605923166	0.218503035593202	7.73523762344522	"De platenbranche wijt dit aan de ongebreidelde <font color=red><b>piraterij</b></font> , waarbij muziek illegaal via internet of gebrande cd's wordt verspreid ."
piraterij/noun/parool20020316/12608	b	-3.66251548104691	-4.21262216556405	-2.7522139498736	-4.84978144331323	0.480717368803303	2.01316279967359	0.215839110281993	-1.4703773010608	2.37765194253538	1.2405146078866	2.81523305186966	-0.509658004328014	"Want <font color=red><b>piraterij</b></font> is volgens Steinkamp niet alleen een zaak voor de muziekindustrie , maar ook voor uitgevers of film- en tv-bedrijven ."
piraterij/noun/parool20020612/8510	b	-0.158845108211878	1.7187121406422	-0.648414024442258	-0.0527345660552897	2.77757458802992	-1.71048672068211	-1.0938450490683	-2.55904277036357	1.33203123781891	-0.953965307719651	5.34960758811287	-0.426528962627507	"De <font color=red><b>piraterij</b></font> loopt in Spanje flink uit de hand ."
piraterij/noun/parool20031031/22309	a	3.44320699482046	-2.72795834067942	3.37005901823663	2.27341847024259	-2.94015207658352	5.6423976588113	-2.40887805298704	5.78596689029793	0.12530828300985	3.17564527114345	-3.68186961940863	5.05775855419191	"Volgens het IMB wordt bij <font color=red><b>piraterij</b></font> steeds meer geweld gebruikt ."
piraterij/noun/parool20031108/32980	b	2.81318102901698	0.716082413323297	2.36656087722342	-0.137160358730127	1.17899402626664	0.274311479281446	0.808290938625556	-0.63559293356046	0.413199836952602	-0.212310223344857	2.7294783074439	1.0363906478089	"Filmmaatschappij Warner Bros , onderdeel van Time Warner , rechtvaardigde de publiciteitsstunt als een poging om <font color=red><b>piraterij</b></font> te voorkomen ."
piraterij/noun/parool20040327/16115	b	1.02305951430268	-0.00357180145653967	1.10154432641242	1.4308191821923	1.04479652233314	0.182656438168622	0.598375310337889	-0.187952521807277	1.15250555600183	0.702042518689379	0.24455302411022	-0.267341818222466	"En de <font color=red><b>piraterij</b></font> die de popmuziek zo hard heeft getroffen , is bij klassieke muziek ook geen probleem ."
piraterij/noun/trouw19990116/75454	b	1.47050044032926	-0.771842915243639	2.08209616830335	2.40711892197608	-1.58370485416723	1.13835379603809	0.91365857125041	3.21453755260025	0.701947234984471	1.9005613120299	-3.14499372470352	0.229506367847797	"Kasparov bleek gisteren in Beverwijk andermaal niet vies van een staaltje schaakpolitieke <font color=red><b>piraterij</b></font> ."
piraterij/noun/trouw20000429/67466	a	3.33942213183025	0.74852359241897	2.91618360115613	0.262275964578737	3.8186898099448	0.660194199789667	1.83743216749648	-2.70444778237622	0.0164512104687795	-0.965312822733137	3.86490797754774	2.22555174705573	"Zestien Aziatische landen hebben gisteren tijdens een conferentie in Tokio nauwere samenwerking afgesproken om <font color=red><b>piraterij</b></font> in de Aziatische wateren te bestrijden ."
piraterij/noun/trouw20000729/24091	b	1.39705823093337	-3.62093900218746	3.55271229088446	-0.293581480463962	0.616565411463032	0.430589549847121	0.445170143940137	0.349657610858378	0.866511984955646	0.406006964595852	0.273215286779172	-1.21768465995784	"Een cd-brander en het programma Napster ( begin 1999 gemaakt door de 19-jarige Amerikaan Shawn Fenning en gratis van internet te downloaden op www.napster.com ) zijn innige partners in wat sinds donderdag officieel ' <font color=red><b>piraterij</b></font> ' heet en verboden is - althans , in de VS ."
piraterij/noun/trouw20020418/6106	b	-1.47566543457802	-2.5259353613671	-0.181934727004907	3.75844379455976	-0.720265639394762	0.288456008728628	0.118548800969282	1.75216079117298	0.707078573461015	1.31107844933315	-1.28321519507235	0.00364429171062343	"Met de komst van de videodisk is de <font color=red><b>piraterij</b></font> van films wel enigszins gestegen , aldus de NVPI ."
piraterij/noun/trouw20020814/32854	b	6.71061395633228	-0.721515257935903	-5.77443361129878	-2.11796261415131	-0.615506706988835	-1.93609176602586	-1.5855247546909	1.86612930787596	1.07338712252743	-0.626009103544616	-0.954637602888554	-3.83459966168186	"Maar het openbaar ministerie op zijn beurt heeft ook een verrassend wapen in handen ter bestrijding van namaak en <font color=red><b>piraterij</b></font> ."
piraterij/noun/trouw20030502/18160	b	-3.32230707457992	-1.37759035739131	-1.64278807768337	2.21455884430209	-0.0114933153244819	4.11786155863017	4.042317572608	1.14448424764308	-1.06895972421583	1.2086853050315	-1.16177465672436	3.8211563383066	"Het grootste probleem is eigenlijk de <font color=red><b>piraterij</b></font> ."
piraterij/noun/vk19970509/75787	b	0.482290389067064	-0.415438802770179	1.00040554487724	1.68454576998082	-0.637808218785913	0.147294730265445	0.156352483809356	1.39633724979219	0.901554923881662	1.20426238403129	-0.953542895355779	-0.543413593449802	"' Pure <font color=red><b>piraterij</b></font> ' , vindt Robin Simonse van Arcade , die de rechten van het originele lied bezit ."
piraterij/noun/vk19970517/109817	b	3.03934336481177	2.65842921320945	2.54091542376992	-2.21303264401511	2.58371882675017	-3.69781579754109	-3.31047128764649	-1.92308136658074	3.24486444448546	-0.879825086160189	5.39000828484574	-4.81462570933098	"Voordat hij zijn functie onder Clinton aanvaardde , was hij lobbyist voor de software-industrie , die keiharde maatregelen tegen <font color=red><b>piraterij</b></font> voorstaat ."
piraterij/noun/vk19971115/15625	b	-3.57976370974267	1.45270815850544	1.26052026499398	3.36493144583828	-6.42378508453477	1.61234286650934	5.43483842327711	5.55516280841031	-2.28051002246134	0.699705444272709	-6.55454460594789	-0.453777408514552	"Alle maatschappelijke instituties , gezin , onderwijs en politiek , staan bloot aan economische <font color=red><b>piraterij</b></font> ."
piraterij/noun/volkskrant19990118/15010	b	0.541231773678488	2.21638402505669	-0.898528353479013	-0.635752590145748	3.8389745077632	1.84271109705476	2.43146508596889	-2.14069090128642	-1.15460074463073	-1.08135103076914	4.30161999961944	4.73240872048041	"Pogingen om deze <font color=red><b>piraterij</b></font> wettelijk tegen te gaan zijn op niets uitgelopen ."
piraterij/noun/volkskrant19990306/79317	b	0.927483605030238	0.559354355962436	1.0876489855826	0.354165242850598	0.762592434003678	-0.0688451619746664	0.602899779592623	-0.789085902929856	0.335499462761484	-0.113581847417706	2.76633537736871	1.16958442805143	"Hij vertelde dat hij de overheid niet zover kreeg regels op te stellen om de <font color=red><b>piraterij</b></font> van de televisiestations te reguleren ."
piraterij/noun/volkskrant20000114/11526	b	-2.85375351654979	-1.01503358695923	-2.31508670959713	1.55190113952928	-1.71018254893474	2.02578932133102	2.40351571959503	2.28441451967651	-0.828793246329781	1.71335704409464	-0.713189495337465	3.66412599732151	"Uitgevers van cd-roms worden ernstig geplaagd door <font color=red><b>piraterij</b></font> ."
piraterij/noun/volkskrant20000401/54409	b	7.73680623398919	3.48666695693186	-6.58741207540284	-2.51171377346198	3.70565643069319	-4.08065559318199	-3.88461095781707	-2.581495898664	3.19987295362588	-1.38372987449693	4.49189705596571	-6.13622044366175	"Sindsdien bestaat de oorlog tegen de <font color=red><b>piraterij</b></font> uit meer dan woorden ."
piraterij/noun/volkskrant20000511/66181	b	-3.91803953677735	7.64079948985508	-3.16834853353544	-5.42124352264106	-7.3115162551013	-5.93395646549453	-0.22800428832686	-10.2896851314635	5.74797914357017	3.0855555519348	11.5812630728952	6.20863170646415	"De muziekindustrie ziet Napster als <font color=red><b>piraterij</b></font> ."
piraterij/noun/volkskrant20000714/26152	b	-1.75953708919116	1.38033219010102	1.07835408047696	4.49252868931364	-3.387050045766	1.0771807347204	1.08384454012379	4.30528048962744	0.156674756391565	3.27725225462418	-5.65769493069975	1.24283862083422	"We pretenderen ook niet dat we iedere vorm van <font color=red><b>piraterij</b></font> kunnen uitroeien ."
piraterij/noun/volkskrant20000814/8778	a	0.409465761721887	-1.76532322640134	3.57026202887812	7.02271772374962	0.682482816370938	0.345124350056911	1.02186375576783	0.91519869196906	-0.799603645035104	0.0207014245464398	-4.31407524945412	1.30998492758184	"Want <font color=red><b>piraterij</b></font> komt , anders dan op de Zuid-Chinese- en Caribische Zee , niet voor op de noordelijke wateren ."
piraterij/noun/volkskrant20000818/18585	b	0.976769177284524	0.895933211681883	1.14055951315494	0.016721995613429	3.3902440148358	1.18936618405446	2.09729378580384	-2.31531161180393	-0.170862114885318	-1.29702949207644	4.39588545352178	2.927955848483	"Om betrouwbare informatie te verspreiden , maar ook om de <font color=red><b>piraterij</b></font> te stoppen die op de fansites plaatsvindt : het uitwisselen , kopiren of verkopen van muziek ."
piraterij/noun/volkskrant20000825/22721	b	1.11718829933529	0.776639283762073	1.96741302440111	1.21273358271001	1.16627404032879	0.639312072743629	1.09983224058412	-0.540649312804678	0.226478560225213	0.0108857711109469	1.89823241608297	1.35502553045439	"Uit angst dat de beelden langs illegale weg worden verspreid , houdt een team voortdurend sites op internet in de gaten om te zien of sprake is van <font color=red><b>piraterij</b></font> ."
piraterij/noun/volkskrant20000826/91626	a	2.7359656817552	2.88283259993177	1.79892991118254	-1.26626268985388	0.808557732882801	-2.03446801061773	-1.46984616351269	-0.147007246805761	1.92386507333505	0.307673394818075	1.47918830177552	-2.03096258389402	"Bovendien was de apparatuur bedoeld voor patrouilleschepen die moeten optreden tegen <font color=red><b>piraterij</b></font> , zei hij ."
piraterij/noun/volkskrant20001101/43732	b	0.166538881254088	3.66590456594607	-0.931501719846432	-2.61748596731635	1.52751618484657	-1.65626469661697	-0.797117322476021	-1.23590556926968	1.71127501177605	-0.301158814653747	3.60211864232453	-0.565081857502173	"De vijf beschuldigen Napster van <font color=red><b>piraterij</b></font> , omdat het bedrijf gebruikers in staat stelt om via internet muziek uit te wisselen zonder zich te bekommeren om de auteursrechten ."
piraterij/noun/volkskrant20010222/32808	b	0.798853303891734	-1.29020401144343	1.69261667499275	2.58681424060346	-1.61315655406704	-0.622547053627522	-1.35392571218166	2.23471931797424	1.35358725362167	1.48433467002649	-1.72024662505795	-1.83006546981675	"' We hebben in het verleden en ook vandaag nog niets gehoord dat aan onze eis voor beindiging van de <font color=red><b>piraterij</b></font> voldoet ' , liet Universal in een verklaring weten ."
piraterij/noun/volkskrant20010404/10753	b	-1.92860069737489	-0.485031663233459	-1.9720903620264	-0.023987433364462	-0.749828354476639	2.20915340850977	2.10569100671653	1.43413804099239	-0.596970802920104	1.57095648908109	-0.779447653492085	3.13202122796217	"De bestrijding van <font color=red><b>piraterij</b></font> op internet is een taak voor onze belangenorganisatie , de NVPI . '"
piraterij/noun/volkskrant20010406/26985	b	-2.38480007896936	0.0315116399718829	-1.57174489231436	2.66485820645203	0.95919319122579	4.07716326810037	4.11155096053019	0.184027599812222	-1.87253651777658	1.31921289708137	-1.83269087602929	5.33359455741517	"Tot nu toe hielden ze de boot angstvallig af uit angst voor <font color=red><b>piraterij</b></font> ."
piraterij/noun/volkskrant20010411/47467	b	0.376094406119352	-0.0186722306376824	1.40456016639863	1.72370174100795	-0.986413726372982	-0.464408033145548	-0.50304472880043	1.32046060650455	0.852564942922781	0.967070307359115	0.00265206038091533	-0.136754354565349	"Veel van zijn clinten kampen nog steeds met het hardnekkige imago van <font color=red><b>piraterij</b></font> ."
piraterij/noun/volkskrant20010526/19272	b	0.931861555354527	0.966414739204782	1.16321224773496	-0.0464786041189175	2.67887947966015	0.328955070048761	1.19770023797962	-2.25504613713714	0.0792199195283397	-1.03433852395012	3.94527971163821	2.17540989444173	"Rochels , rotzooi op straat , <font color=red><b>piraterij</b></font> in het verkeer , mobiel bellen in de tram ."
piraterij/noun/volkskrant20010526/19637	b	0.732558871077327	0.481785514643544	1.49926466621752	0.993559193500997	-0.482909846878868	-0.0891890476444544	-0.155537356161909	1.2365923425077	0.913891858713746	1.06592198585871	-0.486967409547438	-0.596376340859433	"Vuil op straat kwam met stip op nummer een in de ' ergernissen hitparade ' die de krant publiceerde , op de voet gevolgd door verkeers <font color=red><b>piraterij</b></font> en de lakse houding van de overheid ."
piraterij/noun/volkskrant20010613/22865	b	0.188106278393575	-0.842267409634794	1.15600197279289	2.29344569348619	-0.259456527971652	0.148972614795094	0.0926163910447806	1.02598827657878	0.784051463833688	0.956863941322293	-0.812220369950332	-0.0413448899174942	"Dat betekent dat bij een op de drie exemplaren sprake was van <font color=red><b>piraterij</b></font> ."
piraterij/noun/volkskrant20011228/24288	a	0.264605480099634	0.351279983258043	4.58037150153082	-1.26520811389753	-1.48077331481701	0.339549150522256	0.302513635629836	2.52910909085422	1.09387061030004	1.79738952758699	-1.69725472528661	-1.98308492867757	"Noord-Korea heeft het incident betiteld als ' een misdaad van brute <font color=red><b>piraterij</b></font> en onvergeeflijk terrorisme , die slechts bedreven kon worden door Japanse samurai ' ."
piraterij/noun/volkskrant20020405/5512	b	-1.15971460883702	1.81919236950068	-1.0644273780272	0.119961188327335	3.54506330969296	3.9221976689266	4.5119698295662	-1.9449961042237	-1.53962284740912	-0.805659704873548	3.2212575093918	5.39845320262789	"Hij ziet de activiteiten van Kazaa als een serieuze vorm van criminaliteit : ' Tegen piraterij</b></font> is niet te concurreren , zeker niet als het gratis <font color=red><b>piraterij</b></font> is , zoals Kazaa ."
piraterij/noun/volkskrant20020405/61863	b	-1.11229061686356	1.78854509155491	-1.03539451425686	0.0948222252576813	3.59790450004039	3.95001182812199	4.51654978216189	-1.96236861023388	-1.53868006669065	-0.805507537134632	3.18670244926069	5.2592292710799	"Hij ziet de activiteiten van Kazaa als een serieuze vorm van criminaliteit : ' Tegen piraterij</b></font> is niet te concurreren , zeker niet als het gratis <font color=red><b>piraterij</b></font> is , zoals Kazaa ."
piraterij/noun/volkskrant20020601/46335	b	-1.47740431845609	1.49708950332135	0.012079359420003	1.70224681764698	2.14601693563125	0.821389137806314	0.982371202034618	-1.50967531705115	-0.129350222707056	0.177154250947564	0.598070587090815	2.64554760528194	"WATERDICHT Eindelijk hebben platenmaatschappijen een systeem ontwikkeld dat <font color=red><b>piraterij</b></font> door thuiskopieerders aan banden legt ."
piraterij/noun/volkskrant20020619/50417	b	-0.200760696468662	1.94124312203043	-0.537461898955098	-0.300112187898763	3.16751748888583	-0.906557725440433	0.0747867797647003	-2.47448620262418	0.558406629485331	-1.02736973106869	4.62502056371924	0.250769402776473	"De platenindustrie heeft opnieuw een slag gewonnen in de strijd tegen <font color=red><b>piraterij</b></font> op internet ."
piraterij/noun/volkskrant20020729/26061	b	2.88307869554595	1.49230112146208	3.82532136860061	0.2669141768701	-0.418316392913011	-0.512002606942393	0.489693969659708	2.25217852644329	0.411656128726318	1.44346656249259	-1.25767155020653	-0.993732886118035	"Dat maakt de bestrijding van deze vorm van <font color=red><b>piraterij</b></font> tot een Sisyfusklus ."
piraterij/noun/volkskrant20020730/16484	b	-0.881506976045174	0.61602212030331	-0.485854003117843	0.460541856135642	2.80512460243725	3.13583515695317	3.74025464720706	-1.56272512074992	-1.08419933115382	-0.56426893804782	2.95289496580064	4.22671977256342	"Volgens hem is het vrij eenvoudig om <font color=red><b>piraterij</b></font> met software en films tegen te gaan ."
piraterij/noun/volkskrant20020828/6409	b	-1.81925554157155	1.09170286428551	-1.53107012481788	0.165895677227397	-0.671953925025396	2.95887102776959	3.08240959776271	1.15566469942366	-1.29290200498686	0.768320354953151	0.90500037273059	4.78670694231291	"Dat wijt de daling aan <font color=red><b>piraterij</b></font> - via internet en illegale persingen ."
piraterij/noun/volkskrant20020829/40738	b	0.0124195895946879	1.29642554127148	-0.0586787167351153	-0.274306861840901	-1.44251159374385	0.999115103082667	1.6045082943772	1.01382337230522	-0.747090904157647	0.182802967579392	1.16105247368319	3.26865449633196	"Aangeklaagd door zes mediabedrijven die menen dat dvr-producenten gelegenheid geven tot <font color=red><b>piraterij</b></font> , omdat consumenten ' illegaal ' films van tv kunnen kopiren ."
piraterij/noun/volkskrant20021011/48447	b	1.67670663540033	-0.447920440796091	2.27818050102455	1.17051625573442	1.09958070684533	-0.229146045808034	-0.307379935546054	-0.120406816986184	0.691150559900528	0.288995844889432	0.566160731455047	1.8290207151717	"Het totale verlies aan handel in Rusland door deze <font color=red><b>piraterij</b></font> bedroeg volgens de IIPA in 2001 ongeveer 849 miljoen dollar , tegen 637 miljoen dollar in 2000 ."
piraterij/noun/volkskrant20030411/34079	b	-3.26994512145348	-0.121013096957672	-2.04712876383235	0.473972707442359	-0.30089677821043	5.06790277333895	4.92931534595704	-0.00818868831862517	-1.81054083413652	0.0816630629016833	1.50677709437948	5.71147302492699	"Bermans excuus voor de belabberde omzetten is k weinig verrassend : de platenbonzen bloeden leeg door de grootschalige <font color=red><b>piraterij</b></font> via internet en het massaal cd'tjes kopiren thuis ."
piraterij/noun/volkskrant20030501/33905	b	-3.18227067551188	1.56760450825609	-1.9619841142039	-0.0821882543976731	-0.483870212977652	5.21606547658325	5.21025057841046	-0.625316498206914	-1.86624738531478	0.735176352283421	1.46288438637266	6.9093303227357	"Die ziet miljarden dollars aan auteursrechten aan zich voorbij gaan door ' <font color=red><b>piraterij</b></font> ' via internet ."
piraterij/noun/volkskrant20030516/16814	b	-1.01516177041743	0.095783057061572	-0.224207779852181	0.851489513077603	1.62819126582615	1.7155825786192	1.75248923177721	-0.79625490931407	-0.0162881161565655	-0.0827931762829672	1.82335766847864	1.94091208945358	"De belangrijkste reden de film tot het laatste moment niet aan filmjournalisten te vertonen , is volgens Warner Bros. de angst voor <font color=red><b>piraterij</b></font> ."
piraterij/noun/volkskrant20030530/52911	a	0.713061734629231	-0.756690403151419	1.25620238525902	1.54035114235417	-1.85723476824699	0.348345509053164	0.451860335418127	2.67878675180153	0.715555417839182	1.84793811095153	-2.06848646210744	-0.368735742689463	"Hier was een man aan het woord die <font color=red><b>piraterij</b></font> , opiumschuiven , het leven van meisjes in een hoerenkast , stinkende lijken in een vooronder , niet gebruikte als kleurrijke stoffering , maar die er middenin leefde ."
piraterij/noun/volkskrant20030806/21632	b	5.24267986135394	1.8959567545337	5.19527428103466	-0.754264123542974	2.66543915231067	-1.09392862200525	-2.84483299236824	0.79650588699742	1.62688233760871	-0.0417047653603634	2.88985287032393	-2.00326468987558	"Het startschot werd onbedoeldgegeven door de partij die de <font color=red><b>piraterij</b></font> bestrijdt ."
piraterij/noun/volkskrant20031223/32021	b	1.05663451239321	-0.237394575566842	1.54653334975448	1.21435044514853	-1.55992544185787	0.291007028529702	0.124317179550927	2.53655314404588	0.650825162139071	1.56392938541292	-1.59346385415062	-0.00856927874469587	"Het gerechtshof in Oslo heeft een 20-jarige Noor vrijgesproken van <font color=red><b>piraterij</b></font> ."
piraterij/noun/volkskrant20040212/2815	a	6.46222224640341	1.29343766785194	5.68412949167245	-3.2155204663772	-1.17468244908855	-1.25594339127258	-1.32479757308763	2.15348673003938	1.44752131589594	1.31892490719523	-0.464826013543807	-1.93621515804366	"Indonesi wil de korvetten inzettenvoor kustwachttaken , zoals de bestrijding van <font color=red><b>piraterij</b></font> en smokkel ."
piraterij/noun/volkskrant20040310/24598	b	-4.78493745781906	-0.594801984168924	-3.37304724882003	3.39999060147421	-1.36779783990574	0.76409013458695	1.05617190876754	1.96377275024932	0.0175051721055431	1.83855584214412	-2.05804941692101	1.28887058080043	"Het nieuwste werk van zowel Ilse De-Lange als Krezip verkocht mede daardoor aanzienlijk minder goed dan hun debuten uit respectievelijk1998 en 2000 , de jaren vr de grootschalige <font color=red><b>piraterij</b></font> ."
piraterij/noun/volkskrant20040408/29345	b	-0.136904236571698	3.42082196507068	-0.441344898473253	-1.9946054055087	-0.690820488694177	-0.702497963291961	-0.839031335226325	1.24953360244637	0.296597426293551	0.867758700741756	1.36495967267619	0.338008715100376	"Ook de televisie is het slachtoffer van de <font color=red><b>piraterij</b></font> ."
piraterij/noun/volkskrant20040709/18582	b	2.11190080722233	2.41773702364997	1.48833400468669	-4.65755675184177	2.25380803076071	-2.82103273411578	-1.96544832358261	-1.43883277096196	2.54825715516621	-0.41959023694495	3.02543532526671	-2.82471385706846	"Een inval is het ultieme wapen dat de BSA inzet tegen <font color=red><b>piraterij</b></font> ."
piraterij/noun/volkskrant20040709/18674	b	-3.4576883533362	-1.32122137648369	-4.09932709474476	2.3101307700003	-0.46466318556638	1.11203810178022	0.943347218926537	1.31584839895963	-0.301841754556577	1.56028840487118	-1.30731012202009	1.98894110611476	"Door de acties van de BSA , de hoogconjunctuur en beter beveiligde software is het aandeel van <font color=red><b>piraterij</b></font> in tien jaar teruggebracht van 64 procent tot 33 procent ."
piraterij/noun/volkskrant20040917/40846	b	0.498573904861227	-0.242033467710718	0.895035325084138	1.3181670893793	-0.38869746485142	0.183070775167952	0.128773088772109	1.27575979975287	0.779120740261344	1.08108755447559	-0.653338345399694	-0.277820304881557	"Peru is de koploper met 40 procent <font color=red><b>piraterij</b></font> ."
piraterij/noun/volkskrant20040917/41245	b	0.854247392156139	-0.569727680785721	1.37190958211241	1.29918538645323	-0.831186417983523	-0.216656304604508	-0.37345342917061	1.44203644876496	1.01356524389024	1.21508636715667	-0.9122977851697	-0.620153481907549	"Martn Moscoso , chef auteursrechten van het consumenteninstituut Indecopi , is namens de overheid de hoofdbestrijder van de <font color=red><b>piraterij</b></font> in Peru ."
piraterij/noun/volkskrant20040930_kk/12775	b	2.45450823570779	0.292645128735852	1.50921711789915	0.458981575076076	3.00635827212958	0.250613044180979	1.23031766958207	-2.82893489494716	0.0904650379396423	-1.17479320061689	4.92854470091483	2.39964520312688	"De cd-verkopen dalen , de ' <font color=red><b>piraterij</b></font> ' tiert welig ."
