token	label	LeNC44.L1LLRx5.x	LeNC44.L1LLRx5.y	LeNC77.L1LLR.x	LeNC77.L1LLR.y	LeNC44.L1LLR.x	LeNC44.L1LLR.y	LeNC77.L1LLRx5.x	LeNC77.L1LLRx5.y	LeNC44.ppmi.x	LeNC44.ppmi.y	LeNC77.ppmi.x	LeNC77.ppmi.y	text	LeNC44.L1LLRx5.maxW	LeNC77.L1LLR.maxW	LeNC44.L1LLR.maxW	LeNC77.L1LLRx5.maxW	LeNC44.ppmi.maxW	LeNC77.ppmi.maxW
motor/noun/ad19991016/65663	a	4.21306260359	-0.669433747737	2.0953992938	2.71695605114	-3.62818382831	1.70158870031	-2.1513930921	0.742905889566	-2.55078910256	3.57458643821	-4.42408123978	4.8289440889	"Het gebruik van magnesium in het versnellingshuis maakt de <font color=""red"">motor</font> alleen al zeven kilogram lichter ."	9.52	7.67	7.91	9.28	5.03	4.89
motor/noun/ad20000801/6645	a	-1.65198970429	5.02479174746	-3.04063338584	-0.141102861004	4.04500166534	3.92939006585	3.71329198544	1.1208279293	0.521125734091	0.121100626809	4.57024747627	-1.03617784298	""" Aangezien Renault straks aan Benetton gaat leveren , kon Supertec mij niet verzekeren dat we een nieuwe <font color=""red"">motor</font> zouden krijgen ."	8.26	6.6	6.65	8.21	0.96	4.67
motor/noun/ad20000909/43189	a	4.54013262646	4.04525697929	-1.44060673969	4.02574501693	-0.343377890298	5.61364423916	3.99484720433	-1.65111701191	-3.28656416192	3.30366826447	-3.84539304506	-5.22309564923	"Het programma begint met de 1,6 en de 1,8 liter <font color=""red"">motoren</font> met VVTi , wat staat voor variabele klepopening ."	9.52	7.67	7.91	9.28	3.43	3.41
motor/noun/ad20000925/33286	a	-3.00374868137	-1.20789006691	1.0727063429	-1.82540242045	1.50477218683	-3.11594803741	-0.622950222346	2.62429324623	4.52754378201	1.43408817549	-1.57260998188	-5.30144788895	"Häkkinen zag tot zijn schrik het vuur uit zijn <font color=""red"">motor</font> slaan en kon niet anders dan zijn bolide aan de kant zetten ."	9.52	7.67	7.91	9.28	3.24	3.27
motor/noun/ad20001028/3229	a	2.93464352656	5.21936226456	-2.80394968702	2.85586299284	0.65190671436	5.78926851483	3.91076437522	-1.13435691604	-2.24984739952	1.7372651934	-1.9107941577	4.74213154089	"Zo`n kleinere <font color=""red"">motor</font> combineert dezelfde kracht en souplesse met een veel lager verbruik en aanzienlijk schonere uitlaatgassen ."	8.58	7.06	6.97	8.67	4.97	4.62
motor/noun/ad20001117/55839	a	2.65599819343	1.43838266425	0.755280103339	-0.911766268854	0.758703450446	-1.09721756221	-0.121465677174	2.04888777352	-3.06019172477	0.922742531353	-0.788042660971	4.68974718411	"Bijvoorbeeld door op de <font color=""red"">motor</font> gemonteerde elektronische ` trillingtellers ' , elektronisch beveiligd tegen fraude , die eens per jaar worden ` uitgelezen ' ."	9.52	7.67	7.91	9.28	4.64	4.28
motor/noun/ad20001223/66897	a	0.999347846368	-2.13462616895	2.31917287561	0.434326221859	-1.78234342519	-1.41174498391	-1.43522130205	0.22596090758	1.19919067331	-0.0521430232265	1.47915846941	-0.604519377962	"Maar het ergste van alles was dat één van de twee <font color=""red"">motoren</font> was verwoest : de Zeetijger was verloren , zeiden experts ."	9.52	7.67	7.91	9.28	0.69	0.55
motor/noun/ad20010131/26543	a	2.15920793015	2.50011280772	-0.575858037183	1.52539624232	0.583382927385	2.80757252346	1.58255275314	1.44576251341	1.93029618974	-2.53797538522	1.02092650257	-5.66096647165	"Minardi is het enige team in de Formule 1-wereld dat voor komend seizoen nog geen rijders , hoofdsponsor en <font color=""red"">motoren</font> heeft ."	9.52	7.67	7.91	9.28	2.76	2.9
motor/noun/ad20010210/1906	a	-0.967909804806	2.18225314942	-1.22024853531	0.196694841271	2.17439543114	1.41401551986	2.26859712299	0.114216835454	-0.998125319009	2.12956538002	-2.89866921382	1.79790466598	"De 1,7 liter <font color=""red"">motor</font> is behoorlijk fel ."	9.52	7.67	7.91	9.28	3.43	3.8
motor/noun/ad20010303/8017	a	2.88191031346	-3.49997092039	3.08209652243	-0.71219163605	-3.5773947035	-1.54750876662	-2.22331941027	1.61724258002	2.79972022991	4.2810416373	-5.36214952829	-2.65708874375	"Ferrari blijft de snelle <font color=""red"">motoren</font> van Alfa Romeo trouw , tot hij beseft dat het misschien nog beter kan ."	9.52	7.67	7.91	9.28	2.39	2.46
motor/noun/ad20010317/93103	a	-0.943476635156	0.628062345577	-0.177764437876	0.85700972646	1.30633953658	-0.126543320741	0.963006359597	-0.644518654858	-0.187871378436	-0.274156136951	2.01637666066	1.72961057292	"In de praktijk blijkt de TDCi-motor , zoals hij officieel op de achterklep staat aangekondigd , best een lekkere <font color=""red"">motor</font> te zijn ."	9.52	7.67	7.91	9.28	1.85	3.12
motor/noun/ad20010519/81895	a	3.72146427841	1.32277199544	0.00363706000784	3.36694028108	-1.48764605881	3.56990599453	1.81207448273	-1.82914542272	-3.26015753765	3.12131810391	-6.87919865152	4.28695895413	"Een nog sterkere 180 pk uitvoering van deze <font color=""red"">motor</font> is onderweg ."	9.52	7.72	7.91	9.32	4.97	4.62
motor/noun/ad20011201/63033	a	3.05280641515	7.64773123931	-2.53465693752	6.14344371343	4.51596870574	7.52100053159	5.21462096227	3.96135554916	0.626795836406	4.17854676357	-4.82721125517	0.441336987432	"Wij hebben behalve prachtige hypersportieve <font color=""red"">motoren</font> ook motoren en scooters voor het grote publiek . """	8.15	7.64	6.54	9.25	3.77	3.66
motor/noun/ad20011222/63736	a	3.79553988698	-0.16340988641	2.07644340371	1.58390530806	-1.09832331711	-2.24701390963	-1.46739067076	1.64709060693	-1.24344495298	-3.8459711939	7.32645761303	3.42610936579	"Middenop de snelweg in het fileverkeer valt de <font color=""red"">motor</font> uit ."	9.52	7.67	7.91	9.28	2.85	5.69
motor/noun/ad20011224/17028	a	1.99544098666	-1.27459445189	1.92294453786	1.15911235088	-1.55163012137	0.147167036632	-0.932899673001	-0.312373952937	-4.03294889613	-4.90873552796	6.03150215529	12.5028202387	"De <font color=""red"">motor</font> van de koeling is aan vervanging toe en dat gaat 30.000 gulden kosten ."	9.52	7.67	7.91	9.28	4.82	4.26
motor/noun/ad20020222/56126	a	1.58590217416	0.378661965799	0.770885257342	0.602740623973	-0.317200484482	0.530493866662	0.0945364442677	0.584523371749	1.47589234706	-2.32864451363	2.06719987788	6.02054357464	"De dienstdoend kapitein van de gloednieuwe patrouille- en blusboot laat de <font color=""red"">motoren</font> loeien ."	9.52	7.67	7.91	9.28	2.81	3.16
motor/noun/ad20020223/38162	a	0.434616037801	4.67445206672	-0.173643753472	-2.83838685909	4.15839433471	2.51780365984	1.32851883753	3.48854231162	2.07754549141	2.45425344019	-2.70429231291	-1.76046539514	"De <font color=""red"">motor</font> jankt lekker , de auto stuurt goed en remt als een bezetene met de tegen meerprijs leverbare Brembo-remschijven ."	9.52	7.67	7.91	9.28	3.37	3.11
motor/noun/ad20020315/39960	a	-3.19595073426	-0.857481542099	-0.193634482516	-2.63335445774	-2.34701770313	3.64591455142	2.73220828424	2.238326944	-2.43050373431	4.03350105118	-4.11762877717	4.7526490091	"De automatische versnellingsbak schakelt op het moment dat de <font color=""red"">motor</font> te rumoerig dreigt te worden en ook het luidruchtige gesis van de remmen blijft binnen de perken ."	9.52	7.67	7.91	9.28	5.03	4.89
motor/noun/ad20000624/58164	a	-0.304495377172	1.69176927006	-0.414354924527	2.43740180949	1.08779099547	3.09437715691	1.86494215488	-1.41600776517	-3.41933167277	3.75301725864	-5.66076494269	5.8598275749	"De 1,0 liter <font color=""red"">motor</font> klinkt niet zoemend als een naaimachientje , zoals we dat bij Suzuki wel eens tegenkwamen ."	9.52	7.67	7.91	9.28	4.8	4.24
motor/noun/ad20020420/36070	a	1.08816262422	9.13800289256	-5.16825512201	0.679571822829	5.55983724182	7.61105654412	5.70440103067	1.62875496402	-0.103932343357	6.32754773364	-7.38036321899	0.769836808731	"Pininfarina kreeg het kale onderstel met wielen , <font color=""red"">motor</font> en spatschermen voorgezet ."	8.58	6.79	6.97	8.4	4.97	4.66
motor/noun/ad20000323/20611	a	0.778995375008	1.76816904548	-0.439319335264	0.758592520788	1.0948306447	1.67844634371	1.16892635576	0.366834235354	-0.310192174661	-2.79902123869	-7.17465235591	3.78405952123	"Een cabriolet Starfire met <font color=""red"">motor</font> die Rocket heet of een racewagen uit de jaren 70 van coureur James Hunt ."	9.52	7.67	7.91	9.28	4.56	4.48
motor/noun/ad19991127/28125	a	-0.894885553257	-0.0196009501956	-0.26954945953	1.7678786916	0.361976402689	2.18671347388	1.20110844881	-0.631534306934	-5.47611697449	2.21231062949	-2.94039739281	10.9246481871	"Het gemiddeld verbruik ligt op 9,3 liter per 100 km. Pas na de zomer zal hij ook met andere <font color=""red"">motoren</font> leverbaar zijn ."	9.52	7.67	7.91	9.28	3.68	3.89
motor/noun/NB_20010713_01/65472	a	0.335806136395	0.959684828402	-0.00647796988727	0.421770248409	1.05308252841	0.451815303983	0.868489032741	0.616823504395	0.467945732601	0.937168428491	-0.0675769058888	0.945209450367	"Zijn passie voor techniek en <font color=""red"">motoren</font> bleef , zodat hij in de Flemish Opel Club een nieuwe passie vond ."	9.52	7.67	7.91	9.28	2.54	2.44
motor/noun/NB_20010801_01/21130	a	-2.91824946322	0.404445626058	0.132524394808	-2.0262714227	3.00693827754	-2.35079264989	0.63733156798	2.76501303298	2.30859228705	1.61302207803	-1.33971153886	-2.07229482228	"Natuurlijk , de eigenaar van die auto was nog niet de straat uitgereden of zijn <font color=""red"">motor</font> ontplofte ."	9.52	7.67	7.91	9.28	2.59	2.35
motor/noun/NB_20011214_01/69548	a	0.122016837124	-0.190126198409	0.819267871247	0.334966477545	0.0748771424174	-0.22376444236	0.0578067377963	0.342855667811	-4.58729291273	-2.36048363909	9.98196393779	2.59506927092	"Op een ogenblik dat vrijwel iedereen dacht dat ze een ruime kloof zouden uitdiepen , stokte de <font color=""red"">motor</font> ."	9.52	7.67	7.91	9.28	3.18	2.75
motor/noun/NB_20020301_01/174847	a	0.339024888482	-1.68277583565	1.93483210006	0.835788943523	-1.15021466904	-1.06692358387	-0.786641355369	0.0360633075836	0.231969140007	-0.454310233111	2.10107706257	0.956351874327	"Verder wil de FIA opleggen dat er per weekend maar één <font color=""red"">motor</font> mag worden gebruikt ."	9.52	7.67	7.91	9.28	1.28	1.04
motor/noun/NB_20020504_01/63615	a	2.40349433524	1.23918172984	0.132306826115	1.88103501195	-0.893579466638	2.40514881177	1.1419420139	-0.440249559766	-2.77084782744	3.03148203283	-3.40954242938	4.98450487423	"De <font color=""red"">motor</font> is een pareltje van technisch kunnen : 6 liter V12 met een vermogen van 650 pk ."	9.52	7.67	7.91	9.28	5.03	4.89
motor/noun/NB_20020720_01/42052	a	1.7828530747	2.39149420087	-1.05738607807	0.928648900294	0.268469644838	2.53267587057	2.04246148269	1.04160478986	0.661164400716	1.30602658267	-1.98079021441	0.595028308751	"Nieuwe <font color=""red"">motoren</font> voor Mercedes C"	9.52	7.67	7.91	9.28	1.9	3.29
motor/noun/NB_20020803_01/40938	a	1.71017396535	0.204322816514	0.808805420219	1.4538979085	-0.589020727782	1.00863583873	0.290483620585	-0.422329495564	-3.40508577739	2.10600839661	-2.55276776907	6.94399872617	"Standaard zijn alle <font color=""red"">motoren</font> gekoppeld aan een zestraps tiptronic ."	9.52	7.67	7.91	9.28	3.92	4.72
motor/noun/NB_20020814_01/200017	a	0.371559623152	2.85960751175	-1.4858598259	0.704091270469	2.08482060963	2.30934309529	2.14779963041	0.386428241534	0.178556677875	0.913241183333	0.25097590847	0.948366440423	"We gebruiken daarvoor een zweefvliegtuig dat voorzien is van een lichte <font color=""red"">motor</font> met schroef ."	8.58	6.79	6.97	8.4	2.58	2.94
motor/noun/NB_20030107_01/56279	a	7.19989979512	2.88778563846	-0.540306784156	6.11380816754	-2.8741109166	6.52762790173	2.45927569479	-4.64343798797	-1.56663149401	5.44560959051	-3.56281194769	6.59681971532	"De geur van benzine en motorolie , het gebrom van ronkende <font color=""red"">motoren</font> , ik voel me hier echt thuis ."	7.17	5.35	5.56	6.95	5.13	4.57
motor/noun/NB_20030110_01/142503	a	-0.878665940743	-3.08342244203	3.26723834515	1.85893177488	-1.54937818136	-3.53183290575	-2.13959104062	1.97639349846	0.859913416177	-2.84711573342	5.36180502099	0.379993140017	"Terwijl de <font color=""red"">motor</font> nog draaide , werd de ruit aan de passagierskant door een onbekende jongenman ingeslagen ."	9.52	7.67	7.91	9.28	2.92	2.7
motor/noun/NB_20030220_01/63176	a	-1.85327551136	1.36267193853	0.668368008345	-1.82528983169	1.97254817799	-1.77099388929	0.173185980868	2.91822495076	2.03506484229	1.42585167658	-1.08589676401	-1.87168006018	"In het reisbureau hoorde Marianne de <font color=""red"">motor</font> starten en liep naar buiten ."	9.52	7.67	7.91	9.28	2.1	1.99
motor/noun/NB_20040326_01/1151	a	-1.10292022628	-0.503905800961	1.24705178666	-0.512640256653	0.740582425978	-1.75778359762	-0.379969452137	1.44561410931	1.06944131687	-0.356088242459	2.40759008391	-0.569197109001	"'s Namiddags werd de <font color=""red"">motor</font> gewisseld en stond er andere testwerk op het programma ."	9.52	7.67	7.91	9.28	0.6	0.72
motor/noun/NB_20040605_01/31052	a	7.96028900745	7.47611574317	-3.53531970393	6.27951075556	-1.50345732465	11.0230119212	6.45352300738	-1.20219285883	-2.32237678918	2.3106836885	-1.96436269777	3.59823105289	"Krachtige en zuinige <font color=""red"">motor</font>"	8.29	6.62	6.68	8.23	4.35	4.16
motor/noun/NB_20050406_01/219573	a	2.28546668125	2.09966198521	-0.31893213516	2.21372421158	-0.147379161613	2.780624563	1.73407908117	-1.01045471738	-0.500788704123	0.257868096362	1.1109439062	2.38599543595	"In vergelijking met de traditionele modellen met luide <font color=""red"">motor</font> maken ze bijna geen lawaai ."	9.52	7.67	7.91	9.28	2.7	2.61
motor/noun/ad19990409/2375	a	-6.14596213743	-2.43150872437	-2.51830629226	4.98577347099	5.02980309022	-5.85640530434	1.50549671307	-4.45500151068	1.38513963221	6.98896168138	10.5777849871	-1.10144296783	"Mensen kijken hem hoofdschuddend na : zijn vliegtuigje heeft slechts één <font color=""red"">motor</font> ; als er iets aan hapert , is hij verloren ."	6.95	5.24	5.35	6.85	3.76	3.39
motor/noun/ad19990920/22656	a	1.12410379319	1.9165924704	-0.576985812195	0.920428235655	0.85249125111	1.85367716249	1.39000332493	0.204114262518	0.518152366383	-0.338435726324	1.96537917402	0.554909729505	"De <font color=""red"">motor</font> hield er mee op ."	9.52	7.67	7.91	9.28	0.84	0.62
motor/noun/volkskrant20031118/30410	a	-2.75537600801	-1.93120964147	2.0969811096	-1.95635121151	1.28800432649	-3.85184907235	-1.49514195265	2.4335331372	3.80386714324	-0.432225267107	2.33130193672	-4.29206643389	"Iedere maand vinden rond de veertienhonderd kapotte <font color=""red"">motoren</font> hun weg naar zijn werkplaats ."	9.52	7.67	7.91	9.28	2.75	2.39
motor/noun/ad20000317/52277	a	-2.73510038916	1.31061360411	0.603574056415	-2.23270967706	2.50011934407	-2.80176204182	0.115170076203	2.99534652387	1.52361283878	0.932116910438	-0.292613705535	-0.762545235119	"Per direct is teammanager Rocco Benetton vervangen door Flavio Briatore , de grote man achter Supertec ; de door Renault ontworpen <font color=""red"">motor</font> waarmee de Italiaanse stal rijdt ."	9.52	7.67	7.91	9.28	2.34	4.67
motor/noun/ad20020504/58293	a	-4.90410157731	1.67881392576	-3.00321891079	-1.23057053128	5.20794157033	-2.5200210861	3.95495857568	1.36529767987	3.56778430553	0.48054666963	-0.111318999743	-3.70286344319	"Maar als mijn <font color=""red"">motor</font> afslaat , klinkt er direct een koor aan claxons achter mijn rug ."	8.26	6.6	6.65	8.21	4.33	3.91
motor/noun/ad20020525/37855	a	-1.29681859611	3.20765413618	-1.84959482242	0.782638648084	3.59082929829	1.69468143884	2.54132987982	-0.083955534636	2.76986412387	-0.336525264444	1.95863046646	-2.25001141669	"Een nieuwe <font color=""red"">motor</font> zou zeker 5000 euro kosten . """	8.26	6.6	6.65	8.21	2.75	2.39
motor/noun/ad20020601/44129	a	-2.19995111717	-1.90550096607	2.48692334449	-0.661222604508	-3.54418427934	0.844639379816	-0.850601475014	-1.75062132144	2.45049390747	-0.808594165349	2.44946814548	-1.44568196449	"Doordat auto's gedurende de vakantie zwaarder beladen zijn , krijgen behalve de <font color=""red"">motor</font> ook de banden het extra te verduren ."	9.52	7.67	7.91	9.28	1.75	1.42
motor/noun/parool20000729/5240	a	-2.42088469778	1.63014107928	0.0748517772939	-1.36216327831	2.66451614511	-1.24713094132	0.250410768327	2.30129555363	4.18279233841	1.12464028382	-1.22827219806	-4.70016409817	"De <font color=""red"">motor</font> is in brand gevlogen ."	9.52	7.67	7.91	9.28	2.54	2.4
motor/noun/parool20001117/20321	a	3.97145042831	2.2506055104	-1.63460558857	2.69286232016	-0.0289114962143	4.14642196163	2.69500443711	2.54337298183	-2.70878042179	-0.688035487054	2.68234445939	6.04947170776	"Maar ook kennis op het gebied van radar , laser , elektronische oorlogsvoering en <font color=""red"">motoren</font> wordt gedeeld ."	8.58	6.79	6.97	8.4	2.4	1.84
motor/noun/parool20011025/36243	a	1.4471562503	-1.00098184739	1.84889361593	0.766046623275	-1.54058000241	-0.372081749892	-0.873770652183	0.34759518253	1.01885079522	-1.11540376217	5.34861219337	-1.03623904566	"Die onttakeling werd ook de toeleveranciers van ketels , <font color=""red"">motoren</font> en turbines van het VMF-concern fataal ."	9.52	7.67	7.91	9.28	1.04	1.65
motor/noun/parool20020925/25692	a	2.29992278616	-3.28556563149	3.28734430474	0.230609453908	-3.18633209602	-1.71490661508	-2.47904529633	0.520570709596	4.50447588142	1.35229303124	5.74488083917	-1.54665957006	"Ook in de panieksituatie na het verliezen van twee <font color=""red"">motoren</font> wilde Fuks dus afwijken van de voor de hand liggende landingsbaan ."	9.52	7.67	7.91	9.28	1.61	1.4
motor/noun/parool20021017/8244	a	1.41742791429	2.39960764867	-0.745420322361	1.11580110909	1.06444766428	2.24445215731	1.67112636942	0.0704881935934	-1.4343628761	-0.0188009412511	0.0341902594542	3.02901600203	"Veel van het comfort hangt wel af van de gekozen uitvoering , waarbij instapversie Visia toch ook al een volautomatische airconditioning te bieden heeft , maar ook een boordcomputer en bijvoorbeeld cruisecontrol in combinatie met de sterkere <font color=""red"">motoren</font> , plus een pak airbags ."	9.52	7.67	7.91	9.28	2.14	1.98
motor/noun/trouw19991229/3515	a	1.71404974906	-0.645606720734	1.38237524566	0.37335528996	-1.08882505377	0.0295069999561	-0.630543353254	0.503904541065	-0.565670153122	-2.31516738102	2.06288972177	6.08931929016	"Een Indiase technicus mocht aan boord voor een reparatie aan een van de <font color=""red"">motoren</font> ."	9.52	7.67	7.91	9.28	2.6	2.74
motor/noun/trouw20000825/40899	a	1.45399085016	0.887500733579	0.179943750946	1.02172398097	0.150154669324	1.20403539955	0.722776245732	0.189727164378	-0.367651503976	-0.422809188076	1.99965073772	1.9960806753	"Er is minder lawaai door onder meer een andere manier van starten en landen , een aanpassing van het baangebruik en stillere <font color=""red"">motoren</font> ."	9.52	7.67	7.91	9.28	1.85	1.58
motor/noun/trouw20010829/15033	a	-6.811733036	-1.13550718084	2.72475470127	-4.29222209565	-2.19890125559	7.02506009548	-3.43556578065	4.4901919348	4.5141391502	0.0237238879519	1.91974630598	-4.84249002461	"Zondag , in zwaar weer , begaven de <font color=""red"">motoren</font> het ."	9.52	7.67	7.91	9.28	2.75	2.47
motor/noun/trouw20011030/31781	a	1.5285950843	-2.52714474897	2.69209847978	0.621354304596	-2.75740714929	-1.26227166456	-1.96420782864	0.0885235164275	0.95388806491	-0.501787689252	-5.10342912073	-9.78632564871	""" Ook andere orders zijn binnen , zoals de bedrading van de <font color=""red"">motoren</font> ."	9.52	7.67	7.91	9.28	0.55	3.0
motor/noun/trouw20031103/486	a	6.13917620235	-16.1100970411	7.41634031522	16.002115665	-0.104816663778	17.5157307448	12.5571502667	-9.09713135439	5.99117462862	-6.0740343286	11.7748647197	-4.30556057421	"We moeten het milieubeleid gestalte geven door te werken aan schone <font color=""red"">motoren</font> ."	4.49	3.17	2.93	4.74	1.7	1.55
motor/noun/trouw20040130/12838	a	0.773898383024	3.02734275327	-1.2487314766	0.625902526274	1.83173918617	2.32018494896	2.05742926742	0.623168328617	0.291193919006	1.43166371911	-0.824691876542	0.990560737845	"Met een <font color=""red"">motor</font> die lekker veel lawaai maakt , zodat de hele buurt weet dat je sukkel-af bent ."	9.52	7.67	7.91	9.28	3.65	3.28
motor/noun/trouw20040424/36341	a	5.45576782237	-0.743183230335	2.9225791439	3.52721966237	-3.82908638531	2.21540492479	-0.877315613784	4.22512782681	-1.18008944607	2.32481316067	-1.98519742785	3.57839911741	"Al deze onderdelen van het Daimler-imperium werken onderling nauw samen , zoals in groeimarkt China en bij de ontwikkeling van nieuwe <font color=""red"">motoren</font> ."	9.52	7.67	7.91	9.28	3.29	3.44
motor/noun/trouw20040513/40144	a	2.05728760178	-1.12778710017	1.79550523973	1.19152593062	-1.25323656184	0.0937594716883	-0.821799280266	-0.395150791251	-0.505074587118	-0.433832098901	1.9768690863	1.45413552129	"Daimler stapt ook uit een gezamenlijke onderneming van de twee voor de productie van vrachtwagens en <font color=""red"">motoren</font> daarvoor , zo hebben de bedrijven bekendgemaakt ."	9.52	7.67	7.91	9.28	0.69	0.39
motor/noun/volkskrant19990608/40194	a	-1.83122199813	-1.11004045811	1.83545159255	-1.02505312466	0.456656622723	-2.68191277198	-0.900562813557	1.93566673926	-0.138082699629	0.672281122415	0.612855626869	1.00947108209	"Volgens de leider van onderzoek , kolonel C. Johnson is duidelijk dat het toestel tijdens de doorstart zeer steil is geklommen waardoor de <font color=""red"">motoren</font> gedeeltelijk uitvielen ."	9.52	7.67	7.91	9.28	2.85	2.48
motor/noun/volkskrant19991111/7647	a	1.00234535248	0.440185843779	0.591155656062	0.285773169233	-0.0701147050573	0.135049777005	0.37876195311	0.453511669356	0.491034051491	0.315045522337	1.19802249983	0.577846538377	"Het geeft altijd een zeker gevoel te beschikken over de weelde van vier <font color=""red"">motoren</font> in plaats van twee ."	9.52	7.67	7.91	9.28	0.94	0.95
motor/noun/volkskrant20000916/83398	a	3.1318790047	0.913261494247	0.423811482195	2.52433008659	-1.35660526245	2.58478699886	1.13208462947	-0.992136135804	-2.11424942053	0.528082073264	0.194692984226	4.13014976914	"Naast deze snellere diffusie van bestaande technologie door veranderend gedrag , stimuleert de hoge olieprijs de ontwikkeling van zuiniger machines en <font color=""red"">motoren</font> ."	9.52	7.67	7.91	9.28	3.86	3.61
motor/noun/volkskrant20030628/51480	a	2.81530170032	0.685654597094	0.435938824561	0.649005119188	-1.24220320709	1.71735869449	0.421984586305	-0.664006806473	-2.30577980923	-2.74786932185	6.95473042942	1.70138028379	"De <font color=""red"">motoren</font> wilden tijdens de Fins-Russische oorlog ( 1939-1940 ) niet aanslaan ."	9.52	7.67	7.91	9.28	3.37	2.97
motor/noun/parool20000626/28224	a	-1.60839517302	-1.19612555849	1.15590301437	1.60458140196	1.19825279457	-2.41693859575	0.206077549927	-1.08357727247	1.11220420435	-1.25407801962	2.61768310513	-0.584103769833	""" Mijn <font color=""red"">motor</font> was te warm . """	9.52	7.67	7.91	9.28	1.5	1.17
motor/noun/parool20000107/44158	a	1.65879458984	-0.361693257525	1.09970627491	0.501228697525	-0.699058142845	0.157257660125	-0.379737286059	0.357642447285	0.392575433941	-0.215423995443	2.08040879681	1.8923811735	"Voor de mannen van Volkswagen was het reden om juist de Bentley , waarmee ze echt vooruit willen , weer een ingrijpend gemoderniseerde versie van de aloude 6,75-liter <font color=""red"">motor</font> terug te geven , in de hoop de oude klantenkring te lijmen ."	9.52	7.67	7.91	9.28	0.93	1.08
motor/noun/parool19990129/55653	a	1.01003710072	1.32983748651	-0.439756205846	0.857045313763	0.549466694794	1.63130371482	1.19568513295	0.275503395811	-1.90767809925	2.23626910486	-3.03237679073	4.49046048252	"De CL komt dit najaar op de markt met een keuze uit twee <font color=""red"">motoren</font> ."	9.52	7.67	7.91	9.28	4.24	4.38
motor/noun/nrc20020117/36002	a	-1.96084310523	3.83469769791	-0.223776351622	-2.80430406859	4.21768635356	0.0621542980581	0.872228888033	3.55340940113	0.800506250047	1.34902090751	-0.715807561861	0.050111956734	"De president-directeur van Garuda , Abdulgani , zei vanmiddag op een persconferentie dat het toestel door zware regen en storm vloog toen plotseling twee <font color=""red"">motoren</font> uitvielen ."	9.52	7.67	7.91	9.28	3.27	3.66
motor/noun/ad20021005/58694	a	-5.16191368524	-4.37542876755	-3.8908506477	3.72182508889	2.60888114351	7.95210044593	4.78426298546	-1.922421375	-3.52357737588	2.61598320895	-2.94554323265	6.2662095588	"Met deze 97 pk sterke <font color=""red"">motor</font> kun je nog onverwacht vlot inhalen ."	8.89	7.72	7.28	9.32	4.71	4.61
motor/noun/ad20030505/2982	a	-0.334937105352	0.515058373447	0.461765484562	-0.467563254969	0.551865942994	-0.298341367063	0.00994533993409	1.42513954244	1.38203799627	-0.310577871505	3.13031057789	-2.21508504549	"Een Luxemburgse fotograaf , die een moment later het fatale punt passeerde , stopte de <font color=""red"">motor</font> , zocht een geschikte plaats om zich af te laten zakken en bereikte met kunst- en vliegwerk de wanhopige Nederlander ."	9.52	7.67	7.91	9.28	1.04	1.65
motor/noun/ad20031011/48820	a	4.90719828957	1.93996849702	0.240213131038	4.60946301652	-1.19024399561	4.94037826812	2.02679622112	-2.99017178695	-3.80964984004	2.73465778881	-3.76698654932	7.77496531045	"De 1,8 liter <font color=""red"">motor</font> voldoet aan de verwachtingen en daarmee is alles gezegd ."	9.52	7.67	7.91	9.28	3.43	3.41
motor/noun/ad20040313/7237	a	0.567841733215	2.37599255011	-0.805912446158	-0.217597252609	2.19883387342	1.61690089076	1.57558205522	1.05826371065	-0.275817668045	2.83021053545	-2.96199698375	1.32806809383	"Onlangs is officieel vastgesteld dat de <font color=""red"">motor</font> in de auto over 550 pk beschikt en in zo'n 3,5 sec. naar 100 km/u sprint ."	9.52	7.72	7.91	9.32	4.71	4.61
motor/noun/ad20040628/26891	a	-1.10847880007	1.35729118291	-0.141737895482	-0.99085597189	2.22241185717	-0.331679666539	0.770606478444	1.89849586889	0.347938719303	3.1092047498	-2.91684075234	0.965354490602	"Een haperende koppeling deed zijn <font color=""red"">motor</font> bij de eerste pitstop afslaan ."	9.52	7.67	7.91	9.28	5.16	4.6
motor/noun/ad20041009/69322	a	2.99721620522	4.95679003457	-2.01178283691	3.63745587882	0.442576384992	5.34616549844	4.13271606439	-0.938820246167	-2.93718788664	3.48708990991	-4.60989970712	5.92046309883	"De FIA greep snel in en dwong de teams terug te keren naar de ` normaal ademende ' <font color=""red"">motoren</font> ."	9.52	7.67	7.91	9.28	3.43	4.03
motor/noun/ad20041216/51798	a	1.98413477001	-2.41295020638	2.77692853314	1.18771325063	-2.77069966082	-0.963855993356	-1.81686214205	-0.474750927663	0.148909880246	-0.783987235847	2.68481592256	0.942608520046	"Voor de techneuten is het overzicht van de verschillende <font color=""red"">motoren</font> vast reuze interessant ."	9.52	7.67	7.91	9.28	0.55	0.39
motor/noun/nrc19990413/34587	a	-2.25609853515	-3.51397511681	2.92990225507	-1.6607217756	-0.825410224532	-4.49082673224	-2.36030068436	2.18059954634	0.677292757545	-3.93663396102	6.31569019388	-0.625158572772	"Tot zijn opluchting viel de <font color=""red"">motor</font> niet uit ."	9.52	7.67	7.91	9.28	2.85	2.48
motor/noun/NB_20010514_01/37618	a	0.605289068516	6.61681969923	-3.66799464357	0.698845477128	4.97338890126	4.46413719	4.29501776608	-0.780105143482	5.22288573725	-10.5802519426	-16.7601044346	8.8265012899	"Hoewel , stelt u zich vooral geen brullende <font color=""red"">motoren</font> en opspattend boegwater voor ."	8.26	6.6	6.65	8.21	5.89	5.38
motor/noun/nrc19991112/36522	a	3.35706615037	-3.10213399852	3.38587458679	0.488801908744	-3.9809297503	-1.24923131895	-2.30872107428	0.0868009109322	0.226451622255	-1.76239239264	3.51665393032	1.12876389202	"Hoewel de hooggeprezen <font color=""red"">motoren</font> uit Stuttgart-Zuffenhausen komen ."	9.52	7.67	7.91	9.28	1.36	1.23
motor/noun/nrc20000605/14036	a	3.97464634766	-0.31513815035	2.09397492714	-1.79627841442	-2.0272788147	-1.73211023866	-1.53321878317	2.80452439553	0.681892496052	1.00301717421	0.0496916354384	0.222974799886	"Drie van de vier <font color=""red"">motoren</font> vielen uit waarna het toestel bijna zes kilometer naar beneden viel boven de stad Denver ."	9.52	7.67	7.91	9.28	2.85	2.48
motor/noun/nrc20000710/7987	a	3.99279781163	-2.01380219696	3.48894851467	-0.295293606179	-4.01196231723	-0.590920187139	-2.3592237458	1.06940658847	-0.666505228882	2.10695503773	-0.0988642371531	3.85393349084	"Hierdoor kan de <font color=""red"">motor</font> plotsklaps uitvallen ."	9.52	7.67	7.91	9.28	3.11	5.08
motor/noun/nrc20000726/9967	a	4.28071620378	7.34535109712	-4.9671653137	1.62654847149	1.44108287823	8.16898764766	5.32149153066	-2.03815913163	-1.81197061469	1.32183069469	-0.375993519282	4.00664504393	"Een brandende <font color=""red"">motor</font> levert altijd nog wel enig vermogen . """	8.26	6.6	6.65	8.21	2.8	2.89
motor/noun/nrc20001110/29065	a	4.92319158398	-3.22496002682	4.95367978403	0.704013002235	-5.1559486973	1.07869979618	-3.70498768715	1.28372091876	-2.11500069938	5.49020719747	-7.26852868178	4.12370571268	"Dat neemt niet weg dat veel duidelijk wordt over de werking van de <font color=""red"">motor</font> , het chassis , de carrosserie , de uitrusting , de veiligheid en de elektrische installatie ."	9.52	7.67	7.91	9.28	5.17	5.1
motor/noun/nrc20010525/42334	a	0.0191533689692	1.03792877495	0.101543388722	-0.158899511473	1.03513959758	0.0727363219313	0.627043215241	1.35105354187	1.68008683321	-0.595795073648	2.47710927242	-3.41597154889	"Tijdens het lesuur startte de man de <font color=""red"">motor</font> en vertrok onverhoeds ."	9.52	7.67	7.91	9.28	1.56	1.75
motor/noun/nrc20010605/70939	a	0.678480074894	1.35059565119	-0.174504173327	1.09304349031	1.03906122809	1.36198705023	1.08984145065	0.0439904297494	-0.0877191514331	0.414187065152	0.972714561957	1.27877891425	"Dat was duur , de <font color=""red"">motor</font> moest bovendien worden aangepast en een distributiesysteem zou niet goedkoop zijn ."	9.52	7.67	7.91	9.28	0.84	0.62
motor/noun/nrc20010921/12958	a	1.04558009948	1.5243330972	0.0048124101387	0.259806975849	0.789871716087	1.04153891307	0.799885690119	1.02931544268	-1.08925723434	3.59029865395	-2.64717656668	-2.73983217235	"De engine ( letterlijk : <font color=""red"">motor</font> ) wordt zo genoemd omdat er een grote door benzine aangedreven waterpomp in zit ."	9.52	7.67	7.91	9.28	2.96	2.92
motor/noun/nrc20011124/13842	a	-2.83840434956	1.06080751876	-1.06901035261	2.74237756069	3.22356188561	-0.606934634433	1.10471712893	-2.65687521147	-2.61554571869	4.50809225791	-5.4793028484	3.98192988447	"De <font color=""red"">motor</font> is ingebouwd in het enige achterwiel om transmissieverliezen via assen te beperken ."	9.52	7.67	7.91	9.28	5.35	5.13
motor/noun/nrc20000203/47029	a	3.0697706597	-1.53113959477	2.67475691385	2.04870386824	-3.15531503061	0.513884028609	-1.5331611614	-0.843165452041	-2.41745277919	-1.73229914735	4.40459169589	5.99644772799	"Op basis van de wensen van de klant berekent het programma het meest geschikte chassis en de meest economische <font color=""red"">motor</font> ."	9.52	7.67	7.91	9.28	5.17	5.1
motor/noun/NB_20000508_01/66203	a	-3.76155214166	3.55112032777	-3.20392700017	1.45603948777	5.54145772299	1.77309888511	3.96015764714	0.0981175199921	-0.339160766449	-1.26082361376	4.10781655077	1.03205987701	"Als op straat iemand met knallende <font color=""red"">motor</font> start of iemand luid afremt : dan zijn wij daar toch niet verantwoordelijk voor ? """	8.58	6.79	6.97	8.4	2.0	1.95
motor/noun/volkskrant20031218/18960	a	-0.356452221926	-1.85108193232	1.71443489856	1.29906891714	-0.616526616618	-1.73758233975	-0.551466125879	-0.765430699252	4.19613047661	-0.646146745198	6.2253511121	2.10059528612	"De <font color=""red"">motor</font> waarmee de kwalificatiewedstrijd wordt verreden moet nu ook bij de échte race worden ingezet ."	9.52	7.67	7.91	9.28	2.95	2.68
motor/noun/NB_19991210_01/199465	a	-0.627324495807	-3.57316751185	2.85717062565	-0.251578917192	-1.18218670458	-3.43916192276	-0.971096401861	-1.99298459871	0.321997823144	-1.06713906788	3.53617426706	0.674506166812	"Dan kan de <font color=""red"">motor</font> zich pas goed uitleven ."	9.52	7.67	7.91	9.28	0.97	1.12
motor/noun/DM_20011231_01/5419	a	-0.566488687837	-1.40846272211	-0.295071447191	2.72315975467	0.770055529466	3.67603532056	1.38437470324	-1.68266116288	-3.52727897005	1.88987571739	-1.84534003402	5.80502281914	"Bij deze <font color=""red"">motoren</font> ontstaat het mengsel niet in de inlaatkanalen maar wel in de motor zelf ."	9.52	7.67	7.91	9.28	4.11	4.18
motor/noun/LN_20040720_01/40190	a	3.92454922026	3.11599696579	-1.02036796097	3.4593292417	-0.227606749965	4.12449246192	3.60431643715	-0.240817569248	-2.07466682382	3.75854670491	-5.26654130929	2.20969226108	"Voor de kenners : de <font color=""red"">motor</font> van een tank heeft negen cilinders in stervorm en een kracht van 500 pk . """	9.52	7.67	7.91	9.28	4.93	4.8
motor/noun/LN_20040505_01/46221	a	0.974038146579	1.61352776365	0.507585559082	-1.2860464911	0.771047704575	-1.11007676222	0.0763499654553	2.31722873978	2.68266166706	1.86432971986	-1.67716303191	-2.36797410862	"Hij vergat weliswaar de <font color=""red"">motor</font> af te zetten ."	9.52	7.67	7.91	9.28	3.36	2.94
motor/noun/LN_20031004_01/182269	a	1.35751772236	-0.534928555984	1.20524738058	0.870609165569	-0.808675620868	0.239418761707	-0.299950228764	-0.175343899776	-1.64150226229	2.73530961412	0.331204759134	5.6270520392	""" De <font color=""red"">motor</font> is enkele jaren geleden volledig gereviseerd "" , zegt luitenant Ivo Van Assche ."	9.52	7.67	7.91	9.28	5.44	4.88
motor/noun/LN_20020907_01/96058	a	0.302650158588	4.22328588649	-2.1558676664	0.105680393389	4.06815094817	2.62051392383	2.54382626557	1.0569916154	1.76284848884	0.841849662161	0.639449259393	-0.349485052762	""" Pas als het wrak nog een <font color=""red"">motor</font> heeft en vier banden kunnen wij er onze kost aan verdienen "" , vertelt zaakvoerder Eric Carmoy ."	8.26	6.6	6.65	8.21	1.37	1.29
motor/noun/DM_20051105_01/90301	a	-0.090354931095	2.89871028919	-0.765708260507	-1.5526185534	2.6195203857	1.89996496354	1.31829290617	2.28481947063	1.18574358364	1.16162270948	-0.578733368445	-0.148374415432	"Hun klanten aarzelen naar verluidt om wagens met zware <font color=""red"">motoren</font> te kopen omdat zowel de verkeersbelasting als de verzekeringspremies stijgen met het aantal pk's ."	9.52	7.67	7.91	9.28	2.1	1.99
motor/noun/LN_20020515_01/92396	a	1.29237917303	-0.361107318006	1.14792457753	0.238897680143	-0.652461059193	-0.0510673504948	-0.318839924749	0.837058426514	-0.814656170029	-0.84555794632	1.12468434319	2.10912935395	"Na de noodstop in Marokko werd de <font color=""red"">motor</font> gecontroleerd door technici van Lufthansa ."	9.52	7.67	7.91	9.28	1.87	1.31
motor/noun/DS_20000208_01/13492	a	-1.35491458855	5.55558340808	-1.32432571568	-3.66809556369	5.16619516442	-0.283086956047	0.417865027755	4.85960059965	3.05257819905	1.8113506471	-1.98533037307	-3.12828317413	"Bij een tweede poging vatte opnieuw een <font color=""red"">motor</font> vuur , waarop het trio van Muse het vliegtuig zo snel mogelijk verliet ."	8.26	6.6	6.65	8.21	2.65	2.5
motor/noun/LN_20011220_01/35890	a	0.195586035769	2.23925328302	-0.596690133707	-0.113883541287	1.71889124011	1.28310228959	1.41710673299	1.0072819625	0.297992883192	1.56126906552	-1.11846392094	1.09044302501	"Maar als je <font color=""red"">motor</font> lekt , kan de garagist een nieuwe motor steken of een ' joint ' vervangen ."	9.52	7.67	7.91	9.28	3.27	3.66
motor/noun/DS_20020216_01/12392	a	0.844298466388	4.49553279918	-2.34306498233	1.38811812498	2.54561803109	3.74085911295	3.2445168053	0.500169325202	0.0011117231461	1.60810682017	-0.95826476283	1.31742044012	"Tijd dus voor een doorstart met licht opgefrist koetswerk , aangepast interieur en nieuwe <font color=""red"">motoren</font> ."	8.58	6.79	6.97	8.4	4.11	3.8
motor/noun/LN_20010706_01/66275	a	-1.05694924124	-0.616162517916	-0.154530354717	2.17497480892	-0.139223476652	2.92543249274	1.38558327897	-1.27449141487	-4.41928252752	0.533064342405	0.0759805338967	7.70921275294	"Met deze <font color=""red"">motor</font> heeft de S60 zeker geen ademnood ."	9.52	7.67	7.91	9.28	4.81	4.25
motor/noun/DS_20021025_01/5090	a	1.79115042968	2.85312016908	-1.08871602346	1.1060013477	0.935453214963	2.92089261495	2.1816975464	0.347155464625	-1.63129086984	1.42349909137	-0.967374068816	3.35913404589	"Ook de technische specificaties van dit toestel mogen er zijn : lichtmeting over 35 zones , een nieuwe verticaal aflopende sluiter , supersnelle autofocus met zeven meetpunten , snel filmtransport ( tot 2,5 beelden per seconde met de inwendige <font color=""red"">motor</font> ) ."	9.52	7.67	7.91	9.28	3.92	3.52
motor/noun/LN_20010412_01/106004	a	-0.728360086688	1.32538216445	-0.152523795918	-1.30122476699	1.85057227795	-0.776433387912	0.71262895154	2.17520404026	1.61415775668	1.32911501281	-0.49010732053	-1.29451186429	"De bestuurder liet de <font color=""red"">motor</font> van zijn auto draaien terwijl hij de garage even binnen ging ."	9.52	7.67	7.91	9.28	2.92	2.7
motor/noun/DS_20040514_01/26037	a	1.4888523863	0.816687301249	0.0542520654075	0.635311870895	-0.0228515400401	1.35527894035	0.612375654806	0.612665812837	0.596127740838	-1.78609729054	-0.922629277529	0.069765521849	"Vermoedelijk ligt een defecte <font color=""red"">motor</font> aan de basis van de crash , maar verder onderzoek moet dat nog bevestigen ."	9.52	7.67	7.91	9.28	3.9	3.48
motor/noun/NB_20000107_01/88397	a	0.538003768961	0.547605960717	0.558516028431	-0.60355502615	0.501054120856	-0.0745615903052	0.174065009682	1.37732960395	1.28247381186	2.14373056765	-2.13839760048	-0.852569209985	"Verstikking door de uitlaatgassen lijkt ook uitgesloten omdat de <font color=""red"">motor</font> van de wagen volgens speurders niet gedraaid had ."	9.52	7.67	7.91	9.28	3.56	3.62
motor/noun/DT_19991231_01/157162	a	12.4590523969	4.86829341486	6.42387341894	-7.88924643475	-10.0241677911	5.98166035693	1.76030304227	11.3225954376	0.62412684203	7.44322664896	-9.77766046085	-0.0417053979437	"Daarom zou het bedrijf beslist hebben om jaarlijks 50.000 <font color=""red"">motoren</font> van 2.000cc te betrekken bij PSA Peugeot Citroën ."	7.07	5.1	5.47	6.71	7.63	7.07
motor/noun/LN_20000621_01/192731	a	-1.01382942219	1.30524729242	-0.0286645935926	-1.32768214863	2.03903631595	-0.616416557524	0.584590882667	2.38025412005	2.44792051422	1.35122255817	-0.974619239605	-2.05530443207	"Daar was de kapotte <font color=""red"">motor</font> van een auto plots fel beginnen roken ."	9.52	7.67	7.91	9.28	2.75	2.39
motor/noun/DT_20020131_01/66584	a	1.30773396528	-1.10289773034	1.54799011787	0.828589984394	-1.24605150115	-0.116977657552	-0.45074368476	0.0766212288751	-0.167316992156	-0.131568744819	1.57199195251	1.10238587914	"Die komt bijna volledig uit de aftersales , omdat de verkoop van nieuwe <font color=""red"">motoren</font> nauwelijks winstgevend is door de zeer hoge ontwikkelingskosten ."	9.52	7.67	7.91	9.28	0.96	0.7
motor/noun/LN_19990728_01/313	a	-1.89728272457	-0.791600752929	1.19989955089	-2.16847267951	0.681612243828	-2.66296041654	-0.811319385506	2.82324091365	2.34298400857	2.34076295766	-2.21093358106	-2.06661322024	"Beide portieren van de auto werden opengeplooid , maar ze kregen de <font color=""red"">motor</font> niet aan de praat ."	9.52	7.67	7.91	9.28	4.69	4.51
motor/noun/DT_20020507_01/67724	a	2.13722255617	-1.56044177748	2.28377507159	0.885000909583	-2.04143098378	-0.404092111037	-1.38407103695	0.17847749735	5.26856260091	1.79087593619	0.435298723998	7.28835159561	"United Technologies Corp verloor 3,3 procent tot 67,31 dollar , omdat dochter Pratt & Whitney het tegen Rolls Royce moest afleggen voor de levering van de <font color=""red"">motoren</font> voor 15 Airbus-vliegtuigen die besteld waren door Lufthansa ."	9.52	7.67	7.91	9.28	3.12	2.78
motor/noun/LN_19990324_01/192703	a	-5.86051138807	0.835903419097	-2.39326810115	4.35453999025	6.63572576782	-3.06140770655	2.37700019555	-3.27199472348	-0.00932828750483	5.23286370086	8.14367219261	-0.489144579445	"Dag en nacht draaien er <font color=""red"">motoren</font> ."	8.28	6.9	6.67	8.51	2.92	2.7
motor/noun/DM_20010827_01/3571	a	0.503783091307	1.18727145348	0.127783805799	-0.463715384387	0.904627790437	0.369084883368	0.580452902818	1.42686422241	1.23859627297	1.5594258082	-2.71701031899	0.0668447938362	"Voor de C3 voorziet Citroën vier <font color=""red"">motoren</font> ."	9.52	7.67	7.91	9.28	2.53	5.07
motor/noun/LN_20050727_01/38132	a	1.19142829711	-0.770299759704	1.54851520766	0.670794673451	-0.762533262903	-0.503970260683	-0.476264893656	0.597045096388	0.537828257107	-0.567746358723	2.40525283411	0.545692338401	"De <font color=""red"">motor</font> zal in het schip blijven en het schip krijgt vijf lagen verf zodat het er helemaal als nieuw zal uitzien ."	9.52	7.67	7.91	9.28	0.64	0.59
motor/noun/DT_20021123_01/48521	a	2.24567417636	3.3238124295	-1.98873419245	2.2256421751	1.21143307869	3.85216605856	2.87474005222	-0.910048094891	-3.97651610462	3.95092702377	-4.80922499164	7.13330203195	"Het is een <font color=""red"">motor</font> met een cilinderinhoud van 3,2 liter en goed voor 220 pk ."	8.58	7.06	6.97	8.67	5.3	5.22
motor/noun/BL_20021102_01/54926	a	5.88369699978	2.23028297549	0.631862794122	4.9017434564	-2.84256504188	4.79717300077	1.78110556635	-3.61948532231	-3.95128778893	2.90624124816	-2.77848820464	6.63712550011	"De <font color=""red"">motor</font> levert nu 140 pk ( tegen 90 en 115 voor de oude JTD's ) en rijdt daarmee bijzonder soepel ."	9.52	7.72	7.91	9.32	4.71	4.61
motor/noun/BL_20000119_01/61381	a	-0.997846365016	1.49203977814	-1.17468946142	1.61226038394	2.86254606686	1.36701343175	1.36434910992	-1.00035922186	0.0231263255842	-0.322344831802	2.32234737919	1.48224347208	"Ons doel is om deze <font color=""red"">motor</font> zo goed mogelijk aan te passen en intussen een splinternieuwe Husqvarna klaar te stomen met het oog op volgend jaar . """	8.26	6.6	6.65	8.21	0.71	0.58
motor/noun/BL_20030210_01/49022	a	-1.84572388864	-0.749873402674	0.717219346629	2.64707984614	-1.0775748813	2.53124164231	0.647116365642	-1.63561796149	-2.84652443658	-0.275658978682	2.66105647094	5.23727889311	"Iedereen weet dat onze <font color=""red"">motor</font> niet de krachtigste is en dat zie je hier meteen ."	9.52	7.67	7.91	9.28	3.79	3.34
motor/noun/BL_20040716_01/207	a	-0.933107706087	2.24477419531	-0.488489043181	-0.915167988081	2.65265732833	0.149709081746	1.09415230078	1.72896873349	1.40656706166	2.01487385548	-2.04245358111	-0.771980582706	"Blijkbaar was er te veel olie in de <font color=""red"">motor</font> gedaan ."	9.52	7.67	7.91	9.28	2.53	2.35
motor/noun/BL_20050809_01/29357	a	-0.645957112656	-2.0128239027	1.83323032919	-1.63794672669	-2.0962495064	-0.492539249694	-1.18204337721	2.36204801827	0.66125248655	1.71763956479	-0.638506156199	0.106253572901	"Passagiers verklaarden dat vóór de landing op het water beide <font color=""red"">motoren</font> van het toestel waren uitgevallen ."	9.52	7.67	7.91	9.28	2.97	2.84
motor/noun/NB_19990312_01/90765	a	1.94595978526	1.50776886021	-0.0820923239208	1.51354522288	0.191758479042	2.11495379345	1.34231211817	-0.0116271944959	-0.862427484084	0.459428226331	0.734154371784	2.95971970356	"De Lincoln LS , die met de nieuwe Jaguar S-Type platform en zelfs <font color=""red"">motoren</font> deelt , wacht straks bij de ( Ford-US ) dealer ."	9.52	7.67	7.91	9.28	2.19	2.19
motor/noun/BL_20041204_01/61296	a	0.951066221906	2.65750584661	-1.07550010002	0.740518180707	1.53884374244	2.14528691634	1.91207130054	0.612102225891	-0.323578411096	3.46018982391	-3.49604231588	1.48714831916	"Een beetje onderstuurd , een scherp stuur , een flinke ophanging en pittige <font color=""red"">motoren</font> ."	9.52	7.67	7.91	9.28	4.56	4.36
motor/noun/BL_20050226_01/79299	a	1.13259327754	2.60226462409	-1.12244915061	1.47965148148	1.14610810742	2.32135106219	2.10365139721	-0.214231774965	-1.70457089	2.73623501877	-4.01219731755	4.60366908566	"De enige echt nieuwe <font color=""red"">motor</font> is de 2.7 TDI , een zescilinder diesel met de modernste common rail-technologie ."	9.52	7.67	7.91	9.28	4.39	4.93
motor/noun/BL_20000318_01/47367	a	4.8894915673	2.70516397507	2.93850809201	-3.21096461136	-0.63954391124	5.31745534601	4.39125855019	-0.644796145398	-3.83247737513	3.52004456258	-5.08734677449	6.97500580908	"Ook technisch veranderd er heel wat aan de Sharan , met onder meer vier nieuwe <font color=""red"">motoren</font> ."	9.52	7.72	7.91	9.32	4.71	4.61
motor/noun/DS_20020311_01/55027	b	-0.357355586149	1.02272682977	0.700877246079	-0.701290033254	1.36813057363	-0.59115624593	0.307233746328	1.52099931448	1.77619256626	1.76891938536	-1.33999644812	-1.54512542158	"In het beste geval doen beide <font color=""red"">motoren</font> dezelfde wagen bollen ."	9.52	7.67	7.91	9.28	2.66	2.1
motor/noun/nrc19990706/42623	b	-1.16402112363	-5.98584332633	5.11880411266	-0.42172464463	-1.65374433334	-6.06169159067	-4.44552748306	-1.06666148655	5.36870618357	-2.55557845217	5.26551519045	-6.42183179199	"De Conservatieve oud-premier Major , de <font color=""red"">motor</font> achter het proces dat leidde tot dat akkoord , noemde de vrees van Trimble gisteren gerechtvaardigd ."	9.52	7.67	7.91	9.28	2.27	1.79
motor/noun/volkskrant20000501/57041	b	2.11439804583	-0.419333346757	1.71089018476	0.294983790683	-1.60239924315	0.9196354601	-0.614008368246	0.729696704702	-0.355577301226	1.01483883027	-0.641547453804	1.67850060694	"Biotechnologie wordt één van de grote <font color=""red"">motoren</font> van de industriële vernieuwing ."	9.52	7.67	7.91	9.28	3.27	3.66
motor/noun/volkskrant20010905/25902	b	1.75549794948	-1.78089040515	2.46377748368	0.249041030543	-2.05137175135	-0.795877214134	-1.53050909157	0.800181118212	0.687818464348	-1.00236766112	2.76412493167	-0.0378176101698	"De <font color=""red"">motor</font> daarvan aan Albanese kant wordt gevormd door het UCK ."	9.52	7.67	7.91	9.28	0.91	0.73
motor/noun/volkskrant20011006/96643	b	-1.49187558272	-4.00880901487	3.93219045141	0.165836472025	-0.403473961199	-4.54000791432	-2.33271693875	-2.04896352641	2.74009815837	-1.68493430589	3.73025856227	-2.26286102992	"' De <font color=""red"">motor</font> achter al die transacties is dezelfde als in de afgelopen tien jaar ."	9.52	7.67	7.91	9.28	2.27	1.79
motor/noun/volkskrant20011022/7028	b	3.57701524262	-2.69721091294	3.78684906946	2.10472954456	-4.34734367281	-0.525764390282	-2.592084688	-0.996724336417	-2.96856932618	-2.4197404766	5.65592698445	6.43037200612	"Als <font color=""red"">motor</font> van de economie restte niets anders meer dan de vaak zo versmade overheid ."	9.52	7.67	7.91	9.28	1.96	1.75
motor/noun/DT_20001014_01/21572	b	0.133110458268	-1.23988526728	1.36035770232	2.02289019043	-0.239146076552	-1.38393224675	-0.165483704079	-1.3972278102	-0.986644826614	-1.40507528289	4.29366644357	2.51056301633	"Als de OESO-barometer gelijk krijgt , dan draait de Europese economische <font color=""red"">motor</font> nog een tijdje op kruissnelheid ."	9.52	7.67	7.91	9.28	2.92	2.7
motor/noun/ad20020927/46969	b	0.92593562213	1.38430050131	-0.179130906594	0.907250022079	0.777728099594	1.54302859099	1.01294025872	0.225737840437	-0.0445805549053	0.293746128964	1.12006216379	1.15703302177	""" De branche <font color=""red"">motor</font> blijft ook dit jaar een markt met door de sterke concurrentie structureel onvoldoende resultaten . """	9.52	7.67	7.91	9.28	0.84	0.62
motor/noun/volkskrant20020610/43767	b	-1.31711885818	-3.29927792865	3.12182707352	-0.0329612826711	-0.58139645247	-4.35071262286	-1.49969855041	-1.25802887493	3.76659770395	-2.2188224663	5.6359170581	-4.39100428075	"De <font color=""red"">motor</font> achter het succes zijn echter vooral de fans ."	9.52	7.67	7.91	9.28	2.27	2.16
motor/noun/volkskrant20020906/29644	b	4.0003691476	-3.51488816287	3.50331789636	3.41661487027	-5.13540401073	-0.199508644835	-2.16959506143	-2.5888480263	-2.08942212283	-1.89677601194	4.68914023813	4.55431168632	"Bengalezen klonteren bij elkaar langs de zee , Pathanen wonen in hun eigen kolonies , Punjabi's , Baluchi's en Sindhi's ; iedereen woont , werkt en sterft in zijn eigen deel van deze grote , stinkende economische <font color=""red"">motor</font> die Pakistan draaiende houdt ."	8.67	6.94	7.06	8.55	5.28	4.74
motor/noun/volkskrant20030506/21632	b	-0.694882242973	-1.17785457306	1.8455818558	-0.391867145456	-0.0229683131936	-2.02010024081	-1.0242994948	1.00398462187	0.472513252092	-0.0612749959493	1.99539987981	0.190863665701	"Zidane bijvoorbeeld die Real Madrid , na de sensationele 5-1 nederlaag zaterdag tegen Real Mallorca , bij de hand moet nemen in een wedstrijd tegen zijn oude club ; een Milanese stadsderby waarvoor 120 duizend mensen kaarten probeerden te kopen ; Pippo Inzaghi , die toernooi-topscorer Van Nistelrooij op de hielen zit ; Pavel Nedved , de Tsjechische <font color=""red"">motor</font> die bij Juventus Zidane verving ."	9.52	7.67	7.91	9.28	0.99	0.8
motor/noun/volkskrant19991230/2603	b	0.470074598582	-2.99941657393	3.21040284115	0.248945170953	-1.93778090964	-2.52774594589	-2.02832502905	-0.380263204865	3.21020446984	-1.87379073259	3.8971684872	-3.14655837014	"Technologie , in de ruimste zin van het woord , is de <font color=""red"">motor</font> achter de inkomensgroei ."	9.52	7.67	7.91	9.28	2.27	1.79
motor/noun/nrc20000114/72517	b	2.82333576191	-1.47146213823	2.24785347178	1.95038555637	-2.68466251585	0.428264016772	-1.14707211803	-1.17070703058	-1.61676798617	-1.47113719496	3.57626574001	3.65067095942	"Een groot deel van die veerkracht zat in het netwerk van kleine en middelgrote bedrijven dat al jarenlang de economische <font color=""red"">motor</font> is ."	9.52	7.67	7.91	9.28	2.26	1.81
motor/noun/parool20020301/54322	b	1.6657304947	-2.98315771958	3.09157802942	0.930635276756	-2.46058122945	-1.09200613542	-2.02917083403	-0.424675410463	0.472598832069	-0.841786226568	2.63972635207	0.275380340752	"De ene was zoals altijd Loeki de Leeuw , de <font color=""red"">motor</font> van alle zappers ."	9.52	7.67	7.91	9.28	0.55	0.39
motor/noun/DS_20000921_01/10320	b	2.41288690304	-0.364671485862	0.932819598589	1.85975931848	-1.39859935366	1.50573135163	0.102252744608	-0.896781747859	-0.292880520312	-0.74816407111	2.76532398834	1.579666906	"De eerste dagen van het zwemtornooi presteerden de Australiërs , met als <font color=""red"">motor</font> Ian Thorpe , behoorlijk indrukwekkend ."	9.52	7.67	7.91	9.28	1.51	1.28
motor/noun/parool20001202/76135	b	3.00424050654	-2.42405678913	2.88439940237	2.0915382748	-3.33716094516	-0.0957802535453	-2.11012160009	-1.20316513252	-2.24485161329	-3.40651353375	6.55888224451	5.2005868346	"De olie-industrie in en rond Bakoe behoorde tot de economische <font color=""red"">motoren</font> van de voormalige Sovjet-Unie ."	9.52	7.67	7.91	9.28	2.26	1.81
motor/noun/DM_20000510_01/54618	b	4.19870764205	-2.62062442776	2.71686415706	3.34634043639	-4.35710405762	1.35337580741	-1.44243072075	-2.64551003433	-2.25947897918	-3.34878693117	6.73940890151	4.81141419417	""" Het oorlogsgeweld heeft een economische <font color=""red"">motor</font> gekregen "" , meent Johan Peleman , directeur van het International Peace Information Service ( IPIS ) ."	8.26	6.6	6.65	8.21	2.95	2.4
motor/noun/DM_20010619_01/18355	b	-1.38209697482	-3.89565678799	1.5202753853	3.7649677005	-0.849396484855	-4.23558533758	-2.91521680537	-0.913206783278	4.4072673142	-2.2190836397	5.07996528873	-5.79857669421	"De Democratische senator voor Texas in het federale parlement , Rodney Ellis , die de <font color=""red"">motor</font> was achter het wetsvoorstel , toonde zich onthutst over de beslissing van Perry ."	9.52	7.67	7.91	9.28	2.27	1.79
motor/noun/parool20040227/62491	b	0.159158175913	-3.48346160198	3.47669209149	0.767593184795	-1.3515575259	-3.06333666504	-2.29804496017	-1.25566573819	-7.24561922327	0.497701518674	-5.10226910549	13.1868061646	"In die tijd vindt Broek ook zijn onderwerp : het atmosferische , stedelijke landschap als <font color=""red"">motor</font> voor suspense , het landschap als thriller ."	9.52	7.67	7.91	9.28	3.52	3.25
motor/noun/nrc20020226/2815	b	4.12853082727	-1.65215782937	3.50315792834	-1.50674793556	-3.90755883243	0.792246852425	-2.89021434313	1.85650500407	-0.457904424497	3.84492381345	-3.78413008371	2.00378078892	"Die <font color=""red"">motor</font> hapert de laatste jaren ernstig ."	9.52	7.67	7.91	9.28	4.25	3.97
motor/noun/DT_20021114_01/50054	b	1.30435305475	-0.318323992562	0.994245185981	0.860946776949	-0.720818300207	0.354819676788	-0.0913071473281	-0.218651290015	-0.540994619036	0.0201973861579	1.63629608162	2.50001299263	"75 procent van de bijna 300 ondervraagde vermogensbeheerders gelooft dat kostenbesparing de <font color=""red"">motor</font> is van winstherstel in het bedrijfsleven ."	9.52	7.67	7.91	9.28	1.04	0.95
motor/noun/nrc20011207/1348	b	0.786041725567	-3.05822413913	3.01963772342	0.644492538965	-2.22853013863	-2.22728939965	-1.75294107075	-0.715565686317	2.63056763436	-2.00657085415	4.0660133115	-1.92730147415	"Hoe veelbelovend de nieuwe media ook zijn , de echte <font color=""red"">motor</font> achter de winst van Reed is dit jaar de educatieve uitgeverij geweest ."	9.52	7.67	7.91	9.28	2.27	1.79
motor/noun/DM_20040320_01/11502	b	1.76279496623	-0.875897446278	1.56450733218	0.554827766394	-1.23059969296	0.164273112753	-0.903753380015	0.147183994969	0.426503132578	-0.478627564425	2.77965710854	0.826138071219	"Adam Smith wees het eigenbelang aan als de <font color=""red"">motor</font> van sociale contacten ."	9.52	7.67	7.91	9.28	0.55	0.49
motor/noun/DM_20040917_01/22323	b	-1.30626332465	-1.03781944075	1.53930364071	-0.406498570052	1.23489250506	-2.13728648689	-0.546567913507	-1.21137342991	3.47856652695	-1.84495013203	4.59381996476	-4.44370407034	"De Vlaamse liberalen zijn de grote <font color=""red"">motor</font> achter een niet-bindend referendum over de Europese grondwet ."	9.52	7.67	7.91	9.28	2.27	1.79
motor/noun/trouw20000429/46168	b	3.28261783668	-1.87879366841	2.91586405687	1.05485652993	-3.01115970518	-0.255680771705	-2.17896815434	0.294822379762	0.418160053274	-0.794973175736	4.57391705982	1.04807339417	"En Jeltsin is de man aan wie de Russen het allemaal te danken hebben : de <font color=""red"">motor</font> , het brein , de uitvoerder en het gezicht van de tweede Russische revolutie ."	9.52	7.67	7.91	9.28	0.55	0.45
motor/noun/nrc20010918/50440	b	2.34032346123	-2.21275781077	2.35700156243	1.19485060734	-2.80652679708	-0.134130247003	-1.23977529831	-0.355239609794	-1.94462462323	-2.81539652729	6.05614213657	5.14733128583	"Hij acht die onmisbaar om het consumentenvertrouwen , de <font color=""red"">motor</font> van de economie , op peil te houden en heeft om die reden ook de renteverlaging van de Europese Centrale Bank toegejuicht ."	9.52	7.67	7.91	9.28	1.96	1.75
motor/noun/DM_20050701_01/17043	b	1.29014795814	-0.0579376868673	0.905959065336	0.986489116006	-0.546196050123	0.495979315101	0.123258286534	-0.0533451003948	-0.680014044331	-0.977908560235	3.21037981814	2.56351499023	"Onderwijsschepen Robert Voorhamme ( SP.A ) meent dat de komst van de nieuwe hogeschoolcampus een <font color=""red"">motor</font> kan zijn voor andere ontwikkelingen op en rond het Spoor Noord ."	9.52	7.67	7.91	9.28	1.68	1.44
motor/noun/trouw20040524/16430	b	-0.380666219138	-0.173025067916	0.391369682826	-0.20447211139	0.448887276738	-1.05365570991	0.247665936428	0.916438166028	0.596225051712	-1.53758325542	2.34659743573	-0.169275058146	"In de zestiende minuut gaf hij Utrechts <font color=""red"">motor</font> op het middenveld De Jong een flauwe gele kaart voor te snel inlopen bij een Twentse vrije trap ."	9.52	7.67	7.91	9.28	0.99	0.43
motor/noun/vk19970908/29172	b	2.26878561622	-5.89092933593	5.11974581171	-0.492285870252	-4.23629286903	-4.01148290783	-4.54004697638	-0.039330698825	4.94440712007	-2.46033196943	4.76666342942	-7.18599211206	"De vulkanische miljonairsvrouw Janna Angelopoulos , de <font color=""red"">motor</font> achter de kandidatuur van Athene ."	9.52	7.67	7.91	9.28	2.27	1.79
motor/noun/parool20020426/46566	b	-0.183552760376	-0.191618260568	0.669261713029	0.956411361809	0.492549837476	-0.199116179933	0.268602527686	-0.407498084333	0.559760228652	-0.0739924740877	1.37123125749	0.53513124966	"Ik kon een verhaal vertellen waarin zo'n hond de <font color=""red"">motor</font> was ."	9.52	7.67	7.91	9.28	0.56	0.43
motor/noun/volkskrant19991030/7013	b	2.84251511444	-1.25139429769	1.94164882732	1.71300430852	-2.21199351632	0.831137466562	-1.04844652574	-0.827181271721	-1.64745128916	-2.2110109972	5.19794038597	3.96750909909	"Hij had het over politici die aan het hoofd staan van de enige mogendheid ter wereld die in staat is haar macht over de hele aardbol te doen gelden en fungeert als economische en technologische <font color=""red"">motor</font> van de wereld ."	9.52	7.67	7.91	9.28	2.26	1.81
motor/noun/nrc20020103/13070	b	-1.11383518158	-3.009467245	3.24890970024	-0.0986067201513	-0.514685272406	-3.68401041167	-1.91331761505	-1.42944056939	3.92448657986	-2.19690768547	4.53435372917	-5.13033257861	"Jan Nagel , de grote <font color=""red"">motor</font> achter Leefbaar Nederland , krijgt tien vragen voorgelegd die zijn geselecteerd uit vragen van internetters en de luisteraars naar de radioprogramma's Arbeidsvitaminen , Brood & spelen , Schiffers.fm en 1 op middag ."	9.52	7.67	7.91	9.28	2.27	1.79
motor/noun/ad20040524/12494	b	5.72185591697	-3.74279854453	4.97922637634	1.85541210526	-6.0559050103	-2.45080472088	-3.97187069108	1.42979430628	-2.69648602507	-1.89460083675	3.48321283459	5.22169427237	"Hoe hard de groei kan worden afgeremd zonder dat de <font color=""red"">motor</font> afslaat , weet niemand ."	9.52	7.67	7.91	9.28	4.33	3.91
motor/noun/NB_20021003_01/167948	b	2.11888133731	-3.67620147819	3.32262830906	1.0289973281	-3.73222494387	-1.20650028525	-2.33024318124	-0.451523606099	0.129814514788	-1.44427500679	3.67382830437	0.680572156112	"Punjab , de <font color=""red"">motor</font> van Pakistan , leek de rust zelve ."	9.52	7.67	7.91	9.28	0.71	0.45
motor/noun/NB_20030423_01/81170	b	3.96603509702	-4.72663163211	5.32291914772	2.61918772554	-5.81306639406	-1.32108565829	-3.92529673584	-1.54726285191	-3.80114094426	-2.91816133521	7.1258366172	6.70541762525	"Sputtert de economische <font color=""red"">motor</font> , dan worden jonge werknemers als eerste gedumpt ."	9.52	7.67	7.91	9.28	6.6	6.19
motor/noun/DT_20040211_01/56298	b	3.08505458105	-0.827719312707	1.75467483869	2.23279266338	-2.41445857666	1.35240813399	-0.799974637265	-1.27717088532	-1.74217291102	-1.39881932543	3.52898987304	3.95169184547	"De president wil zijn land zien uitgroeien tot ' een oase van vrede , een model voor de democratie en een <font color=""red"">motor</font> van de economische en sociale ontwikkeling in Centraal-Afrika , om niet te zeggen in heel Afrika ' ."	9.52	7.67	7.91	9.28	2.26	1.81
motor/noun/LN_20051209_02/27958	b	2.56969381845	-1.71612336085	1.76976294052	2.53865711542	-2.45141450828	-0.238671466961	-0.0320084397048	-1.67534442395	-1.15741493104	-0.527789318051	2.83082890189	2.94176883575	"Onze economie zal volgend jaar niet op volle kracht draaien omdat de export voorheen de <font color=""red"">motor</font> van onze groei wat achterblijft ."	9.52	7.67	7.91	9.28	2.92	2.7
motor/noun/ad20010908/27979	b	1.37293529263	-5.44406861165	4.16853022495	-0.601776774532	-3.26277230075	-4.23208545057	-3.40401521101	0.196452005497	4.33527522756	-2.02565173041	4.80905137809	-4.7455890184	"Zeker niet Piet Kranenberg ( 83 ) , destijds de <font color=""red"">motor</font> achter het behoud van het sportmonument ."	9.52	7.67	7.91	9.28	2.27	1.79
motor/noun/NB_20030528_01/53165	b	0.443310277054	-5.0088103597	3.81640026563	2.34016707924	-4.38312426182	-2.7388906349	-2.08707421563	-2.0782565188	-4.30380401071	-3.41660133558	8.26225652293	5.8446077317	"Roel Verstraeten wordt streekmanager net op het moment dat de economische <font color=""red"">motor</font> sputtert ."	9.52	7.67	7.91	9.28	6.6	6.19
motor/noun/LN_20030303_01/141732	b	-0.00364923034176	-0.652029859737	1.31228822745	1.19959878383	-0.191341593505	-0.672723180893	-0.225682349078	-0.249162036817	0.823461138956	-0.228259664973	1.71348849711	-0.368027290874	"In de slotfase moest de <font color=""red"">motor</font> constant à bloc ."	9.52	7.67	7.91	9.28	0.75	0.97
motor/noun/NB_20031005_01/8280	b	1.85280508687	-1.39581793247	1.741792567	1.69749230267	-2.02225479164	0.124749082472	-0.531842577879	-0.880710752161	-5.37605281625	-3.47463213528	9.31537003576	7.96838056579	"Met een beetje overdrijving kan je de staat omschrijven als de <font color=""red"">motor</font> van de wereldeconomie ."	9.52	7.67	7.91	9.28	6.6	6.19
motor/noun/NB_20030401_01/137507	b	0.748883713466	-0.56913125548	1.03987388583	0.743305977519	-0.494811281713	-0.0982857775441	-0.172213955525	0.0297824051235	0.598849375165	-0.17647499733	1.65309981533	0.335912647013	"Tony De Rycke speelde als vervanger van de geblesseerde Dirk Verdonck een secure wedstrijd als libero , terwijl Steven Cauwels nog maar eens de <font color=""red"">motor</font> van de ploeg was ."	9.52	7.67	7.91	9.28	0.55	0.54
motor/noun/NB_20020622_01/68785	b	0.017693932769	-2.09273828676	2.2859405476	0.117074065388	-0.624108843783	-2.25973967203	-1.27730150024	0.137573015858	2.92645511149	-1.51331025147	3.99949247204	-3.70959726357	"Zijn vereniging is de <font color=""red"">motor</font> achter de lokale kermis die in het weekend wordt gevierd en waarvan het trefpunt een in Kluizendorp opgetrokken feesttent is ."	9.52	7.67	7.91	9.28	2.27	1.79
motor/noun/NB_20011001_01/40129	b	5.03205742544	-1.13892176351	4.41513885824	1.6315592157	-3.78020689175	-2.6778478266	-3.25051173728	2.19878161351	-6.64811915255	-2.72145415028	8.33864450104	-10.579188573	"Daarna sputterde de Brugse <font color=""red"">motor</font> en herpakte de kustploeg zich ."	9.52	7.67	7.91	9.28	6.6	6.19
motor/noun/NB_20020801_01/69105	b	5.57184504985	-3.27518624711	4.19542970797	3.19358599424	-5.79374352498	0.20593726274	-3.24804701889	-2.50102477919	-3.67278241411	-3.33990435537	8.26430003621	6.44054636986	""" De ontmoedigende cijfers bewijzen dat de economische <font color=""red"">motor</font> nog steeds sputtert en dat zowel de consumenten als de bedrijfsleiders weinig vertrouwen hebben in de toekomst ."	9.52	7.67	7.91	9.28	6.6	6.19
motor/noun/NB_20011116_01/130064	b	3.76251295973	2.33250884023	-0.944569013567	2.94006444005	0.0480866055074	3.91426566632	-1.26658679103	3.54538888246	0.595889513186	-0.591443330907	1.91883798801	0.89947502075	"Rode Duivels met Brugse <font color=""red"">motor</font>"	9.52	7.67	7.91	9.28	0.84	0.62
motor/noun/NB_20020104_01/149384	b	-7.89237955955	-3.03189076564	-5.07613677443	3.56068697465	6.39805902975	-6.53590543012	2.13677792463	-5.61305321803	2.27023036455	-2.57882187775	5.13098383567	-2.12720130957	"Zijn <font color=""red"">motor</font> is super , maar blijkbaar wil zijn gestel niet altijd mee ."	6.95	5.24	5.35	6.85	0.75	0.53
motor/noun/NB_20040705_01/3815	b	-16.4935988522	-1.06567651219	-11.1583249581	-7.08026316074	12.3446648105	-10.4906680852	12.4936650358	2.52862657116	0.629547106602	-5.97511163647	8.28536204919	-0.772254645263	"Motivatie : onvermoeibare <font color=""red"">motor</font> op het middenveld ."	6.74	4.79	5.14	6.39	0.99	0.48
motor/noun/LN_20001110_01/133359	b	-4.56347671536	-4.9954411856	4.08558428939	4.31177951943	0.680862734355	-7.00465572153	-1.86968452043	-4.16155939444	2.22577581751	-4.1875646691	7.43147461466	-0.733455512531	""" Door altijd goed bezig te zijn , valt je <font color=""red"">motor</font> niet stil "" , weet de jarige ."	9.52	7.67	7.91	9.28	4.39	4.09
motor/noun/parool20040723/13530	c	0.73996045284	0.890117530394	0.142240277748	-0.0506379329998	0.556229539414	0.631548035641	0.673651776218	1.21728466286	0.735137258374	1.7571689778	-1.65370434791	0.28582691917	"De dader , die vanaf een motor schoot , en de bestuurder van de <font color=""red"">motor</font> gingen er vervolgens vandoor en waren vanmorgen nog spoorloos ."	9.52	7.67	7.91	9.28	3.27	3.66
motor/noun/NB_20021125_01/95958	c	-6.41918388327	-3.25201900603	1.34042346493	6.23851654637	7.19618368622	-4.25503079243	-0.703790981075	-5.17828163163	6.6845946241	6.72010036209	-14.3674648147	1.4603034472	"De motorfreak die binnenkort met The Demon rondtoert , betaalt 50.000 euro voor zijn opvallende <font color=""red"">motor</font> ."	6.95	5.0	5.35	6.6	3.53	3.15
motor/noun/parool20040612/27057	c	-2.81264913479	2.72420696827	-1.51613598426	-1.8286944594	4.15017283018	-0.755537247468	1.72545081993	2.97466503238	1.51075915383	0.47499156421	0.483925301409	-1.2187086197	"In december 2002 werd hij neergeschoten voor zijn toenmalige woning in Buitenveldert door twee mannen op een <font color=""red"">motor</font> ."	8.26	6.6	6.65	8.21	0.81	0.83
motor/noun/parool20040529/59670	c	-0.286565446351	0.460431725134	0.256123348801	-0.00866545023234	1.09649637767	-0.173935613747	0.34253992704	0.815697978157	1.79719505887	1.00080392807	-0.291308792732	-1.38317111687	""" De liefde voor de <font color=""red"">motor</font> is daarna sterk verminderd ."	9.52	7.67	7.91	9.28	2.34	2.2
motor/noun/DT_20040817_01/30391	c	-3.53359754682	4.16600723788	-2.34068571846	-1.81400402429	5.31312745154	-0.421722241893	2.33673771334	3.48409602372	3.13402453412	0.226529923107	0.910537933435	-2.2160010087	"Daar schoten onbekenden vanop een voorbijrijdende <font color=""red"">motor</font> op een rij wachtende kiezers ."	8.26	6.6	6.65	8.21	1.37	0.81
motor/noun/trouw20000209/47293	c	2.80635232765	-0.270498928783	1.42362488103	-1.79070373227	-2.05643174506	0.23167153624	-0.668917704666	2.45154032433	2.18337216081	2.28888369127	-2.48286863741	-2.07913152167	"In plaats van de auto gebruiken zij daarom de <font color=""red"">motor</font> voor het woon-werkverkeer ."	9.52	7.67	7.91	9.28	2.53	2.35
motor/noun/BL_20051213_01/4072	c	-1.15957531692	11.1808940512	-2.55280050763	-6.3367138503	11.1293966309	-1.0462038991	2.95353202078	7.2592477454	4.40778910164	3.54992232093	-2.81221259918	-4.51827334708	"voor illegale opslag vuurwerkDieven stelen <font color=""red"">motoren</font>"	5.85	4.27	4.26	5.87	1.61	1.35
motor/noun/parool20020516/39865	c	-0.904320956105	3.21729933828	-0.534209193226	-1.56558609012	3.19300851085	0.432815172413	1.16915974993	2.79371046358	3.38307158672	2.53939278075	-3.27688429738	-4.10770115658	"De Coentunnel is gisteravond afgesloten na een frontale botsing tussen een <font color=""red"">motor</font> en een auto in de westbuis ."	9.52	7.67	7.91	9.28	2.53	2.35
motor/noun/LN_20050801_01/68940	c	1.33396517747	1.60502966562	0.316717006235	-1.18198582326	0.655040215161	0.44115725784	0.45583593411	2.36039160541	3.22601243948	2.63074730382	-3.39797052958	-4.28993103336	"Op het kruispunt van de Sparrenweg en de Gerhagenstraat botsten gisterochtend een <font color=""red"">motor</font> en een wagen ."	9.52	7.67	7.91	9.28	4.3	4.03
motor/noun/NB_20030222_01/97769	c	-0.638192507139	1.74389153522	-0.217366053682	-0.666517781125	1.90403984674	0.12511953562	0.872084290902	1.73214030368	2.82420777389	0.876091513727	-0.250441022367	-3.72575814601	"Door een harde windvlaag raakte de 50-jarige Hasselhoff de controle over de <font color=""red"">motor</font> kwijt en knalde hij op een stoeprand ."	9.52	7.67	7.91	9.28	2.13	2.13
motor/noun/DM_19990313_01/2619	c	0.199241655427	-3.96549790184	3.12655714421	1.94152299784	-2.34819105487	-2.8637436148	-1.92550850738	-2.00593978632	0.491279026373	-3.30205616359	5.94484836972	3.14916045683	"Ik bestuurde de <font color=""red"">motor</font> ."	9.52	7.67	7.91	9.28	1.92	1.74
motor/noun/LN_20050820_01/56015	c	-1.48497811157	-2.82047096845	2.47574877006	-1.35142751881	0.164348569902	-3.47327231494	-2.36812576086	2.05898358954	3.39918872022	0.176224089445	0.749591379705	-3.31128836357	"In de Ommegangstraat zette de politieman zijn <font color=""red"">motor</font> dwars over de weg ."	9.52	7.67	7.91	9.28	2.05	1.67
motor/noun/BL_20050824_01/33031	c	1.33054333561	5.14568109357	-2.29504354816	-1.2552557392	3.25569000518	4.12621894188	2.37710034139	2.66690984753	2.46064343121	2.77502799717	-2.69450245009	-2.45398863133	"Hij houdt erg veel van kaartjes met auto's en <font color=""red"">motoren</font> ."	8.73	7.4	7.12	9.01	2.53	2.35
motor/noun/trouw20031205/9064	c	0.09691310018	1.0585871538	-0.059564394777	0.749274433622	1.07982316171	0.684587257002	0.972624976373	0.00239791635568	0.590237641279	0.191364726366	1.4056383462	0.432856757781	"Stel dat je net een <font color=""red"">motor</font> hebt gekocht en de dollar blijft een tijdje dalen ."	9.52	7.67	7.91	9.28	1.03	0.87
motor/noun/LN_20050908_01/188741	c	1.58868807946	-2.32860319229	2.68214591839	0.729485739131	-2.32676405652	-1.09444878493	-1.77777499193	-0.028946908027	2.24442124095	-0.116031972732	0.683485068582	-2.396824071	"Er zijn demonstraties van de cavalerie , sproeiwagen , <font color=""red"">motoren</font> in actie , recherchetechnieken , behendigheidspiste voor fietsers , honden , politiemobiel ..."	9.52	7.67	7.91	9.28	0.92	0.74
motor/noun/NB_20000803_01/32803	c	2.27413886589	0.347211553143	1.02268511027	-0.310039519542	-0.976280683126	1.03724112209	-0.644222002473	1.21200398732	0.598842238578	3.71666194364	-4.64996017761	0.246944471184	"De <font color=""red"">motor</font> was van een Ford-werknemer ."	9.52	7.67	7.91	9.28	3.29	3.44
motor/noun/NB_20000901_01/81711	c	-0.77624637981	0.646210576795	-0.219433643575	0.115537986945	1.68753073086	-0.00199018682472	0.977430574147	0.569520489428	0.283588016273	1.85475588702	-2.04642076832	0.9296102993	"Wat de caféracer zo anders maakte dan een gewone <font color=""red"">motor</font> , was dat elke motor zijn eigen persoonlijkheid had ."	9.52	7.67	7.91	9.28	3.27	3.66
motor/noun/NB_20010224_01/166962	c	0.730802732498	0.781673395679	0.255480229588	0.731564180378	0.146329328751	0.888179259872	0.67576851597	-0.0824942141629	0.1568841238	-0.157027774757	1.93672504514	1.01708571144	"Als je slaagt in een opdracht , krijg je er een nieuw personage of een nieuwe <font color=""red"">motor</font> bij ."	9.52	7.67	7.91	9.28	0.96	0.7
motor/noun/NB_19991201_01/78263	c	-1.91432723347	0.748649875438	-0.509697297335	1.96913457925	1.23705892504	2.65837965955	1.7951382767	-0.897790707335	2.11729333035	4.04102047205	-5.21356506435	-1.5447930179	"Want meestal wordt er in de winter niet zo vaak met de <font color=""red"">motors</font> rondgetoerd ."	9.52	7.67	7.91	9.28	3.53	3.15
motor/noun/NB_19990929_01/41364	c	0.143551484558	1.27569848447	-0.185326333014	1.00249166549	1.23896389857	1.22070576923	0.910185663822	0.0625542232019	0.779736102146	0.184985285849	1.00366763418	0.244212206592	"De toestand van het wegdek tot bij de achteringang was zo slecht dat de begeleidende rijkswachters met de <font color=""red"">motor</font> een omweg maakten uit vrees voor een modderbad ."	9.52	7.67	7.91	9.28	0.84	0.62
motor/noun/NB_19990616_01/115870	c	-2.3459138949	6.28602118915	-2.55218711133	-2.86718739913	6.72963372424	1.89982882862	2.79638512328	4.50384660313	3.73398198036	3.0905560759	-3.42035896443	-4.46671402334	"Op de Muisvenstraat botsten maandag om 17.45 uur een auto en een <font color=""red"">motor</font> ."	8.73	7.4	7.12	9.01	2.53	2.35
motor/noun/NB_20010825_01/178252	c	1.44211130351	-2.65227994792	2.77970859851	0.688917339224	-2.51178646617	-1.15497860114	-2.17113457497	0.204495765362	0.780968491196	4.83800331845	4.62093232425	6.41735023636	"Bijna geen enkele van de door de exposanten geshowde <font color=""red"">motoren</font> is daarom identiek . """	9.52	7.67	7.91	9.28	2.31	2.06
motor/noun/volkskrant20001109/46182	c	-0.101198964971	3.35859254273	-1.21680636106	-0.862522591011	1.88434525195	2.57995084321	2.14197377559	2.32318798378	1.90910195186	1.32332936081	-1.04172910768	-2.01782727352	"Herman Brusselmans : ' Wat ik doe als ik een mindere dag heb : stoppen met schrijven , of er niet eens mede beginnen , en andere dingen doen : de tuin omspitten , prei planten , op de <font color=""red"">motor</font> met 200 km per uur door Vlaanderen scheuren , koffie verkeerd drinken en naar de meisjes kijken . '"	9.52	7.67	7.91	9.28	1.98	1.98
motor/noun/volkskrant20000826/51863	c	-1.38637466898	3.0873029379	-1.50993411755	-0.548967819109	2.94912915925	1.26736081923	2.27563888952	1.93472362201	3.91193193292	3.2517799648	-4.46258953953	-4.4575315917	"( De dikke Van Dale is een uitgever met een bakfiets , Grote Koerkamp rijdt op een <font color=""red"">motor</font> in de twaalfhonderd cc-klasse met zes zijspannen . )"	9.52	7.67	7.91	9.28	5.1	4.82
motor/noun/BL_20010804_01/21222	c	1.20516352859	1.13587665097	-0.13084275579	1.06427755862	0.361152530916	1.45570944232	1.04504938473	0.120157704874	-1.48360417449	0.928371626859	-0.499299094832	4.54623228473	"Maar voor motorrijders die met twee rustig willen genieten met veel comfort en een handelbare <font color=""red"">motor</font> ."	9.52	7.67	7.91	9.28	3.11	3.1
motor/noun/NB_19990116_01/193173	c	1.37176376879	7.32258960134	-3.00673331847	-3.55554827994	5.14167119593	5.59210969192	3.09607189225	4.59789279686	4.78935990478	4.23922746495	-5.35652531588	-4.30447938527	"Alle <font color=""red"">motoren</font> zonder beperking"	4.98	3.35	3.4	4.93	0.61	0.53
motor/noun/vk19970609/43943	c	2.68786469125	-3.6140806636	2.91385073716	-1.51703648436	0.47955943424	-4.01641274961	-2.34552174946	2.4699248485	1.7108568441	1.45132577639	1.60986441713	-3.54423280495	"Bij de lichtste <font color=""red"">motoren</font> ging de overwinning naar de Italiaan Valentino Rossi ( Aprilia ) ."	9.52	7.67	7.91	9.28	1.68	3.66
motor/noun/LN_20051124_01/60816	c	-0.691867784774	2.12689184556	-0.535259544908	-1.02084891204	2.34604904418	0.261740613839	1.06895717204	2.29791312802	2.21882334076	1.0991198413	-0.658266995075	-2.51304461148	"Gisteren hebben twee politie- inspecteurs op de <font color=""red"">motor</font> chauffeurs achter het stuur van een truck met oplegger uit het verkeer genomen om hun lading te laten wegen op de weegbrug aan de Universiteitslaan in Genk ."	9.52	7.67	7.91	9.28	2.85	2.48
motor/noun/BL_20021203_01/744	c	1.96592572138	1.3883500503	0.0234033430263	1.71398158582	0.0310775879579	2.45781276943	1.06241381035	-0.588361235348	0.0396652434261	-0.430855540347	1.79133446429	1.07928909306	"De rechter zal later beslissen welke boete ze krijgen en wat er gaat gebeuren met de <font color=""red"">motoren</font> ."	9.52	7.67	7.91	9.28	0.84	0.62
motor/noun/BL_20030226_01/5674	c	-1.12109526974	3.0420849499	-0.990047422419	-0.998166275765	3.22645582067	1.03126206773	1.52237906634	2.14163002867	2.77806114133	2.43501635758	-2.66290579676	-3.26982639142	" <font color=""red"">motor</font>"	9.52	7.67	7.91	9.28	2.53	2.69
motor/noun/BL_20030505_01/471	c	-11.1441806105	7.39601885813	-3.08380556065	-7.52214388557	13.8438741461	5.22553459845	1.40899138465	8.74973229261	6.22987346344	3.66749519435	-5.1351089056	-6.67552611103	" <font color=""red"">motor</font>"	7.08	6.54	5.48	8.15	3.35	3.71
motor/noun/LN_20050924_01/168736	c	0.340110790087	2.37414424667	0.501538510568	1.89508772649	1.85565581561	-1.02256958847	1.51180668972	-0.827381891394	2.15539050491	0.128690651247	0.32711320631	-0.273116524172	"Het frame , dat meteen ook dienst doet als benzinereservoir , loopt breed en knap geïntegreerd doorheen de <font color=""red"">motor</font> terwijl de uitlaat heel mooi onderaan zit weggewerkt ."	9.52	7.67	7.91	9.28	3.95	3.95
motor/noun/NB_20021123_01/174496	c	-3.26412351388	-0.302281518236	0.946588020494	-2.71314243442	2.10566600346	-3.1886987364	-0.54984924053	3.43756273723	2.44686243941	1.10644105778	-0.57227497941	-3.22777222255	"Je moet even bijsturen om te voorkomen dat de Buell te breed uit de bocht gaat en in de bocht geldt een absoluut verbod om de stevig uit de kluiten gewassen voorrem aan de knijpen , op straffe dat de <font color=""red"">motor</font> meteen weer rechtop gaat rijden ."	9.52	7.67	7.91	9.28	2.34	2.2
motor/noun/parool20010908/57727	c	2.40839364267	2.35235362251	-0.955944851912	1.75273970986	-0.216982416816	3.20544239565	1.9733727802	-0.239503765384	-2.90258928236	2.98272596724	-3.1301036458	5.43138061003	"Wim heeft moeten leren lassen om niet voor elk wissewasje naar de werf te hoeven , zoals hij na twaalf jaar ook aardig met de <font color=""red"">motor</font> overweg kan - een wat lawaaierige 18 pk diesel van Sabb ."	9.52	7.72	7.91	9.32	4.71	4.61
motor/noun/DM_20000929_01/28358	c	1.16886652331	0.120025009722	0.384295878244	2.68887366215	-1.08540679427	2.7662378242	0.984545807497	-1.56430819333	-3.2743748843	2.75249371387	-2.30119580368	6.20942580966	"De <font color=""red"">motor</font> weegt amper 185 kg en is goed voor 144 pk ."	9.52	7.72	7.91	9.32	4.71	4.61
motor/noun/parool20001221/24154	c	1.91407403739	-3.45731751168	3.68327294446	0.971610977513	-3.17888889751	-1.6628125115	-3.03211633665	-0.495842119084	4.20586404513	-6.23705928558	10.9005661835	-11.7342978679	""" De Hells Angels hebben hele mooie <font color=""red"">motoren</font> , "" was alles wat Lebbis over de begrafenis van Sam K. kwijt wilde ."	9.52	7.67	7.91	9.28	2.13	3.04
motor/noun/nrc19990416/87501	c	-1.40373265534	0.22369300543	0.368880457763	-0.361100613458	1.48266238832	-0.888559849297	0.113690815184	1.27035805873	3.45912973355	0.964053085558	-0.685909694781	-4.45873195405	"Zijn 34-jarige broer , die de <font color=""red"">motor</font> bestuurde , ligt gewond in het ziekenhuis ."	9.52	7.67	7.91	9.28	3.17	2.91
motor/noun/LN_20010505_01/93692	c	0.139153641383	-1.04785635195	1.48528452145	0.852649539001	-0.27410947504	-0.927427607591	-0.53513560009	-0.0824583757598	2.0835867832	0.374453714186	-0.0396009357291	-2.60972404816	"Bij het achteruitrijden had deze de <font color=""red"">motor</font> niet opgemerkt en was er overgereden ."	9.52	7.67	7.91	9.28	1.77	1.77
motor/noun/ad20041230/43329	c	-1.18920488249	7.16020390504	-3.6811530576	-2.65211090705	6.13182753985	4.1593512869	3.98728659455	4.38122396874	2.43175209716	2.8878344406	-3.83385527464	-2.63674457284	"Poederzand dat met een stofwolk een <font color=""red"">motor</font> of auto helemaal omhult ."	8.73	7.4	7.12	9.01	2.53	2.35
motor/noun/DS_20040204_01/12908	c	0.351071242601	0.271557801793	0.769432435776	-0.165529898276	0.148392862532	-0.145283678981	-0.230950820253	1.32553645559	1.81704303598	-0.279850757837	1.44879316362	-1.65871754403	"Bij de dalers horen het aantal autodiefstallen , <font color=""red"">motoren</font> , handtasdiefstallen , winkeldiefstallen , holdups , diefstallen uit een voertuig ."	9.52	7.67	7.91	9.28	0.75	0.66
motor/noun/ad20040922/44166	c	-0.225878612523	2.22883338606	-0.793877763437	0.0457412188524	2.09154954896	1.02137515749	1.51456862339	1.3077510149	2.87732904556	1.69387080215	-1.80738767925	-3.96022529117	"Over het bouwterrein kwamen harde windstoten , waardoor hij de macht over het stuur verloor en met zijn <font color=""red"">motor</font> tegen de vangrail viel ."	9.52	7.67	7.91	9.28	2.26	2.26
motor/noun/DS_20050104_01/34123	c	1.99226311375	-0.68318670939	1.55659504551	-1.59607620272	-0.981320143628	-1.55415025987	-0.788935786254	2.20730098657	2.82423940988	2.64095847111	-3.23435132751	-3.19137162242	"Mist in Marokko deed de organisatie van de Dakar-rally beslissen de chronorit voor <font color=""red"">motoren</font> af te gelasten , maar bij de auto's werd het dankzij de Amerikaan Robby Gordon alsnog een spannende dag ."	9.52	7.67	7.91	9.28	2.53	2.35
motor/noun/LN_20000919_01/328537	c	3.31268357442	0.602664543757	1.1962209085	-1.80489449316	-1.7613665187	1.16381315935	-0.380290873543	3.02893236357	1.79366359132	2.03397890058	-2.30923562231	-1.57516319702	"De speurders namen uiteindelijk de wagen en <font color=""red"">motor</font> van Steven D. in beslag , evenals de gevonden drugs en 100.000 frank opbrengst van de verkoop ."	9.52	7.67	7.91	9.28	2.1	1.99
motor/noun/DS_20050408_01/39579	c	-0.510907831381	0.192528801969	0.538167581745	-0.51241147088	0.678249625811	-0.556791020124	-0.117526447005	1.64427310836	0.869315436067	-0.123788170155	1.59848543859	-2.57589118137	"Volgens ooggetuigen werd de explosie veroorzaakt door een man op een <font color=""red"">motor</font> , die waarschijnlijk een bom tussen een groep westerse toeristen gooide ."	9.52	7.67	7.91	9.28	0.7	1.19
motor/noun/ad20040219/5170	c	0.472071288231	0.473652451057	0.456132902429	0.831280957871	0.586162359214	0.367966392231	0.425336180473	-0.0409771135681	1.77202154361	-6.43226800834	2.74562826641	-9.83387193042	"De doden worden vervoerd in drie zwarte rouwwagens , gevolgd door een groep Harley Davidsonmotoren.Zes witte limousines -met daarin onder anderen familieleden van de omgekomen mannen -150 personenauto's , een vrachtwagen vol kransen , en nog meer <font color=""red"">motoren</font> completeren de rouwstoet ."	9.52	7.67	7.91	9.28	2.56	2.0
motor/noun/LN_20000708_01/2919	c	2.32051702755	-0.151738905443	1.52991692612	0.0954706313498	-1.31809588434	0.526097142849	-0.882122730659	0.95226560133	1.79310463535	0.221376821287	1.08648909999	-1.37427057836	"Maar na een jaar geduldig speuren vond de rijkswacht van Dilsen-Stokkem de <font color=""red"">motor</font> terug in Lanaken ."	9.52	7.67	7.91	9.28	1.57	1.01
motor/noun/LN_20000301_01/125583	c	2.8004469924	4.72430548093	-2.79651072885	-0.0228579325551	2.16385648657	4.88822522449	3.09911616365	1.64057289147	-0.591688171365	1.15192515735	-0.41153271404	2.30044286587	"De rallymecenas ontfermde zich over Dumoulin waardoor er dit jaar voor het eerst een nieuwe <font color=""red"">motor</font> kan worden aangekocht ."	8.26	6.6	6.65	8.21	3.29	3.44
motor/noun/DT_20010915_01/29029	c	-3.42645008295	-2.33852466456	1.90171342083	3.50404017004	1.52288528245	-4.29450877528	-0.556786506234	-3.02905855844	1.84232403297	-1.4420377369	3.45783331784	-1.03960891506	"Bij de grotere <font color=""red"">motoren</font> verwacht je bescherming tegen de weersinvloeden ."	9.52	7.67	7.91	9.28	1.06	0.88
motor/noun/ad20010614/47753	c	-2.11617338034	5.22999990048	-3.07298141276	-0.460918320019	5.22716384324	2.53079819735	3.55285686794	1.888383379	1.72208471915	0.415096699675	0.655300953042	-0.771765647594	"Twee gewapende mannen op een <font color=""red"">motor</font> hebben in Johannesburg een politiebusje met gevangenen beschoten ."	8.58	6.79	6.97	8.4	0.97	0.62
motor/noun/ad20020802/14018	c	-1.29986259696	1.31003618725	-0.636952126564	0.187423502993	2.2821689611	0.398294193035	1.66030470757	0.510651069888	1.02174635186	2.90777610819	-4.24847101951	-0.106125552172	"De diender op ( lichte ) <font color=""red"">motor</font> of scooter is zichtbaar en uiterst wendbaar ."	9.52	7.67	7.91	9.28	3.77	3.5
motor/noun/ad20011201/63221	c	1.07260836478	0.246213724898	0.535199489016	0.0970167823355	-0.0857603122467	0.514860542311	0.315381555181	0.682634622679	-0.482181967445	1.69124616714	-1.30855162289	1.79840296923	"Volgens J. Mäkel van Kawasaki is de spannender vormgeving van de Japanse <font color=""red"">motoren</font> geen toeval ."	9.52	7.67	7.91	9.28	4.29	4.0
motor/noun/DT_20020824_01/29875	c	4.23870834806	-0.0254433701139	2.37642480449	-2.40724525926	-2.87630546687	2.6005165539	-1.23785535159	3.2093671106	-1.1855078216	2.80381696781	-3.54653150473	2.60296289279	"De meeste <font color=""red"">motoren</font> blijven doorgaans redelijk standaard ."	9.52	7.67	7.91	9.28	5.09	5.23
motor/noun/DT_20050112_01/17314	c	-2.29076382443	3.18746066422	-2.18817736968	0.313006166844	4.12393889794	1.29828215229	2.82019449223	0.730895714808	1.23687828808	1.01678125818	-0.0539735477734	-0.229477917193	"Kun je een <font color=""red"">motor</font> niet testen ?"	8.58	7.01	6.97	8.62	2.34	2.2
motor/noun/LN_20010621_01/5822	c	-0.133439195186	1.60667808895	-0.198974377734	-0.456203161376	1.55637380527	0.384034526602	1.01068858417	1.42259068052	1.43141132372	1.15203835048	-0.6040570577	-1.14179324687	"De <font color=""red"">motor</font> gleed onder de vrachtwagen door en bleef wat verderop liggen ."	9.52	7.67	7.91	9.28	2.04	1.76
motor/noun/ad20000926/7201	c	-0.217119417429	4.65882957098	-1.87324478958	-2.03758077084	4.81436944051	1.87972499389	2.19514612238	3.21346240616	2.99557286492	2.77509805522	-3.08816293179	-3.06249065657	"De nu beschikbare 35 miljoen wordt besteed aan een regeling cascoschade voor beschadigde auto's en <font color=""red"">motoren</font> ( 2 miljoen ) , opruimkosten voor inboedels ( 0,5 miljoen ) , onkosten voor buitengewone omstandigheden ( 20,5 miljoen ) en inboedelschade ( 12 miljoen ) ."	8.73	7.4	7.12	9.01	2.53	2.35
motor/noun/nrc20000110/20035	c	-3.80890518502	1.25641092031	-2.27914322317	-0.450513266132	3.85799232503	-1.36420996242	2.79956815625	-0.594553918356	2.22111095595	-2.27585538431	5.01888131855	-1.16573853265	"Hij was als een indiaan op oorlogspad , als een rocker die op zijn <font color=""red"">motor</font> jacht maakt op avontuur ."	8.26	6.6	6.65	8.21	0.67	0.41
motor/noun/LN_20010713_01/48778	c	2.38452306169	1.1240357078	0.0258332779009	1.36219467277	-0.494782225895	2.0586764414	1.13298811751	0.852022274992	-0.469257940231	1.84205511555	-1.80959746447	1.7628110367	"Aanvankelijk hield Dirk Temmerman zich bezig met de in- en uitvoer van <font color=""red"">motoren</font> ."	9.52	7.67	7.91	9.28	3.27	3.66
motor/noun/DM_20010106_01/122742	c	0.345005840804	-0.923587394354	1.0747745844	1.19937901927	-0.266999192243	-0.49247490633	-0.0243433099883	-0.491344897276	-0.211920869085	-1.75952536115	2.95932659091	1.17800576416	"In Europa geraakte men dan pas voor het eerst echt geïnteresseerd in Harley's , en ik wilde graag bij de eersten zijn die de <font color=""red"">motor</font> in België introduceerde . """	9.52	7.67	7.91	9.28	1.37	0.81
motor/noun/parool19990625/15173	c	-3.72912970701	5.59685417885	-4.04974985499	2.1415524318	6.73505057965	3.73416846323	5.05522444415	-0.427439979155	1.35734671227	0.161671549967	1.21296189356	-0.264935165403	""" Laat maar gaan , zo'n <font color=""red"">motor</font> is dan grof vuil , weg met dat ding ."	8.58	6.79	6.97	8.4	0.84	0.62
motor/noun/nrc20030616/35540	c	-0.307861029332	1.67864997801	-0.582287670343	0.00998384912662	2.03320183804	0.668916999456	1.25607313497	1.20652016121	1.46767103105	0.611822321767	-0.102378429166	-1.93836841165	"De motorrijder verloor in een bocht de macht over het stuur , belandde in een greppel en kreeg zijn <font color=""red"">motor</font> boven op zich ."	9.52	7.67	7.91	9.28	2.01	2.05
motor/noun/nrc20021007/6523	c	0.801400437775	-0.866844046637	1.05697826363	-0.0323576996718	-0.504098869732	-0.550110979256	-0.301888927747	0.880994669304	1.03487711606	0.365950875213	0.687989109711	-1.10175683626	"Tijdens de TT van Assen , halverwege de jaren tachtig , trok hij zijn <font color=""red"">motor</font> tijdens de opwarmronde bij een snelheid van tegen de tweehonderd kilometer op het achterwiel en kukelde achterover ."	9.52	7.67	7.91	9.28	1.99	4.99
motor/noun/LN_20050702_01/168787	c	-4.06577304157	0.454442304005	-1.78636551164	1.4796589319	3.38027314769	-2.35788698394	2.58971388679	-0.71016558635	1.81940360053	-2.94770205481	5.88581014209	-0.778211222311	"Ikzelf was wellicht de laatste die in de gaten had dat mijn zoon veel beter overweg kon met de <font color=""red"">motor</font> dan ikzelf ."	9.52	7.67	7.91	9.28	2.32	2.05
motor/noun/LN_20050523_01/100935	c	8.5284426053	6.6098479194	-4.19772930857	5.21318430137	7.51902937024	7.23804450555	6.11846858052	-3.41255334582	-0.666158403208	-1.42558584381	2.84138786901	2.01469587714	"473 <font color=""red"">motoren</font>"	0.0	0.0	0.0	0.0	0.0	0.0
motor/noun/NB_20040730_01/93150	c	-0.274883549291	4.33540668938	-2.56823958924	0.565956481541	3.82153491273	3.40887387115	3.13052877409	1.00213958595	1.42158115611	1.06159136526	-0.485744550388	-1.34300530076	"Ook het aantal ongevallen met een <font color=""red"">motor</font> neemt toe ."	8.58	6.79	6.97	8.4	1.65	1.63
motor/noun/LN_20050419_01/96483	c	0.236616389861	0.373490773124	0.362073660837	0.330314889826	0.285232949213	0.215696511557	0.542887472284	0.223458254182	0.654725189794	-0.113705484838	1.89387474554	-0.348722808637	""" Gelukkig was het gat in de muur te klein om er een <font color=""red"">motor</font> door te krijgen , maar ze hebben het wel geprobeerd . """	9.52	7.67	7.91	9.28	0.72	0.75
motor/noun/parool20010609/56621	c	0.797926096183	0.479212229865	0.344493459107	0.818075564166	0.160082563542	0.932914285713	0.370920301964	0.269318480294	0.413857890985	0.117931283145	1.35944411679	0.638772653754	"MET DE <font color=""red"">MOTOR</font> een week door Schotland : het is een verademing ."	9.52	7.67	7.91	9.28	0.84	0.62
motor/noun/LN_20050218_01/10237	c	1.13320287915	0.468680387332	0.628106473336	0.798202642319	-0.026549477535	0.477148943097	0.227304543113	0.254575589624	1.36796076799	5.26461542493	-6.95828817086	-0.68067723128	"Het wordt een reünie voor liefhebbers van <font color=""red"">motoren</font> , scooters , motorkledij en toebehoren ."	9.52	7.67	7.91	9.28	5.55	4.99
motor/noun/ad20000410/20984	c	2.06029344813	-2.7135410925	2.77245412613	1.71543447058	-3.0879869893	-0.530966524763	-1.67115011025	-1.15785140456	-1.79285591176	-2.68497176879	5.3165326432	4.29951161995	""" Misschien is het voor de ontwikkeling van de <font color=""red"">motor</font> niet verstandig , maar voor mezelf wel "" , vond de Spanjaard ."	9.52	7.67	7.91	9.28	1.68	1.44
motor/noun/nrc20010407/71652	c	-1.31416033192	0.419479509212	-0.00919819657923	-1.27687841098	1.36634976022	-0.976794568021	0.409540650428	1.94930395449	3.52744824154	0.843241007583	-0.238019830802	-5.4057543289	"Het is een feest om coureurs vlak voor je neus een bocht in te zien duiken , balancerend op hun <font color=""red"">motoren</font> in de diepe sporen ."	9.52	7.67	7.91	9.28	2.45	2.42
motor/noun/DS_19990118_01/13737	c	-4.86783527482	18.3589800489	-2.12128708643	-13.5648902225	16.9688536923	3.36024593591	3.07242140624	14.9049197676	4.46555310324	5.60817795164	-7.52853980147	-4.42273017893	" <font color=""red"">Motoren</font> :"	5.19	3.84	3.61	5.43	6.94	6.67
motor/noun/DS_19990702_01/16676	c	3.14624763836	2.25430787712	1.555975392	-1.5092200783	1.09812903728	-2.54629222233	0.0438796051247	-2.02799361572	4.41414131046	-0.779445174717	2.20488625471	-5.36821395692	"De zichtbaarheid wordt zo goed als tot nul gereduceerd en verplicht de rijder schuin op de <font color=""red"">motor</font> te gaan hangen om naast het scherm te turen ."	9.52	7.67	7.91	9.28	2.76	2.9
motor/noun/ad20000719/6893	c	-5.29012002337	2.39069372187	-3.1990421795	-0.470812223119	5.62230042709	-2.94318542736	2.57186524966	-2.21525748857	4.10805375118	-1.80449591531	3.25120621945	-4.2052259749	"Een kale zuurstok stayert achter onze <font color=""red"">motor</font> ."	8.26	6.6	6.65	8.21	2.27	1.79
motor/noun/ad20000805/41316	c	-1.84438621612	-2.56265819798	2.63523856886	-1.74115969153	-0.230351514102	-4.12773268176	-2.1746503556	1.47644645533	1.22246220799	-0.358348197379	2.37847232673	-0.373955765313	"Aan populariteit heeft de clown op de <font color=""red"">motor</font> nooit ingeboet ."	9.52	7.67	7.91	9.28	0.6	0.41
motor/noun/nrc20000303/23756	c	-4.69863422183	4.24204089649	-4.32485784198	0.484076637386	7.22133274148	-0.253537158782	4.24099134634	2.53051338252	3.83342619003	2.39117142185	-2.75957737672	-4.15088817179	"IK WIL GRAAG politieagent worden omdat het leuk is om boeven te vangen en <font color=""red"">motor</font> te rijden ."	8.28	7.01	6.68	8.62	2.34	2.2
motor/noun/ad20000805/41466	c	-2.06514154296	1.52205128647	-1.29282861377	-1.21932764097	2.94314632119	-0.910032137138	1.78304884398	1.98230724333	2.00824362246	0.704867752851	-0.129582208784	-2.43900863443	"Het was al geregeld dat hij in 1999 in Assen en op Donnington Park als vervanger zou rijden , op een <font color=""red"">motor</font> van het team van zijn oude vriend Kenny Roberts ."	8.28	7.01	6.68	8.62	2.34	2.2
motor/noun/ad20000226/62346	c	1.71044068988	-2.7067924091	2.80950402698	1.08895444287	-2.60615243954	-0.996868006229	-1.84353940876	-0.483981438122	0.127415266306	-1.03119590083	2.70230962553	1.04157995843	"Een van de laatste uitgaven is India per <font color=""red"">motor</font> , het eerste reisboek van Michiel Wismans ."	9.52	7.67	7.91	9.28	0.83	0.65
motor/noun/BL_19990605_01/53467	c	-1.13785771021	4.52042534833	-2.59852848582	0.66974359419	4.35424624918	2.94121431318	3.28453197899	0.746532905152	1.98173006744	1.66567298436	-1.32812380248	-1.7002613026	"Jill is 14 en rijdt niet met een <font color=""red"">motor</font> ."	8.58	7.01	6.97	8.62	2.34	2.2
