token	label	LeNC44.ppmi.x	LeNC44.ppmi.y	LeNC44.L1LLR.x	LeNC44.L1LLR.y	LeNC44.L1LLRx5.x	LeNC44.L1LLRx5.y	LeNC77.ppmi.x	LeNC77.ppmi.y	LeNC77.L1LLR.x	LeNC77.L1LLR.y	LeNC77.L1LLRx5.x	LeNC77.L1LLRx5.y	text	LeNC44.L1LLRx5.maxW	LeNC77.L1LLR.maxW	LeNC44.L1LLR.maxW	LeNC77.L1LLRx5.maxW	LeNC44.ppmi.maxW	LeNC77.ppmi.maxW
koper/noun/BL_19990403_01/59429	a	1.01446922345	-0.46967151096	0.747111476789	-0.0329088793297	0.144444659583	0.668550449775	2.36357016086	0.634472449169	0.355959364983	0.892793196409	0.758428602686	0.602970503642	"De <font color=""red"">koper</font> echter bedacht zich en omdat de agent-bijklusser weigerde het voorschot terug te geven , legde hij klacht neer bij de plaatselijke politie ."	8.07	6.1	6.46	7.71	3.15	7.87
koper/noun/BL_19990526_01/23056	a	0.217194553871	2.32747736405	2.45957330886	2.14392893882	0.0414114800935	-1.36546107159	-2.7540886336	-2.25059109365	2.19658998376	1.20661223782	-0.937367767715	-1.02487153411	"Union Minière heeft dan toch een <font color=""red"">koper</font> gevonden voor de vestiging in Overpelt , Overpelt-Plascobel ."	8.2	6.41	6.59	8.01	2.03	5.87
koper/noun/BL_19990526_01/23162	a	-4.25813661552	0.417382366531	4.57914498742	7.42118488341	4.38864517352	-4.93666096319	-0.658624408098	6.65265195253	4.74135092014	-1.27256510332	-3.7959553434	-1.95983195514	"Een <font color=""red"">koper</font> kwam er echter maar niet opdagen ."	7.27	5.74	5.66	7.34	3.73	5.87
koper/noun/BL_20000318_01/63643	a	3.49661656374	0.050136376568	-1.32617595535	-2.3382464111	-1.3350204242	3.37043075271	3.40133242042	-0.626219699764	-1.25121767961	1.48492565654	1.88915491018	2.35327957929	"In het Franse Macon hebben vrijdag de advocaten van 66 producenten en <font color=""red"">kopers</font> van kinderporno-materiaal de in vrijheidstelling van hun cliënten gepleit ."	8.07	6.1	6.46	7.71	6.35	5.79
koper/noun/BL_20040603_01/40373	b	3.22259173724	-0.173421662616	1.50699866499	-3.20345930454	4.12075385768	-1.37658388138	4.38664034212	0.131701712469	1.88590546086	-1.91578321149	-1.91160902027	-1.06204267643	"Koper Weet er iemand hoe ik <font color=""red"">koper</font> kan opblinken dat vernist is geweest ?"	8.07	6.23	6.46	7.84	3.43	4.69
koper/noun/BL_20040618_01/16652	a	-0.794466372392	-1.80664195726	0.706310628272	5.55633421569	3.85751732643	-1.74960493148	1.38291968132	3.2260401169	1.76430797473	-1.85949104916	-1.75499907269	-1.0905366897	"Uit de enquête blijkt ook dat er nog heel wat potentiële <font color=""red"">kopers</font> zijn , die het Bilzens handelscentrum niet of nauwelijks kennen ."	9.29	7.59	7.68	9.2	5.44	4.91
koper/noun/DM_19990429_01/90368	a	0.97425395689	1.17769859048	0.317412969552	-3.54163801831	4.24634059511	1.25921662151	1.41094341545	-0.295083076103	2.97227440197	0.973253587798	2.48390684836	-1.27126478368	"Belgisch invoerder D'Ieteren zegt wel dat hij de hem geleverde exemplaren vrij makkelijk verkocht krijgt , maar vooral in Duitsland blijven de <font color=""red"">kopers</font> weg ."	8.07	6.1	6.46	7.71	1.83	1.94
koper/noun/DM_19990708_01/5015	a	2.35976521694	-0.101298404609	8.27444944687	0.763715340139	-3.43664648342	-5.17141126964	0.920624146296	-1.08743384556	3.77768212345	2.85149155777	2.6192617651	-3.43791842734	""" Een bon per <font color=""red"">koper</font> "" , oordeelt Hilde Vanneste , woordvoerster bij Delhaize ."	6.94	5.28	5.33	6.88	1.05	1.36
koper/noun/DM_20000318_01/46138	a	2.39233489983	1.41059511225	-0.294689927488	-1.75132184428	-0.719608597152	2.00250304678	1.29536545212	-1.73071381981	-0.443708216379	1.44087140983	1.67543736533	0.844804461339	"Als de vissers en de <font color=""red"">kopers</font> het eens zijn geworden over de prijs van de vis die zich aan boord bevindt , zet het schip koers naar een haven die zich het dichtst bij de koper bevindt ."	8.07	6.1	6.46	7.71	1.83	1.94
koper/noun/DM_20000412_01/71302	a	-5.97358212649	2.06083118618	-4.06640656384	-0.531441154173	0.697327198861	4.85776086826	4.22006134542	2.69869363388	-1.76680455489	-0.0622378941882	-0.0251556598983	3.29979672932	"Van de 4.000 <font color=""red"">kopers</font> waarmee het Amsterdamse veilinghuis afgelopen jaar zaken deed , was de helft particulier ."	8.07	6.1	6.46	7.71	4.09	3.87
koper/noun/DM_20000509_01/37304	a	0.00119532078821	0.205454129569	-1.40274812731	-1.60263849829	-0.589273912078	2.75128789108	-3.61599476321	5.00862594287	-1.29544674489	1.13523942571	1.1450324896	2.53613674203	"Ook laattijdige levering ( 16 procent ) en het niet uitvoeren van het contract door de <font color=""red"">koper</font> gaven vorig jaar geregeld aanleiding tot betwisting ."	8.07	6.1	6.46	7.71	0.72	2.75
koper/noun/DM_20010201_01/25191		0.580446641488	1.09294968379	-1.40457089494	-0.302597832932	0.855822388607	2.23249840803	-0.265075546157	-0.391751053325	-0.638315293906	0.343073323894	0.723834128664	1.45832024383	"Samen met zijn vrouw maakte hij van meet af aan kans <font color=""red"">koper</font> te worden van een van de vierentwintig stukken grond die verkocht worden aan drieduizend frank per vierkante meter ."	8.07	6.1	6.46	7.71	1.09	1.04
koper/noun/DM_20010213_01/24593	a	0.208979962372	-0.456850631352	0.862373126725	1.75727701958	1.089976451	0.310239250604	0.975201674588	1.22728743528	0.580392763646	-0.260324771984	0.737787360242	0.538066160296	"Het parket van Brussel vermoedde een poging tot oplichting en zette een valstrik op waarbij politiemensen zich zouden voordoen als potentiële <font color=""red"">kopers</font> ."	9.29	7.59	7.68	9.2	5.44	4.91
koper/noun/DM_20010821_01/34030	a	-3.09231336668	-0.334674480811	3.21519261615	-3.45797276861	4.32212740191	4.28508138838	4.22988526814	-0.838850925559	-3.10879507671	-2.04902585302	5.07716896685	0.266722342363	"De <font color=""red"">kopers</font> die gisteren zo grif 30 euro neertelden zijn misschien gokkers met een goed geheugen ."	8.07	6.1	6.46	7.71	2.76	3.08
koper/noun/DM_20020221_01/21731	a	2.19736919947	0.288931176722	-1.74579567438	-2.45957786393	-0.372549204476	4.05943132322	1.96653038636	-0.646057015179	-1.77404392458	1.11179580493	2.19154492981	2.66310252059	"Negentig procent van de <font color=""red"">kopers</font> waren blanke tieners , aldus Pierce ."	8.07	6.18	6.46	7.79	2.33	2.33
koper/noun/DM_20020328_01/48957	a	-0.762122699508	0.27361806628	-4.19086085916	2.8520144897	5.10579289008	2.29089941181	-3.29648813472	-1.74310989117	-1.22418480405	-1.58813810411	-2.58494851759	2.27517996839	"Nu heeft Almanij bevestigd dat het de <font color=""red"">koper</font> is ."	8.07	6.1	6.46	7.71	0.42	1.8
koper/noun/DM_20021031_01/54329	a	-0.917244150404	1.13016855173	2.70817179231	0.0383821243402	-1.51887592616	-0.023076018631	-1.72555942388	1.29746965077	1.05216383889	1.05402307889	-0.795822164347	0.283951175354	"Op het ogenblik van overlijden wordt het goed niet als onroerend vermogen opgenomen in de nalatenschap , maar veeleer als een vordering op de <font color=""red"">koper</font> ."	8.07	6.1	6.46	7.71	0.77	1.5
koper/noun/DM_20030329_01/14377	a	2.7816242055	-0.48433860552	0.930199463571	-2.41252588613	-2.39748165568	0.137619011663	2.69549078105	-0.9049706427	0.121976374237	2.36281737385	1.93071953952	-0.353152094349	""" Over de koers en de <font color=""red"">koper</font> kan ik ook alleen maar gissingen maken "" , zegt analist Marc Leemans van KBC Securities ."	8.07	6.1	6.46	7.71	2.04	1.95
koper/noun/DM_20040122_01/19154	a	-0.0112022792332	1.08061839448	-2.10259063983	3.66908201775	4.11216717312	0.775256578608	-0.185119097036	0.580867353311	0.975782588791	-1.32699116185	-0.277484380622	-1.56978486507	"De industrie heeft maar weinig oog voor die vrouwelijke <font color=""red"">kopers</font> , hoewel die toch meer dan de helft uit het totale budget happen ."	8.07	6.1	6.46	7.71	1.02	0.76
koper/noun/DM_20050616_01/22311	a	0.107904683053	0.917631034219	0.358949869834	1.22962503954	0.614312035334	0.597063119419	-0.0788941536777	0.813886426718	0.545779288242	0.325613830449	0.0886784059015	0.773115332757	""" De houwitsers zullen ook na de upgrade nauwelijks nog <font color=""red"">kopers</font> vinden op de markt "" , stelde een nota van de Inspectie van Financiën ."	8.2	6.41	6.59	8.01	2.03	1.62
koper/noun/DS_19990423_01/30805	a	-0.441834058235	1.28766156916	-0.794915752864	1.25487437425	1.73189174366	0.802169489265	-0.658892455319	1.22611986756	0.103589458627	-0.171166459116	-0.388424817336	0.880868760229	"Muzikanten die de <font color=""red"">kopers</font> van die videogames willen aanspreken moeten wel mee zijn , en vooral in de druk gecensureerde hiphop-cd's hoor je de geweldwereld van Playstation doortrillen ."	8.07	6.1	6.46	7.71	1.29	0.89
koper/noun/DS_20000803_01/26693	a	-0.0329293952646	2.8523482967	6.56881965433	2.41855493798	-1.063638359	-4.98438266673	-0.391681753463	-0.98187409328	3.63414300069	2.1473802834	-0.00125670647056	-3.40199475157	""" Ik heb <font color=""red"">kopers</font> die er een half maandloon doorjagen op zoek naar zeldzame en dus waardevolle kaarten ."	6.94	5.28	5.33	6.88	2.19	1.8
koper/noun/DS_20001027_01/23536	a	1.62648722498	-1.63865830235	-1.7679016324	1.50750789576	2.23485042992	1.6239003559	-1.98187847615	-1.58640232046	-0.439123564888	-0.506466299268	-0.69382869819	1.70668255869	" <font color=""red"">Kopers</font> van deze snelle sportcoupé kunnen dus geen enkele aanspraak maken op een schadevergoeding of op verplichte terugname van de auto ."	8.07	6.1	6.46	7.71	3.36	3.31
koper/noun/DS_20001031_01/25860	a	-2.67177138905	-0.243923074224	-2.36110295646	0.270297185966	1.36449206471	2.91652295785	-1.33027421772	4.71502713185	-1.14151204621	-0.00872297856103	-0.156515383529	2.58047534325	"De <font color=""red"">koper</font> zou een van de zonen zijn van de Hongkongse zakenman Lee Ka Cheng ."	8.07	6.1	6.46	7.71	1.18	1.13
koper/noun/DS_20010215_01/4248	a	-1.54498805416	-0.0574951187969	-2.70999394953	1.16720738435	2.46608767685	2.69933066977	-0.967408768995	2.77172958749	-0.956577742435	-0.371309507475	-0.688561320749	2.07740884893	""" Wij hadden ondubbelzinnig willen zien dat privé kopiëren het recht was van één persoon : de <font color=""red"">koper</font> van de informatie . """	8.07	6.1	6.46	7.71	1.09	1.3
koper/noun/DS_20010220_01/22126	a	-0.224965674168	0.876715724911	-2.1604086712	0.388293666151	1.63009632599	2.53293482013	-0.881670670677	0.421395375147	-0.749789195944	-0.177692437192	-0.561676284851	2.09895267689	"De vordering op grond van tienjarige aansprakelijkheid gaat over op de <font color=""red"">koper</font> van het gebouw ."	8.07	6.1	6.46	7.71	1.03	1.3
koper/noun/DS_20010503_01/379	a	-1.18838050275	-1.65719848895	-0.127329990138	1.02044482376	1.02533060794	0.91123557474	-1.20956024056	1.69038815751	0.307887458261	0.294671279176	0.106880010011	0.748066057877	"Een profielschets van de beoogde Evita-lezeres maakt snel duidelijk dat zo'n <font color=""red"">koper</font> ook door andere uitgevers wordt geviseerd : een werkende dertiger met interesse voor wat er in de wereld gebeurt én die bewust leeft ."	8.07	6.1	6.46	7.71	2.2	1.64
koper/noun/DS_20010709_01/20626	b	7.82116656818	0.729108849189	-4.29908669275	-0.831412949016	-1.7778148792	4.8634442131	5.54283977746	-5.44396604929	-2.30527595467	2.22773516244	-0.276133003647	4.62579653604	"De strijkers missen de ultieme zoetzijïgheid die hier zo belangrijk is , de houtblazers zijn uniform excellent , de <font color=""red"">kopers</font> produceren hemels lawaai maar missen al eens precisie ."	8.07	6.1	6.46	7.71	5.19	4.92
koper/noun/DS_20010807_01/41883	a	0.468224146185	0.608106164137	0.139126070582	3.19009414697	2.65009343779	-0.396086871729	0.661152039859	-0.0105578353647	1.27331716484	-0.455846144089	-0.797928683834	-0.117818895985	"De bomen moet hij kopen voor ze geveld zijn : spijtig voor de <font color=""red"">koper</font> als die na het vellen moet vaststellen dat vele stammen rot zijn ."	8.07	6.1	6.46	7.71	1.66	1.82
koper/noun/DS_20011103_01/7967	a	-2.01183918192	-3.38406351272	-0.829926503478	-0.826850227486	0.0208308379829	2.12554352294	3.55996705067	5.73283360571	-0.607445441981	0.667813624558	0.715190546048	1.74409980183	"De centrale pion aan RUF-kant is Ibrahim Bah , die de tussenpersoon zou zijn tussen de RUF-bevelhebbers en de <font color=""red"">kopers</font> van Al-Qaeda en Hezbollah ."	8.07	6.1	6.46	7.71	3.11	3.24
koper/noun/DS_20020404_01/45547	a	1.82787742928	-2.9956283102	-1.49751524694	-4.15990915437	3.18631899665	3.09092836892	3.94681246367	2.94518067049	-1.76727639036	-1.74538595289	-0.778746292393	3.00785904002	"De ronselaars raden zo'n advertentie niet alleen aan als steun voor de leden van de vzw , maar ook omdat de <font color=""red"">koper</font> er profijt van zal hebben ."	9.81	8.3	8.2	9.91	6.14	5.76
koper/noun/DS_20020613_01/30968	a	0.196884770844	1.02879052153	1.07472469787	-1.36353767868	-1.21899021394	0.399748336426	-0.585966468687	0.347287368439	0.182524168613	1.90275189972	1.56534684035	0.566763368869	"Alleen de opsmuk zou de <font color=""red"">koper</font> nog zelf mogen kiezen ."	8.07	6.1	6.46	7.71	0.9	0.78
koper/noun/DS_20041104_01/55886	a	-1.68485786084	-2.00595043941	-1.33210313636	-1.96785697495	-0.493926166117	3.06744626044	0.943845093491	3.62195237513	-1.10394381495	1.00934192483	1.20224075377	2.23020930342	"De <font color=""red"">koper</font> is particulier en anoniem ."	8.07	6.1	6.46	7.71	3.27	2.86
koper/noun/DS_20041108_01/7591	b	2.66762069839	8.36594648402	-2.0834605223	-5.4989207202	-5.00936206048	3.68649144083	9.49283214931	-3.16640640619	-2.61404997051	3.5531039591	4.17602425528	4.3074979417	"Het <font color=""red"">koper</font> blonk en schetterde vorige zaterdag in de Gentse Vooruit ."	6.6	4.55	4.99	6.15	6.19	5.63
koper/noun/DS_20041126_01/22875	a	0.577705285096	0.158353872596	1.74164220515	0.259624694709	0.00909187071535	-0.0560281334478	1.10536127057	0.376357484303	0.956282390796	1.14917155298	0.933258393523	-0.010243571925	"De <font color=""red"">kopers</font> zijn bierdistributeurs en zijn niet onmiddellijk van plan een andere bestemming te geven aan het café ."	8.07	6.1	6.46	7.71	1.64	1.55
koper/noun/DS_20050115_01/97088	a	-0.182876530028	0.604269465472	0.0174304837838	0.847873663218	0.725621052728	0.862231175518	-1.83018840631	0.224183945624	0.255970736393	0.445765727842	0.0336599700808	0.812604894952	"Comfort hoeft de <font color=""red"">koper</font> niet te ontberen , want de Patrol is een luxeschuit binnenin ."	8.07	6.1	6.46	7.71	0.5	1.15
koper/noun/DS_20050903_01/65235	a	0.782768860792	-0.475784839604	0.217517144814	0.87289285968	0.93965714949	0.75139264634	1.53341917955	0.536112689959	0.337951467403	0.306709008151	0.375947961096	0.687426316731	"Die zijn ten laste van de <font color=""red"">koper</font> ."	8.07	6.1	6.46	7.71	1.95	2.03
koper/noun/DS_20050913_01/38383	a	-2.01352530702	0.904573116456	-0.241962494599	0.432842334301	0.128850747752	1.52304933917	-1.69602085661	3.33670138068	-0.0747375861617	0.56005179147	0.0509867606392	1.55903026072	"De <font color=""red"">koper</font> is een Congolese zakenman ."	8.07	6.1	6.46	7.71	1.18	1.13
koper/noun/DT_19990910_01/22944	a	0.320324066269	0.36396662087	1.34759571681	1.85843314136	1.33861131439	-0.661259755269	0.391036742886	0.817977420987	1.25015651231	0.00188293834325	-0.0256116010235	-0.346684292433	"De <font color=""red"">koper</font> moet dan ook duidelijke motieven hebben om een vennootschap te recycleren ."	8.07	6.1	6.46	7.71	1.34	1.88
koper/noun/DT_20010105_01/97791	a	-1.21902389571	-1.74890584493	1.87667560335	5.4228894396	3.44416841664	-1.9123043162	0.912784601824	3.17614319725	1.58017955656	-1.93550044521	-1.39912535324	-1.38830480516	"Tegen ongewenste lekken kunt u zich beschermen door potentiële <font color=""red"">kopers</font> bij de eerste kennismaking een geheimhoudingsovereenkomst te laten ondertekenen ."	9.29	7.59	7.68	9.2	5.44	4.91
koper/noun/DT_20010118_01/76819	a	0.811462374543	0.476076989653	0.93723760703	2.16023576169	1.57437167743	-0.128979140879	1.21448604576	-0.772987414908	1.43827860654	0.234317552634	0.277731957393	-0.494460110813	"Bij RAD , importeur van het Italiaanse Aprilia , wijst Peter dHaese ook op het feit dat bij relatief weinig prijsverschil de <font color=""red"">koper</font> gemakkelijker naar een Europees merk gaat ."	8.07	6.1	6.46	7.71	1.83	2.84
koper/noun/DT_20010119_01/93652	a	1.56880658951	-0.68937938918	4.05997201896	-3.96109029528	-3.84793766469	-0.676912927759	1.81710661232	1.65871087266	3.38838359722	-0.0861623860286	3.01742464674	-0.875681578402	"Er is dan geen discussie meer over de geldigheid van een fax of e-mailbericht tussen bijvoorbeeld huurder en verhuurder , of tussen <font color=""red"">koper</font> en verkoper ."	9.81	8.3	8.2	9.91	6.14	5.76
koper/noun/DT_20010320_01/22425	a	1.72787694869	-2.04784638813	8.86047528191	-1.76579723857	-4.93692366815	6.43088520584	2.00162979059	0.279439160521	3.60944218111	4.36439901931	4.91888301342	-2.60936133935	"Allicht een grote <font color=""red"">koper</font> , becommentarieert een handelaar ."	6.94	5.28	5.33	6.88	1.75	1.62
koper/noun/DT_20010327_01/109556	a	1.31700136111	-3.16847220639	-0.674081424387	0.859863649015	1.19623588135	1.75155126488	4.03511842676	3.58181655923	-0.594316101263	0.200906685577	-0.0556095450828	2.20758088677	"Fannie Mae , de grootste Amerikaanse <font color=""red"">koper</font> van hypotheken , deelde mee dat hij zal proberen een deel van zijn oude obligaties voor de vervaldag in te kopen ."	8.07	6.1	6.46	7.71	5.17	4.61
koper/noun/DT_20010405_01/32447	a	-0.461979790341	0.870524592184	-0.207197939371	0.749037223794	0.645100987452	1.17877494156	-0.334067050016	1.46412499049	0.0341455367241	0.451030354652	-0.076438856615	1.20039968667	"De naam van de <font color=""red"">koper</font> is wel verrassend ."	8.07	6.1	6.46	7.71	0.8	0.64
koper/noun/DT_20010414_01/150125	a	1.28694272666	0.721250700944	-0.715257389737	2.45673346606	2.42409252276	-0.0777663825945	1.27970448804	0.608792798493	0.700755591739	-0.901280910173	-1.01313545191	0.491460244759	"De naambekendheid van de debiteur deed het nodige om de emissie vlot <font color=""red"">kopers</font> te laten vinden ."	8.2	6.41	6.59	8.01	3.43	3.79
koper/noun/DT_20010424_01/106588	a	-0.297474454173	0.277921874312	-2.01989576607	1.18659929638	2.16636917212	1.60386357877	-0.254021374396	1.31010842605	-0.541495193395	-0.257042441276	-0.535756316388	1.7468016145	"Bay Industries , de <font color=""red"">koper</font> , besliste echter om de uitvoeringsbepalingen van het contract niet na te leven en af te zien van de deal ."	8.07	6.1	6.46	7.71	0.5	0.45
koper/noun/DT_20010516_01/40406	a	1.70068553924	-0.2459267112	-2.30765102336	-2.86919037861	-0.31160781096	4.20921116023	1.83009146895	-0.153160128905	-1.96763581778	0.977248803673	2.06469315677	2.83316292389	"De <font color=""red"">koper</font> van Plastronic wou ook het belang in Radiform , maar haakte af ."	8.07	6.18	6.46	7.79	2.33	2.33
koper/noun/DT_20010706_01/120025	a	-1.31149276951	0.189402583216	2.14733956316	1.59172686305	0.351001358981	-0.73323905473	0.105034564519	4.23227741059	1.54350739343	0.965362055829	-0.214821767719	-0.163806723927	"In haar Britse editie schrijft de Financial Times dat Hanson de zakenbank Schroder Salomon Smith Barney heeft gevraagd een <font color=""red"">koper</font> te zoeken voor haar Europese baksteenactiviteiten ."	8.07	6.1	6.46	7.71	2.43	2.68
koper/noun/DT_20010811_01/65891	a	-1.11427628631	-0.344047132994	-3.17212157885	2.01645722026	3.43439247232	2.541515385	-0.480136789342	2.14950288349	-0.889269515882	-1.10578521947	-1.48039672786	2.30133820034	"Onderhandelingen met één mogelijke <font color=""red"">koper</font> zijn al ver gevorderd , vernam de redactie ."	8.07	6.1	6.46	7.71	1.7	1.32
koper/noun/DT_20011221_01/64130	b	4.89287693412	0.741395438448	3.56410438202	-4.52860915681	-4.72870272522	0.360207339299	2.32174053284	-2.77673697679	0.913542508846	3.85419684024	3.60953797325	-1.47348146942	"De stukken van 0,5 , 5 en 20 frank bevatten hoofdzakelijk <font color=""red"">koper</font> , dat minder waard is dan nikkel ."	6.83	5.37	5.23	6.98	6.45	6.1
koper/noun/DT_20011222_01/2191	a	1.1415390472	-0.00907159962999	1.13105507581	-0.46407137733	0.0298669686226	0.475647225205	1.25979569521	0.0663251102484	0.562533968893	1.29447316233	1.55979792206	-0.00430129775501	"Is het verschil tussen die prijs en de werkelijk betaalde prijs meer dan 20 procent dan kan de <font color=""red"">koper</font> rekenen op een bezoek van de fiscale recherche ."	8.07	6.1	6.46	7.71	1.83	1.94
koper/noun/DT_20020426_01/74231	a	2.19847418272	-1.84396616587	-1.29229217302	2.18551999927	2.375870759	1.2849213918	3.30229164084	1.81064349268	0.010792245231	-0.478917934421	-0.658830561332	1.35283556572	"Voor de financiële arm van Tyco , CIT , vond Kozlowski geen <font color=""red"">koper</font> ."	8.2	6.41	6.59	8.01	3.87	3.72
koper/noun/DT_20020622_01/12943	a	0.0683210574008	1.95216891967	0.775737908217	-1.38863978581	-1.75265501599	1.40704432633	-1.42459827851	-0.530701026081	-0.130714193803	1.92152432591	1.84712036872	1.40600088535	"De <font color=""red"">kopers</font> van een woning in Tussenhof krijgen het eerste jaar na oplevering van een woning een abonnement op de modules Comfort & Genieten , Zorg & Zekerheid en Informatie & Voordeel gratis aangeboden ."	8.07	6.1	6.46	7.71	1.03	0.89
koper/noun/DT_20020827_01/43191	a	-0.00125311319774	-1.88775738305	-2.00683166723	5.06995012073	4.8205974989	0.82724393185	1.76061789301	1.70327635108	0.209337792667	-2.23766039684	2.06886884727	-0.0498387944525	"Dat de slechter dan verwachte halfjaarcijfers potentiële <font color=""red"">kopers</font> wel eens zouden kunnen afschrikken of de prijs van Brantano zouden kunnen drukken , werd als onzin van tafel geveegd ."	9.29	7.59	7.68	9.2	5.44	4.91
koper/noun/DT_20020924_01/37902	a	1.93047473147	-1.68525119952	3.79668435673	-4.57742845876	-2.68239298489	-2.68733257633	2.67140379159	1.42854332744	1.72067807916	3.3435469226	3.01323911163	-0.522932613063	"' Wij zijn <font color=""red"">kopers</font> en verkopers van opties , aandelen en andere instrumenten ."	9.81	8.3	8.2	9.91	6.14	5.76
koper/noun/DT_20020928_01/78616	a	0.627036400105	0.426941706309	3.1645822842	1.06001808066	-0.323764318722	-1.37127097982	0.618550732197	0.492737474413	1.84292267261	0.876629181839	0.980127287923	-0.936207788906	"We vermoeden dat de meer dan 10.000 aandelen die woensdag aangeboden werden , gretige <font color=""red"">kopers</font> gevonden hebben want de dag daarop noteerden we een stuk boven 40 euro ."	8.2	6.41	6.59	8.01	2.27	1.75
koper/noun/DT_20021005_01/129120	a	-1.27627464812	0.454679594775	2.84966583623	2.29172663404	0.38676464271	-1.89750797238	0.0847460195831	2.39246222853	1.89403202931	0.465985446391	-0.818019329238	-0.213485039634	"Recentelijk vond het failliete bedrijf een anonieme <font color=""red"">koper</font> voor zijn boedel , maar de curatoren onderhandelen nog met andere partijen over een hoger bedrag ."	8.2	6.41	6.59	8.01	3.27	2.86
koper/noun/DT_20030121_01/11028	a	-0.995765652215	-0.0706005812008	1.98762911735	0.605193570958	-0.656812923899	1.60843807864	-0.151056944754	1.92637743953	0.633853444245	1.49330433264	-1.04675072706	1.44323143232	"LONDEN ( bloomberg/reuters ) - Een vijfde <font color=""red"">koper</font> heeft zich gemeld voor de Britse supermarktketen Safeway ."	8.07	6.1	6.46	7.71	1.43	1.33
koper/noun/DT_20030910_01/84532	a	-1.52839229689	0.170540694497	-5.40144628884	2.13085649679	4.825281081	3.75508959057	-1.59092487762	3.50223352212	-2.85652756042	-1.21057049012	-2.57653534876	3.76665788016	"Gisteren zei Déficom-topman Daniel Weekers aan L'Echo dat de <font color=""red"">kopers</font> tot maart 2005 het recht behouden op de naam Canal+ ."	8.07	6.1	6.46	7.71	1.09	1.3
koper/noun/DT_20031003_01/47009	a	1.00524318927	0.93119654173	3.69189574671	0.802458647635	-1.92472762546	-0.905581365191	0.584765462342	-0.0832443141493	1.82391881817	1.59357861619	1.41681367975	-0.807021990521	"Concessionarissen kunnen op die manier in korte tijd evolueren naar een supermarktformule waar <font color=""red"">kopers</font> een hele reeks merken tegen de laagste prijs vinden ."	8.2	6.41	6.59	8.01	2.03	1.94
koper/noun/DT_20040121_01/22429	a	0.6376523791	-3.87983524464	-1.5404203068	0.888393505055	1.9601111662	1.71232653198	-3.22124693052	3.1637387966	-0.248238978055	-0.236484412761	0.114478316632	1.34562265031	"Zo'n dertig procent van de <font color=""red"">kopers</font> van mannenbladen zijn vrouwen ."	8.07	6.1	6.46	7.71	3.29	3.14
koper/noun/DT_20040313_01/45130	a	-1.05246511569	1.18039381916	-2.6419333072	0.182706312551	1.57377879286	3.15546947978	-0.95403878495	0.676150427763	-1.09879891846	-0.00871942432082	-0.292143291507	2.43722928286	"De <font color=""red"">koper</font> , Lamco Transport , is van plan er op termijn een opslagruimte te realiseren van 3.000 tot 4.000 m2 voor logistieke activiteiten ."	8.07	6.1	6.46	7.71	0.67	0.52
koper/noun/DT_20041026_01/43315	a	0.947962242775	1.15216695994	5.38874699718	1.96108912147	-0.00661161961633	-3.70113869756	0.358102627055	-0.284231252832	3.30546757244	1.19373238367	0.33872402016	-2.37131596767	"Als de vastgoedmakelaar er bijvoorbeeld niet in slaagt je huis te verkopen en je zelf een <font color=""red"">koper</font> vindt of het door een derde laat verkopen , moet je de makelaar toch het volledig commissieloon betalen , staat meestal onder de algemene voorwaarden ( de ' kleine lettertjes ' ) ."	8.2	6.41	6.59	8.01	2.33	2.33
koper/noun/DT_20041204_01/34217	b	6.6996501056	2.71519058721	1.08280599443	-9.18237654005	-7.71040514443	2.540975652	2.45007736129	-5.29844420091	-0.767814998702	5.78734139824	6.17838414508	-0.104293244203	"Ten eerste is er het materiaal : geel goud , wit goud ( een mengeling van goud met zilver of zink ) en roze goud ( goud plus <font color=""red"">koper</font> ) heeft natuurlijk zijn waarde ."	8.58	6.92	6.97	8.53	6.84	6.32
koper/noun/DT_20041204_01/75544	a	-2.49528395485	1.69897289173	0.849508845997	-0.71552233246	-0.800353174663	1.09607116838	-0.836158589722	4.26320349977	0.0866009826063	1.3947762907	1.13116617476	1.17876667047	"Vanaf de 17de eeuw werkte de schilder niet langer voor een mecenas , maar voor een groot en anoniem publiek van gefascineerde <font color=""red"">kopers</font> ."	8.07	6.1	6.46	7.71	3.27	2.86
koper/noun/DT_20041221_01/57279	a	0.950997169415	-1.00976073418	-1.8969885763	0.558233845117	1.67589135385	2.10611888088	1.83224815397	0.704881444884	-1.27253507413	-0.128896375909	0.222160493985	2.28491885204	"De opbrengst van de verkoop was fiscaal vrijgesteld op voorwaarde van herinvestering door de <font color=""red"">koper</font> ."	8.07	6.1	6.46	7.71	1.91	2.03
koper/noun/DT_20050716_01/31539	a	0.763584055141	0.374982558934	0.5997430441	0.78626160253	0.836954124585	0.275850300505	0.414173449889	0.170243208719	0.770517730842	0.356055199023	0.461951074634	0.223799423714	"Geld dat een <font color=""red"">koper</font> minder kan spenderen aan de aankoop van het verouderde pand ."	8.07	6.1	6.46	7.71	1.71	1.88
koper/noun/DT_20050722_01/25211	a	3.07402314437	-2.30443792782	-5.43445946486	-2.46472932014	1.43370808298	7.63400082234	3.82931304125	-1.28436997069	-4.00940882065	0.487518584731	5.14534755675	4.31205464216	"De VUM mikte op 7.000 à 8.000 <font color=""red"">kopers</font> per dag , maar Espresso haalde gemiddeld slechts de helft daarvan ."	8.07	6.1	6.46	7.71	1.23	1.38
koper/noun/DT_20051020_01/48052	a	3.21505350222	-3.28667799269	3.75398116166	0.350041104683	-0.48752586132	-2.21157498127	5.22070904852	-0.0964285252309	1.86287654113	1.82821723843	1.55765155786	-1.25374423688	"Een <font color=""red"">koper</font> betaalt daardoor 7.500 euro minder registratierechten dan moest hij de volle pot betalen ."	8.07	6.1	6.46	7.71	4.13	4.13
koper/noun/DT_20051026_01/57148	b	3.38802762021	0.552768911874	2.46040355542	-6.20776025128	-5.52470710627	1.50834091487	2.18549125692	-0.79794676719	-2.58482664302	-2.17979288652	4.95634819983	0.833057678301	"Cumerio is een geïntegreerde koperproducent gespecialiseerd in het smelten , raffineren en recycleren van <font color=""red"">koper</font> en het verwerken van koper tot halffabrikaten ."	6.79	6.23	5.18	7.84	5.63	5.07
koper/noun/DT_20051224_01/49128	a	-2.15455111187	0.726694125584	2.93062857068	2.12062663997	-0.848857102887	-0.81507322917	-1.21914592399	0.345065778903	1.42195699112	0.881454919878	-0.321139572948	-0.0686997593049	"Unilever is ook op zoek naar een <font color=""red"">koper</font> voor zijn Europese diepvriesactiviteiten ."	8.07	6.1	6.46	7.71	2.19	2.27
koper/noun/LN_19990218_01/26425	a	1.12106464719	4.38871111329	-1.28265811267	0.963269383832	1.51915498162	1.60377254998	6.065657537	0.883954834415	-0.234175054595	0.389962040526	-0.285237447911	1.44375813299	"Er is al veel belangstelling van <font color=""red"">kopers</font> voor de parkeerboxen onder de Visserskaai ."	8.07	6.1	6.46	7.71	7.33	6.77
koper/noun/LN_19990821_01/192308	a	3.47633993716	-3.45441123518	-5.47932742246	5.69124229425	7.64890296107	3.07080381936	5.78276332459	-0.561588245882	1.21595874602	-4.70055158201	4.09374923582	-3.94063823373	"De <font color=""red"">kopers</font> zullen 3,7 miljoen frank ( zonder BTW ) moeten neertellen om een woning te verwerven ."	8.07	6.1	6.46	7.71	2.76	3.08
koper/noun/LN_20000311_01/290722	b	2.47186085599	2.45058434903	5.81540559827	-4.34516904806	-5.52730220902	-0.560582475224	0.267214789602	-2.08284787931	1.6085451039	4.36060521018	3.37319770921	-2.37869050783	"Vandaar hun dringende oproep voor jonge blazers ( <font color=""red"">koper</font> en hout ) ."	6.84	5.15	5.23	6.75	2.81	2.58
koper/noun/LN_20000510_01/191521	a	-0.481468622613	0.00568223735387	0.0115858659337	0.790265605575	0.81319131293	0.921703735031	-0.42301106515	2.91945456185	0.138101378363	0.368948321885	-0.142189252874	1.18610306228	"Volgens het immobiliënkantoor is momenteel een mondelinge overeenkomst gesloten met één <font color=""red"">koper</font> ."	8.07	6.1	6.46	7.71	1.25	1.6
koper/noun/LN_20010228_01/156594	a	0.0413180902974	0.59070874118	2.60028183607	1.29541982375	-0.621734766884	-0.277386310348	-2.02189696771	5.40633782196	1.20103790368	1.35123484415	-0.240733673871	0.164854895192	"Zo is het voor <font color=""red"">kopers</font> van"	6.94	5.28	5.33	6.88	0.58	2.2
koper/noun/LN_20010615_01/169632	a	3.61999099386	-0.589879654157	9.71776367669	-0.932007316159	-5.19475409821	-5.18617771627	2.93522131078	-2.53913751831	4.21502928272	3.64456031253	2.29427217903	-4.12237200221	""" Ik verkoop al jaren aardbeien aan een <font color=""red"">koper</font> uit Genk "" , vertelt Bessemans ."	7.24	6.18	5.63	7.79	2.33	2.33
koper/noun/LN_20011003_01/59923	a	-0.711938114995	1.75251834799	1.77537496618	3.17425803835	1.84485224064	-1.37324707567	-1.13767303093	0.875960237727	1.80771803576	-0.216411301461	-0.812522828792	-0.46348897845	"Als dat zo nog een tijd verder gaat , zal er nog moeilijk een <font color=""red"">koper</font> kunnen gevonden worden "" ."	8.2	6.41	6.59	8.01	2.03	1.62
koper/noun/LN_20020122_01/62400	a	0.966692992752	0.281367704571	3.29685545842	-1.92865379968	-1.90165568283	-1.19674699217	1.02362520184	0.0892128279703	1.40924248077	2.40727517762	2.12694950328	-0.887516143205	"Zo kunnen de <font color=""red"">kopers</font> de euro gewoon raken ."	8.07	6.1	6.46	7.71	1.83	1.94
koper/noun/LN_20020214_01/126202	a	-1.36014653325	-2.32068179518	3.21222345321	8.39441645317	4.88898219839	-4.3137539872	1.42262785291	3.76395312523	3.47683046833	-3.00428312264	-2.72350887214	-2.62472991578	"Zodra potentiële <font color=""red"">kopers</font> horen dat er een gruweldaad werd gepleegd , haken ze af ."	9.29	7.59	7.68	9.2	5.44	4.91
koper/noun/LN_20020220_01/103027	a	-0.276198250762	0.42335594124	-4.11561831693	2.32478307394	4.13154255634	2.83794816008	-0.519984937748	2.55745622624	-1.25964637473	-1.16996241956	-2.05720269824	2.50128447181	"Bovendien heeft de betichte niet aan de <font color=""red"">kopers</font> meegedeeld dat onderaan op het document stond dat het afgeleverde attest geen waarborg inhoudt op stedenbouwkundig vlak . """	8.07	6.1	6.46	7.71	0.61	0.97
koper/noun/LN_20020905_01/115685	a	-2.21763396951	0.776059449154	2.91082003243	1.25481137818	0.167567359191	-1.44946762427	0.792700052021	3.4449437123	1.74520763795	0.67810284898	0.0390675822406	-0.663537607084	"Er is nog een tweede geïnteresseerde <font color=""red"">koper</font> , maar die heeft niet veel belangstelling voor de Handelsbeurs ."	8.07	6.1	6.46	7.71	4.05	3.53
koper/noun/LN_20021015_01/210551	a	1.97354037694	2.45209710234	1.68155019826	-3.65281682451	-3.90890501243	0.528116693629	-0.0790850577493	-1.73108079049	0.24045542773	3.46517244352	3.53680312015	-0.988251646786	"De <font color=""red"">kopers</font> moeten enkel hun schilderijen ophangen , meubelen plaatsen en ze zijn thuis "" ."	8.07	6.1	6.46	7.71	1.48	1.77
koper/noun/LN_20021018_01/204732	a	-0.635547718171	0.446828666121	-1.30072343708	-0.387639554615	0.624315451862	2.09795308285	-0.000135881382332	1.48698765847	-0.877187622612	0.441037243338	0.458155478655	1.93342451878	"Waar de markten de voorbije weken bij gebrek aan <font color=""red"">kopers</font> dag na dag van hun pluimen lieten om uiteindelijk als een kaal kieken zonder kop rond te dwalen , krijgen we sinds begin deze week een zelden geziene koperspaniek ."	8.07	6.1	6.46	7.71	2.28	1.72
koper/noun/LN_20021024_01/82682	a	0.652964675898	-0.0591185423508	-1.25431273781	2.02381446279	2.48317193821	1.03157849715	1.67018171028	0.495938955923	0.164060314277	-0.705550396704	-0.707679505897	1.03956354561	"Als verkoopsvoorwaarden gelden dat de <font color=""red"">koper</font> op datum van de verkoop geen eigenaar mag zijn van een onroerend goed en dat de koper de woning moet bewonen binnen vijf jaar na aankoop ."	8.07	6.1	6.46	7.71	1.59	5.13
koper/noun/LN_20030512_01/82670	a	0.558525711497	2.68955529349	0.463597461981	3.49342273273	2.592611446	-1.37843408731	-0.927883238609	-1.88569306271	1.77784759121	-0.625806844444	-1.55562094214	-0.547534986258	"Voor zulke ' gewone ' <font color=""red"">kopers</font> zijn er heel wat interessante loten bij ."	8.07	6.1	6.46	7.71	3.14	3.67
koper/noun/LN_20030618_01/18707	a	-0.426269772024	-3.14786209137	-0.0795263959866	0.786738171079	0.869886298145	1.01809661778	2.99936781816	2.54976027072	0.195559378546	0.235909059032	0.167693853301	1.01954625766	"* Beurshuis Delta Lloyd Securities blijft een <font color=""red"">koper</font> van Colruyt ."	8.07	6.1	6.46	7.71	2.2	2.0
koper/noun/LN_20031213_01/201186	b	20.6465599484	6.1652049134	8.16889625763	-14.1151230589	-12.8153968269	-3.65123981141	3.5299161199	-12.7067357474	-0.268972559503	11.051598701	10.6119388361	-4.917527188	"Je kan er eindejaarsgeschenken aan een zacht prijsje op de kop tikken zoals onder meer vazen , kandelaars , glazen , borden , tassen , koffiekannen , <font color=""red"">koper</font> , tin , kristal en horloges tot zelfs salons , eetplaatsen en kinderkamers ."	7.05	5.51	5.45	7.12	6.77	6.35
koper/noun/LN_20040205_01/166352	a	2.56659356418	0.882061182979	2.06560658329	-1.34268690603	-0.667127344553	-1.08512679811	1.76998254928	-0.982490311243	1.17698194745	1.54522801984	1.24874054767	-0.617305703074	"Er was minder aanvoer , er waren minder <font color=""red"">kopers</font> en de mensen die verkochten , moesten soms tot zestien weken wachten op hun geld "" , reageert Stijn Uyttendaele van de vakbond ACV verontwaardigd ."	8.07	6.18	6.46	7.79	2.33	2.33
koper/noun/LN_20050108_01/25287	a	1.40778211082	0.450849998079	3.36295613695	-0.462376172994	-1.36436247298	-1.47361763528	1.09337077317	0.0433525942574	1.45019182263	1.69151181082	1.14486994676	-0.744559810108	"De handelaar ontmoet de <font color=""red"">koper</font> in november in een hotel in Elsene ."	8.07	6.1	6.46	7.71	1.75	1.82
koper/noun/LN_20050311_01/42306	a	0.20202267672	0.557804468426	0.417015752604	0.0797881156615	0.0255952932768	0.859318949705	-6.8924110688	4.60181534311	0.234814931214	0.859700129096	0.560224511279	0.873224061977	"De <font color=""red"">kopers</font> willen er een Bed & Breakfast van maken ."	8.07	6.1	6.46	7.71	0.58	3.74
koper/noun/LN_20050917_01/242796	a	-0.50390600926	1.30678764273	1.33721576814	0.244922759941	-0.182656752748	0.0106877493233	-0.594099427497	1.07394719801	0.649360902574	1.04869952948	0.425617827593	0.133758565318	"Op donderdag 22 september hebben de <font color=""red"">kopers</font> de laatste kans om een boek op de kop te tikken ."	8.07	6.1	6.46	7.71	1.44	1.04
koper/noun/NB_19990126_01/229256	a	-2.50320014736	2.94111478816	1.53130406476	1.60434989367	1.00625104313	-0.612736682201	0.338890522227	4.57249365115	1.13469865709	0.424835021461	-0.106302522848	-0.0478818921939	"In de nieuwe Vlaamse wooncode is voorzien dat een sociale bouwmaatschappij de banden met zijn <font color=""red"">kopers</font> en huurders vooral op communicatief vlak moet aanhalen ."	8.07	6.1	6.46	7.71	3.62	3.06
koper/noun/NB_19990714_01/82728	a	-0.997519124782	-0.486504722636	0.392224738553	0.625311811781	0.786469001563	0.592513023699	-1.58347104753	-0.389046624805	0.36161978004	0.536107479326	0.282055391781	0.793827241887	"Voor de <font color=""red"">koper</font> zou een vergunning , die zijn foto moet dragen , verplichtend worden die hij enkel kan bekomen als zijn achtergrond is nagegaan , als blijkt dat hij geen strafregister heeft , dat hij niet geestesziek is en dat hij de veiligheidsvoorzorgen voor wapens kent ."	8.07	6.1	6.46	7.71	2.13	1.98
koper/noun/NB_19991001_01/252691	a	2.125609514	-0.474606277107	0.940244296156	-3.6921419373	-3.80450168802	1.47075624116	2.20686721914	0.0239639156581	-0.534924212403	2.87338945861	3.82216333324	0.600813460832	"De online <font color=""red"">koper</font> bestelt gemiddeld 8 tot 9 keer op het Net ."	8.07	6.1	6.46	7.71	2.35	1.79
koper/noun/NB_19991030_01/61814	a	1.26678689767	0.366867501723	5.00291719251	4.27481071653	2.17791727101	-3.77289524418	1.65754251745	0.22752040015	3.60877431192	-0.130521235958	-0.866697955766	-2.37770398175	"Daarom moet er een clausule opgelegd worden dat <font color=""red"">kopers</font> dertig jaar eigenaar moeten blijven ."	7.24	6.18	5.63	7.79	2.33	2.38
koper/noun/NB_20000126_01/48478	b	4.00644903642	15.0544114578	-2.78782714159	-5.7465934013	-5.13997883045	5.03062066533	-9.40936123957	-10.1790061421	-2.90396313286	3.07179710457	3.04054012025	5.59705137555	"We houden het bij houtblazers , zoals fluit en klarinet , <font color=""red"">kopers</font> , met de hoorn , trompet en trombone ."	8.07	6.1	6.46	7.71	5.19	4.92
koper/noun/NB_20000529_01/72270	a	-0.339021402805	2.04596339187	2.53603328215	0.604762583146	-1.22770811473	-0.294819193748	-1.92159318863	0.700270951712	1.25291845216	1.68231093581	0.584249196756	-0.672663746871	"De Franse overheid vond een <font color=""red"">koper</font> voor de afgedankte tuigen in Afrika ."	8.2	6.41	6.59	8.01	2.03	1.62
koper/noun/NB_20000602_01/94148	a	-0.126626644627	5.01078361211	0.158867849899	-0.142866045822	-0.985923488128	1.49582396762	-4.41177137262	-1.96434082238	-0.0434152541731	1.55487724832	0.0998753663044	2.16671311909	"De korzelige huisarts is een van de <font color=""red"">kopers</font> van een luxueus appartement in de Herboschbuilding aan de Van Meterenkaai ."	8.07	6.1	6.46	7.71	2.39	2.05
koper/noun/NB_20000922_01/76960	a	0.311793980248	0.541034821215	-0.708878077234	-1.02669698656	0.00951055377717	1.91223895805	0.03631086709	0.668737600179	-0.519076609687	0.935203466573	0.873860390032	1.48566042128	"Vogelkwekers van uit het hele land komen naar Dentergem voor deze ruilbeurs , maar ook geïntereseerde <font color=""red"">kopers</font> uit Duitsland , Frankrijk en zelfs Zwitserland zullen van de partij zijn ."	8.07	6.1	6.46	7.71	0.58	0.44
koper/noun/NB_20010108_01/176498	a	-0.659752228179	2.20748553041	2.52927131803	3.49032874006	1.40175770204	-2.52011867326	-0.929603961146	1.89760709868	2.42580117361	0.0701654670936	-0.762927529871	-1.18826594091	"bovenliggende flats gemakkelijker een huurder of <font color=""red"">koper</font> vinden "" , weet de"	8.2	6.41	6.59	8.01	3.62	3.06
koper/noun/NB_20010216_01/102792	a	-1.68184266617	4.58831944962	-3.61657654144	4.81866892396	6.19266513518	-0.233739882964	-4.130589937	0.151073064727	0.493131954226	-2.73210476519	-3.71455545718	0.858670047013	"Het eerste nummer met een ' blote ' Katia Alens deed het niet onaardig met achttienduizend <font color=""red"">kopers</font> ."	8.07	6.1	6.46	7.71	1.75	1.19
koper/noun/NB_20010301_01/30772	a	-1.59987445826	0.982936033307	10.5261167137	7.29628785418	8.08969764466	-6.80532361509	0.720588674141	1.9161529626	6.7099637649	-2.55125606027	-5.24118078336	-4.14981923628	"Zelf ziet hij dat zijn <font color=""red"">kopers</font> een voor een afbellen ."	6.11	4.49	4.51	6.09	1.99	1.67
koper/noun/NB_20010409_01/160804	a	-0.518725189665	1.11032587052	2.84318936368	7.18445522966	4.17108921542	-3.52425437252	-0.579861230699	1.10484951001	3.8388583248	-1.38598221179	-2.79926763328	-1.69513738184	"Blijkbaar is er nog geen <font color=""red"">koper</font> voor het stamnummer gevonden ."	8.2	6.41	6.59	8.01	2.03	1.62
koper/noun/NB_20010706_01/125942	b	4.72759666017	4.07934643893	4.46836794403	-10.0406347615	-8.22894972012	-0.493093021128	0.970687486443	-5.47118408506	1.18012226708	6.86221503919	6.28365129159	-1.69863522394	"Ze willen zelf bepalen wat ze doen met hun natuurlijke rijkdom aan <font color=""red"">koper</font> , zilver en goud en met hun regenwoud . """	6.6	4.87	4.99	6.47	3.06	2.98
koper/noun/NB_20010906_01/19690	a	1.01705929216	0.723266266349	2.04358298915	2.81912631577	1.26472127847	-1.46795658603	1.22121604889	0.628598419158	1.95089679299	0.0983771313114	-0.443064433156	-0.553520402909	" <font color=""red"">Koper</font> voor Siporex ?"	8.2	6.41	6.59	8.01	3.43	3.79
koper/noun/NB_20011013_01/241769	a	0.903462976086	0.785831331893	-0.290178379811	-0.87850566636	0.52594324123	1.75179508081	0.745492023927	0.188124790863	-0.298431465198	1.09758371328	1.1206782206	1.00581599328	"Goedgelovige <font color=""red"">kopers</font> krijgen vervalste toegangskaarten ."	8.07	6.1	6.46	7.71	1.66	1.82
koper/noun/NB_20020311_01/57634	a	-1.12081073477	3.19231712167	6.06444129741	0.496617012685	-2.75219730532	-2.59019936187	-3.11256784038	1.20415911553	2.98658924308	2.38176677234	1.04830358101	-2.69609898166	"Het bekende kasteel met zijn inmiddels ingestorte tiendenschuur is eigendom van de broers Michel en Ricardo Desmaisières , en wacht op een nieuwe <font color=""red"">koper</font> ."	6.94	5.28	5.33	6.88	1.76	1.45
koper/noun/NB_20020315_01/32565	a	-0.0840963223311	0.330129301788	-2.43056916468	-0.104585827141	1.07748835524	2.95573692954	-1.19476319376	-4.48966151331	-1.21144510285	0.339122553655	0.42819130541	2.61567454073	"De <font color=""red"">koper</font> van deze eerste lading was bakkerij Neesen uit Sint-Truiden ."	8.07	6.1	6.46	7.71	0.42	1.45
koper/noun/NB_20020628_01/96007	a	1.13277120953	0.56107652782	3.30563017359	-0.516951093947	-1.04352183495	-1.30115161319	0.657859232832	-0.0837439145099	1.52335340973	1.9486326821	1.38708050433	-1.01231779966	"Een aannemer of bouwpromotor die grond verkoopt , kan de <font color=""red"">koper</font> vanaf 2004 niet meer verplichten om met hem een huis te bouwen ."	8.07	6.18	6.46	7.79	2.33	2.33
koper/noun/NB_20020814_01/34874	a	-0.562506637771	2.57439093569	2.25126943777	2.35589915494	0.844810324852	-1.39927743665	-2.00221697851	0.663928949989	1.82500369446	0.682715601977	-0.489388945848	-0.570828573558	"Maar ook de andere waren vinden gretig <font color=""red"">kopers</font> ."	8.2	6.41	6.59	8.01	2.54	2.27
koper/noun/NB_20021122_01/155658	a	0.09156038893	-0.105032056637	-2.53417109904	1.21590710989	2.58329568891	2.24950943189	-0.0270135637432	0.771132956049	-0.822083534541	-0.465734029461	-0.547110112488	2.13967133662	"Zo moet de <font color=""red"">koper</font> binnen de twee jaar minstens de helft van zijn oppervlakte bebouwen ."	8.07	6.1	6.46	7.71	0.86	0.79
koper/noun/NB_20030918_01/129653	b	8.82678553524	2.56343420139	-0.317540423624	-8.69519859799	-6.95734985398	2.74533524284	4.22966763805	-6.78455350856	-1.27735369818	5.43262740842	6.10177877235	1.18069388542	"Voor verscheidene elementen , zoals arseen , chroom , <font color=""red"">koper</font> , lood en zink zijn de gemiddelde waarden in de geloosde afvalwaters zelfs gedaald tot onder de drinkwaternorm ."	8.58	6.92	6.97	8.53	6.84	6.32
koper/noun/NB_20031024_01/147107	a	-0.743672372309	-1.3721426831	-0.218594479261	7.57783067018	5.9164725649	-1.55858136597	0.934362583669	2.86625846683	0.361791215549	-3.52614758635	-2.46194649701	-1.93505913555	""" We geven potentiële <font color=""red"">kopers</font> zo veel mogelijk informatie , zodat zij weten waar ze aan beginnen . """	9.29	7.59	7.68	9.2	5.44	4.91
koper/noun/NB_20040106_01/142778	a	-2.81011074053	1.17305331101	5.59648470532	-2.43392730691	-3.42527355887	-3.21771641602	2.21822428097	2.75625894723	3.78383525395	-1.47025412908	-4.07903875908	1.78852084334	"Geïnteresseerde <font color=""red"">koper</font> is de nv Immomed uit Koksijde die al eigenaar is van het aanpalende perceel dat uitgeeft in de Rode Broeckstraat ."	8.07	6.1	6.46	7.71	4.05	3.53
koper/noun/NB_20040122_01/16340	a	1.42682830244	1.31812624776	2.95975116651	-1.22409941037	-2.33028719441	0.140861502725	-2.43025584691	-1.12602275249	0.863765111483	2.6789843258	2.31496712092	-0.0920469392827	"Het hof van beroep heeft gisteren een klacht behandeld van een <font color=""red"">koper</font> van zo'n illegaal appartement en vonnist op 31 maart ."	6.94	5.28	5.33	6.88	1.29	1.94
koper/noun/NB_20040220_01/20983	a	-1.81302386756	2.78434496336	0.315313116504	-0.630487929136	-0.602839211988	1.40292205838	-1.44209886386	1.13901616691	-0.0582269384809	1.04290721166	0.904137297903	1.28076835357	"Hierop wordt de <font color=""red"">koper</font> van het werfzeil bekend gemaakt en wordt de uitslag bekend gemaakt van de teken- en fotowedstrijd over de toren van de basiliek ."	8.07	6.1	6.46	7.71	1.54	0.98
koper/noun/NB_20040320_01/183655	a	-4.99726672968	-2.30919728126	7.4311927533	12.2633184266	9.09782337206	-6.54659607034	1.7321795693	6.20110817707	6.66499360643	-4.43921742887	-6.54210061488	-3.06786277671	"Hoewel mijn café vol zat en er veel kijklustigen gepasseerd zijn de voorbije weken , verbaasde het mij dat er slechts drie geïnteresseerde <font color=""red"">kopers</font> waren "" , besluit koster Bart De Wael ."	7.78	6.03	6.17	7.64	4.05	3.53
koper/noun/NB_20040626_01/180663	b	4.55796362381	3.7372804519	-3.34233407614	-2.42889306559	-1.04552614392	4.62602122456	0.636345407676	-4.37801642068	-2.3452161101	1.47140701107	1.97054096594	3.62595349799	"Flavia voert haar spreuk ik ben van <font color=""red"">koper</font> , de familie van goud hoog in het vaandel ."	8.07	6.1	6.46	7.71	2.91	2.62
koper/noun/NB_20040903_01/159068	a	1.72251419506	3.15986073409	7.94982941396	-0.66190293629	-2.1132569142	-5.07070873981	3.77482018364	1.79011013505	4.4634845312	2.18373296649	1.5817368345	-3.54711165023	"Er is gratis toegang voor <font color=""red"">kopers</font> en verkopers ."	9.81	8.3	8.2	9.91	6.14	5.76
koper/noun/NB_20050919_01/173035	a	-3.10636438956	-0.862163920749	1.19254466908	-0.993615290482	-1.09679155665	0.824759862141	1.24627589451	4.38459856143	0.177331402346	1.32555899006	1.14552524314	0.885106449962	""" Ze stelden al de vragen en handelingen die je van een geïnteresseerde <font color=""red"">koper</font> mag verwachten "" , zegt Luc Volders ."	8.07	6.1	6.46	7.71	4.05	3.53
koper/noun/NB_20051231_01/115189	a	-2.93880549143	-0.723991881603	7.1532115827	2.0710961497	-1.40601394368	-5.27673566412	-4.09559628418	3.27828853593	4.0031178995	2.31511501013	-1.2576293328	-3.79880284057	"Gemeente heeft <font color=""red"">koper</font> voor Kluis"	6.84	5.15	5.23	6.75	0.58	0.44
koper/noun/ad19990130/58927	a	0.816806342716	1.02679780945	1.01849284978	-0.476970315302	-0.744673532409	0.663495629037	0.00406062634288	0.227930397016	0.375648687359	1.19992452459	0.963441438962	0.55993056276	" <font color=""red"">Kopers</font> van de meest energiezuinige apparaten in hun klasse krijgen bij aanschaf een bon , die ze naar hun energiebedrijf moeten sturen ."	8.07	6.1	6.46	7.71	1.25	1.19
koper/noun/ad19990603/67434	a	-0.536713734685	0.730326382342	-0.383912871736	1.75720077529	1.63176225295	0.962872867873	-2.55349729713	0.0268452299597	0.111713457462	0.0857543167653	-0.439948277381	1.24528327437	"De praktijk wijst uit dat de meeste <font color=""red"">kopers</font> zich bij de aanschaf van een mobiele telefoon laat leiden door de prijs van het toestel en de vaste maandkosten ."	8.07	6.1	6.46	7.71	1.25	2.3
koper/noun/ad19991007/54610	a	1.38446180108	-0.30536275499	-1.75406192966	-1.14292968948	0.787593440612	3.02416763937	1.62260270892	0.997246449933	-1.28495384991	-0.533107076881	1.29519580866	2.21023419689	"Een zaak beantwoordt niet aan de overeenkomst indien zij niet de eigenschappen bezit die de <font color=""red"">koper</font> op grond van de overeenkomst mocht verwachten ."	8.07	6.23	6.46	7.84	3.43	3.79
koper/noun/ad19991007/66534	a	-0.335747767812	0.035314964043	-0.942061568646	12.0214940774	8.67787006155	-2.94414021319	-0.175139431713	-0.432580731083	5.00879402162	-3.77693587554	-5.11214739215	-2.4502195754	"Aanvankelijk zakte de index 6 punten , maar toen duidelijk werd dat Wall Street hoger zou openen , kwamen er meer <font color=""red"">kopers</font> ."	4.92	3.43	3.34	5.01	0.32	0.64
koper/noun/ad19991023/59629	a	0.693421173414	-4.08449939782	-0.525942638686	-2.65084632326	-1.91396885448	2.14730097136	4.21662728795	4.47270028573	-1.19794838155	2.10560809735	2.47539358882	1.99197861792	"Van de Eijk : "" Bij malversaties pakken we wel de oorspronkelijke <font color=""red"">koper</font> en de bezitter , maar de tussenpersoon blijft buiten schot . """	8.07	6.1	6.46	7.71	3.11	3.24
koper/noun/ad20000325/25627	a	-0.634074351769	-2.46538906308	2.60523284086	5.25761656324	2.47152955813	-2.43793687001	0.655044267881	3.14683442854	2.0569020391	-1.30417886207	-0.423995045267	-1.33006456632	"Potentiële <font color=""red"">kopers</font> kunnen een wagen uitkiezen in elke gewenste uitvoering ."	9.29	7.59	7.68	9.2	5.44	4.91
koper/noun/ad20000429/15011	a	0.417417492217	-0.617272948565	2.79335302406	-1.67234117387	-0.444896368776	3.47606177991	1.32489596986	1.0872985527	0.732675631091	2.57585666855	2.80915778082	0.148398719713	"Het land heeft een dringende behoefte aan de dollars waarmee internationale <font color=""red"">kopers</font> de tabaksproducenten betalen ."	8.07	6.1	6.46	7.71	2.11	1.74
koper/noun/ad20001027/6088	a	0.240049753605	1.26721156869	-0.183665623164	1.55668419781	1.65135752957	0.772686755295	-0.607859233892	-0.0112380985731	0.260548616617	0.0500409738935	-0.243773956928	0.983810003677	"Uit onderzoek in opdracht van het Algemeen Dagblad en de Avro is echter gebleken dat slechts één procent van de <font color=""red"">kopers</font> op de gebruiksaanwijzing let bij het lezen van een etiket ."	8.07	6.1	6.46	7.71	1.64	1.59
koper/noun/ad20001206/42427	a	0.221216478281	0.665779371289	0.738551044258	0.979173655062	0.4815935319	0.444931690448	0.171381127974	0.421440061716	0.523747450595	0.502617986725	0.2557277947	0.622327121053	" <font color=""red"">Koper</font> QBE is geen onbekende voor de Nederlanders ."	8.07	6.1	6.46	7.71	1.28	0.84
koper/noun/ad20010207/30993	a	1.50894510913	0.187884354112	-1.16492600133	-2.70979626576	-1.00195927244	3.04358450721	1.68543559196	0.777755462628	-1.72939190577	0.282900309356	2.25085393292	1.79876564632	"Daarbij gaat het behalve om persoonlijke begeleiding van de <font color=""red"">koper</font> ook om het uitgebreid toepassen van internet ."	8.07	6.23	6.46	7.84	3.43	3.79
koper/noun/ad20010428/51495	a	0.461232132832	1.25682727214	-2.15465420376	6.21119159812	5.2233855162	-1.04764766498	-0.220073201431	-0.211167970675	0.422525574115	-2.27413992108	-2.62713591249	0.391881577078	"Toch waren de ontwerpers blijkbaar nog te vergrijsd om zich te realiseren dat die <font color=""red"">kopers</font> , zoals vrijwel iedereen tegenwoordig , cd's in plaats van cassettebandjes afspelen ."	6.37	4.8	4.76	6.4	1.18	1.31
koper/noun/ad20010515/31497	a	0.918546872065	1.95561033611	2.93403285413	0.0211827723776	-0.508567337326	-1.01724712145	2.05674918709	1.47678856544	1.6212843345	1.31436006688	0.852197917267	-0.647634351023	"Geïnteresseerde <font color=""red"">kopers</font> staan in de rij en er is een wachtlijst voor zijn werk ."	8.07	6.1	6.46	7.71	4.05	3.53
koper/noun/ad20010918/26071	a	1.21724890989	-0.682981878489	-1.64035330262	-0.553384313748	1.01017053044	2.77147073392	1.95990981824	0.209325164471	-1.23555369126	0.48843234552	1.06754996221	2.21001733719	"Cees de Vries van Van Lanschot verwacht dat de AEX vandaag verder omhoog gaat en meer <font color=""red"">kopers</font> in de markt zullen stappen ."	8.07	6.1	6.46	7.71	1.39	1.46
koper/noun/ad20020727/6269	a	-0.219333808939	0.372170269279	-0.907993345169	3.86963530434	3.49738617897	-0.40488384987	0.104689485436	1.18541025615	0.902195088645	-0.937668664001	-1.36438223429	0.652929442387	""" Als de kosten van de tests op de aanwezigheid van het hormoon MP voor onze rekening komen is dat geen probleem , maar we moeten wel <font color=""red"">kopers</font> hebben voor ons vlees . """	8.07	6.1	6.46	7.71	0.74	1.24
koper/noun/ad20030410/16720	a	-0.121496911854	1.255279505	1.57909546892	0.714614511509	-0.274652649307	-0.318004979769	-2.39159839503	1.57791349838	0.775418489581	1.00432148029	-0.363636631159	0.283992007648	"Volgens het OM handelde hij in de periode van 1 maart tot en met 17 maart 2000 in aandelen Endemol , terwijl begin maart duidelijk was dat de overnamebesprekingen tussen de Hilversumse tv-producent en de Spaanse <font color=""red"">koper</font> Telefonica al in een ` vergevorderd stadium ' waren beland ."	8.07	6.1	6.46	7.71	0.63	1.25
koper/noun/ad20030701/14478	b	2.01554776569	0.861305309111	9.03834026044	3.38912930488	1.70975324686	-6.57511422612	0.98849028978	-0.83885910405	5.59823814861	1.30018428937	0.748252304043	-4.51720811443	"Ze halen het explosieve materiaal eruit om vervolgens het <font color=""red"">koper</font> te kunnen verkopen ."	7.24	6.18	5.63	7.79	2.33	2.33
koper/noun/ad20030923/13083	a	-1.563519865	1.93363319679	2.10327700225	2.02867686835	0.711969470574	-1.00817220068	-1.44493064967	2.40381039839	1.61399399945	0.471196124766	-0.208169360298	-0.431593060135	"Het lukt de Australische regering , die bemiddelt voor de Saoedische importeur , niet een <font color=""red"">koper</font> te vinden voor de kudde ."	8.2	6.41	6.59	8.01	2.99	2.66
koper/noun/ad20040519/53786	a	-0.558132451026	1.60640642335	0.590980366193	1.18556032459	0.604606423362	0.410203167229	-1.10531415198	0.832050806956	0.578366025837	0.539203995324	0.0202869128544	0.654199234306	"Ook voor hem hoopt de club op korte termijn een <font color=""red"">koper</font> te vinden ."	8.2	6.41	6.59	8.01	2.03	1.62
koper/noun/ad20040526/35977	a	-2.64088081165	0.161324124635	2.95929575827	0.835011873409	0.529425672854	-1.16000951824	0.575868143273	3.46560799889	1.55650631043	0.391530515022	0.814350850324	-0.435190789944	"Meer dan 200 keer vroeg de ' anonieme <font color=""red"">koper</font> ' een bedrijf om terug te bellen : niet één keer werd hij ook gebeld ."	8.07	6.1	6.46	7.71	3.27	2.86
koper/noun/ad20041123/14497	a	-0.247449919077	0.0832036417222	-3.257392444	4.33525246504	5.22584154012	0.453583546759	-0.183375394459	1.38382480354	0.242612340987	-2.05913989792	-2.54633477406	1.10941732915	"consumentenbond eist strenge wetgeving om <font color=""red"">kopers</font> op de gevaren te wijzen ."	5.56	3.56	3.97	5.15	0.5	0.35
koper/noun/nrc19991108/60724	a	0.164195837113	-1.09899878951	-2.24410397622	3.49826664561	4.22002895303	0.188294755103	-0.899394195112	-0.503385249856	0.639184862869	-1.72736536103	-2.33087701969	1.11882949688	"Corporaties zijn wel bereid tot korting op voorwaarde dat de <font color=""red"">koper</font> het huis bij vertrek terugverkoopt aan de corporatie ."	8.07	6.1	6.46	7.71	1.76	2.27
koper/noun/nrc19991127/101243	a	-0.550648406923	0.232654522339	-5.03520181843	-1.9645073177	0.237148610599	5.88468976584	-3.03557665618	0.266098861585	-3.2307016721	0.367383500405	0.702800299039	4.71485158953	"De rest van de <font color=""red"">kopers</font> komt vrijwel geheel uit Zuidoost ."	8.07	6.1	6.46	7.71	0.42	0.56
koper/noun/nrc19991208/35637	a	-1.38279190096	-2.47166681843	10.4131597516	2.69335486662	-1.5170277932	-8.04914270534	1.55519368884	1.8364219892	3.21673156855	-3.98573306413	3.11990127387	-4.71059806317	"Een anonieme <font color=""red"">koper</font> bracht telefonisch het hoogste bod uit op Bouilloire et Fruits ( Tinnen Kruik met Vruchten ) ."	6.94	5.28	5.33	6.88	3.27	2.86
koper/noun/nrc20000106/28216	a	-0.439553540406	2.09579431663	-0.195862819975	-2.24124617604	-1.77420002175	1.69733433403	0.338414306001	2.8056187354	-0.489504578235	2.34952545934	2.5290941055	0.825381480229	"Ford besloot daarom ook niet onder eigen naam ( het merk van de modale gezinsauto's ) te gaan deelnemen , maar via het exclusieve Jaguar , waarvan de <font color=""red"">kopers</font> nog wel enig begrip tonen voor en status ontlenen aan het prijskaartje dat aan een autosportsuccesje van hun merk hangt ."	8.07	6.1	6.46	7.71	1.64	2.42
koper/noun/nrc20000330/18269	b	8.44808916641	2.73479265978	-6.77727047749	-6.75416746004	-5.2234482626	7.49300749361	3.04798635931	-7.1238239679	-4.84013564103	3.32638886649	4.80763193313	5.47866067138	"De verontreiniging van de Rijn met zware metalen ( <font color=""red"">koper</font> , zink , kwik ) is volgens Salomons in belangrijke mate teruggedrongen ."	8.58	6.92	6.97	8.53	6.84	6.32
koper/noun/nrc20000519/90033	a	-3.05084837439	6.57990123016	6.95757590381	1.87079301613	-3.23552894337	-4.08836010216	-6.69771275581	0.628804359005	3.4684245715	2.52318835785	0.456520362038	-3.68254557664	"En van een obscure schilderes veranderde ze in een artistiek talent met goede kritieken en gretige <font color=""red"">kopers</font> ."	6.94	5.28	5.33	6.88	2.27	1.71
koper/noun/nrc20000531/2189	a	0.760989453933	-0.611197738094	2.46062048781	1.45690771356	0.580768138546	-1.53840626315	1.96914541109	0.505315075075	1.69031089228	1.10906112932	0.728515643539	-1.24517897323	""" Dat de nieuwe <font color=""red"">koper</font> nauwelijks een premie bovenop de beurskoers betaalt , geeft aan dat de kans op een faillissement bijzonder groot was "" , zegt een analist ."	8.07	6.1	6.46	7.71	1.64	1.55
koper/noun/nrc20000605/51059	a	0.227525434545	1.11348038178	0.714915956882	1.02904696625	0.813070441947	0.0632553747781	-0.537339028816	0.249255168832	0.665273296946	0.464931984773	0.0347348287428	0.370515466826	"Maar meestal is de <font color=""red"">koper</font> niet in de gelegenheid om dat te doen ."	8.07	6.1	6.46	7.71	1.77	1.8
koper/noun/nrc20000821/17645	a	0.231612014721	-0.0308634394324	-2.39179820394	1.59690599638	2.76627973325	1.75079549925	0.459652701019	0.756208515071	-0.571000159256	-0.722977940924	-0.540053833597	1.97742973749	"Daar staat in dat de <font color=""red"">koper</font> de laatste 5 procent van het koopbedrag kan deponeren bij een notaris ."	8.07	6.1	6.46	7.71	0.56	0.64
koper/noun/nrc20001215/19527	a	-0.441362755577	-0.953642144952	-0.283049002535	1.53129054686	1.75886308555	0.916287882681	1.45503380356	2.33506262612	0.282312854112	-0.115165719931	-0.413798008606	1.02739675092	"Beleggers zijn nooit zeker dat een <font color=""red"">koper</font> van het aandelenpakket van de familie Heineken ook een bod op de rest van de Holding-aandelen zal doen ."	8.07	6.1	6.46	7.71	1.41	1.62
koper/noun/nrc20010210/42864	a	-3.70831951291	3.59946049056	-2.80535399154	3.98388163159	4.68275117015	0.458271429943	-5.75102369861	-3.83536139288	-0.0816523241929	-1.96390593156	-2.56377896332	1.27186279783	"De gemeente had bedacht dat de <font color=""red"">kopers</font> hun 21 kavels vrij zouden mogen bebouwen ."	8.07	6.1	6.46	7.71	3.11	3.41
koper/noun/nrc20010301/66120	b	-0.446226036841	0.651611363179	4.04090776672	1.1849967188	-1.16026987277	-0.536054468824	-0.296717169268	1.11842912453	1.34694120132	0.76566663072	-0.762816488966	0.310397687815	"Dan schiet mij de zon te binnen , die in Hellas immers als een ploert in een hemel van <font color=""red"">koper</font> te branden staat ."	6.94	5.28	5.33	6.88	0.77	0.5
koper/noun/nrc20010303/20185	a	-0.291917625737	-0.465123739836	1.91970729318	3.02082938884	2.09009180193	-0.715423914163	0.497896461908	1.33007698829	1.39180646662	-0.559148809583	-0.103424665086	-0.721526560509	" <font color=""red"">Kopers</font> van het belang van Freddy Heineken kunnen immers op relatief goedkope wijze - met slechts een kwart van de aandelen - de zeggenschap over de brouwer verkrijgen ."	6.94	5.28	5.33	6.88	1.41	1.62
koper/noun/nrc20011113/51902	b	5.31947069965	1.26981554205	6.48420024278	-9.11880591908	-2.62880263583	9.74802040103	2.36710811058	-3.46190124203	1.70611702571	6.28755452322	5.87813754344	-2.24906364939	"WMC produceert ook goud , <font color=""red"">koper</font> , uranium en industriële mineralen ."	6.6	4.87	4.99	6.47	5.9	5.34
koper/noun/nrc20020110/55234	a	-0.823185164681	1.74052498847	-0.587839735403	6.29735658876	4.81171594616	-2.02819530441	-1.84658160468	1.13490956631	1.95373287878	-1.76682121431	-2.43235927888	-0.270416586586	"Al enige tijd gaan er geruchten dat dit Spaanse telecomconcern er vanaf wil , maar geen <font color=""red"">kopers</font> kan vinden omdat die de vraagprijs te hoog zouden vinden ."	8.2	6.41	6.59	8.01	2.03	2.48
koper/noun/nrc20020117/40634	a	1.84232645695	-1.15532149007	-2.27678798362	-1.10610687304	0.851208708529	3.79401392468	2.88904052907	1.10095119974	-1.78320309207	0.396714000599	1.22266549219	2.93185290352	" <font color=""red"">Kopers</font> zijn weer aan de macht ."	8.07	6.1	6.46	7.71	2.0	2.03
koper/noun/nrc20020304/32517	a	-0.142871332875	0.667208214835	2.11357054337	1.63671558877	0.655683653825	-1.18282406736	0.0256719818413	0.942478865061	1.31215183412	0.631486468496	0.0633830466651	-0.556838316717	"Onder ` PC op maat ' biedt Takeitnow.nl de <font color=""red"">koper</font> de mogelijkheid zelf een computer samen te stellen ."	8.07	6.1	6.46	7.71	1.55	1.38
koper/noun/nrc20020408/27588	a	0.433695196325	0.160017868745	0.67856546975	-1.59877381238	-1.35267997407	1.51438802002	1.4812111104	0.562562224316	-0.326695462804	1.60453762959	2.12561451311	0.8742970986	"De markt voor lithografische chipmachines , waar bedrijven als Intel , Philips en AMD de <font color=""red"">kopers</font> zijn , is circa 5 miljard euro groot ."	8.07	6.1	6.46	7.71	0.77	1.06
koper/noun/nrc20020501/32328	b	5.3078823412	1.44676524058	-0.607559742846	-5.91914649593	-3.91186246151	3.9636141555	1.87091583798	-4.06050201711	-1.63071019694	3.50096373552	4.21287512092	2.08466654706	"Oorzaak zijn de afgenomen prijzen van onder meer olie , aluminium en <font color=""red"">koper</font> ."	8.07	6.1	6.46	7.71	5.25	4.77
koper/noun/nrc20020531/41231	a	-1.49479302189	-0.857946184461	-4.67191311238	3.58306968992	5.391545954	2.90349447791	-0.664024385372	2.50706128121	-1.84898821212	-1.86935983552	-2.75721091601	3.03954251239	"Het telecombedrijf maakte gisteren bekend dat de onderhandelingen met mogelijke <font color=""red"">kopers</font> niets hebben opgeleverd ."	8.07	6.1	6.46	7.71	1.7	1.32
koper/noun/nrc20020614/56334	a	-0.497384318064	-0.290433782394	3.96456785148	3.97369580106	2.18317224543	-3.11548573213	-0.431440596889	1.92939226126	2.98956741124	-0.425728021188	-1.03325093925	-1.69959396322	"Ook wordt dan in één klap duidelijk of er een <font color=""red"">koper</font> is die nog over zijn bod heen wil gaan . """	6.94	5.28	5.33	6.88	1.41	1.62
koper/noun/nrc20020706/77509	a	1.09087808751	0.889368191154	0.882198238877	-0.370958244611	-0.343940076809	0.491809364695	0.603380155588	-0.720997657749	0.576995438167	1.19150931575	1.09292012351	0.139526938271	"Als branding lukt , dan schaft de <font color=""red"">koper</font> van een merk meer een ` gevoel ' aan dan een product , zo is de theorie ."	8.07	6.1	6.46	7.71	1.55	2.24
koper/noun/nrc20020713/6500	b	0.104667718533	0.834180767537	-0.767582246168	-0.028718677376	0.522398294021	1.50049935715	-1.13157552778	1.42284624245	-0.398715433639	0.563181851379	0.201559022791	1.72990531962	"Het gebruik van <font color=""red"">koper</font> in de fruitteelt is in ons land verboden en bij het verwerken/verpakken van biologische appels wordt gespoeld met water , waar Winny de Jong het gebruik van ontsmettingsmiddelen suggereert ."	8.07	6.1	6.46	7.71	1.36	1.19
koper/noun/nrc20020722/1439	b	5.03835264425	3.45913490227	-1.36513852114	-3.22437340005	-1.35932421343	3.85151313289	1.85450522946	-4.96202964947	-1.46252529577	1.86022287277	2.42788134212	2.46522291702	" <font color=""red"">Koper</font> en goud van uniformen en kruisbeeld blikkeren in de avondzon ."	8.07	6.1	6.46	7.71	2.91	2.62
koper/noun/nrc20020809/57443	a	0.298002929639	-0.871381904864	1.41366990171	0.0623798376191	-1.14611354496	0.470450392968	1.667805628	3.29606491143	0.756739548453	2.0037105139	-1.21234538118	2.03705185686	"Virtuele figuren op een computerscherm helpen de <font color=""red"">kopers</font> bij de betaling ."	8.07	6.1	6.46	7.71	1.07	1.72
koper/noun/nrc20020928/83678	a	-1.55468666472	-1.99150608656	3.86033501741	12.9603423302	6.71215728747	-7.60738205202	1.72247061033	3.16094168663	3.34914078367	-6.56798462421	-3.77025753297	-5.90598651716	"Makelaar Schaap : "" Potentiële <font color=""red"">kopers</font> vinden het over het algemeen heel moeilijk om ergens doorheen te kijken ."	9.29	7.59	7.68	9.2	5.44	4.91
koper/noun/nrc20030510/67157	a	-3.05228648755	0.0527988173683	-2.6682546072	-0.455099062354	0.336212794665	3.42043545111	3.00729566119	4.17881658988	-1.32623368254	0.166901987298	0.342356993577	2.62469091173	"Zíj daarentegen past meer in het beeld dat makelaar Van den Berg heeft van de <font color=""red"">koper</font> van nu : "" Het zijn veelkijkers-maar-weinigkopers . """	8.07	6.1	6.46	7.71	2.0	2.0
koper/noun/nrc20030517/35343	a	-0.710652168692	0.655984352609	0.887227598389	3.37429611729	2.65934796218	-1.06103408532	-1.0414390239	2.04160860746	1.63612076999	-0.595003934641	-1.63891864942	-0.234155776183	"Volgens een woordvoerder moet de <font color=""red"">koper</font> er altijd op bedacht zijn dat er een aparte overeenkomst met de financieringsmaatschappij wordt gesloten ."	8.07	6.1	6.46	7.71	1.25	1.6
koper/noun/nrc20030621/32926	a	0.968394244774	0.477180875493	6.33753915444	-0.0681339684056	-2.08647693715	-3.53563468004	0.923752243897	0.0947520978951	3.25210910553	2.956757947	2.38759513497	-2.66604436647	"Dat zit zo : Altus , de projectontwikkelaar bij wie Vreedendaal zijn huis heeft gekocht , biedt alle <font color=""red"">kopers</font> een basisabonnement zorg &service ."	6.94	5.28	5.33	6.88	1.66	1.82
koper/noun/nrc20040127/39352	a	-1.16254438826	2.18593976744	0.0234821520665	6.48138897886	4.94975451409	-1.3795048234	-1.79225791366	1.98898218093	1.79908213417	-2.32761885216	-2.93146903201	0.134359789227	"Intussen zoekt het bestuur van Hollinger International naar alternatieve <font color=""red"">kopers</font> , omdat het meent dat het meer waar is dan de 260 miljoen pond waarvoor Lord Black het wil verkopen aan de Barclays ."	7.56	5.9	5.95	7.51	2.43	2.06
koper/noun/parool19990203/45410	a	0.894433453926	-0.613695391884	-5.75119647322	-2.03436980743	0.307811289998	6.81600080116	1.1392097373	-0.694655431072	-3.23624827236	0.80742474992	3.22216174172	4.0011158476	"In België nam het aantal <font color=""red"">kopers</font> toe , maar de export naar landen in het Oostblok liep terug omdat zich daar na het vallen van de muur ook bekende autodealers vestigden ."	8.07	6.1	6.46	7.71	0.71	0.51
koper/noun/parool19990209/40611	b	6.65506266276	3.12965488676	-7.78831605002	-2.21041430297	-6.47033141849	0.27753204789	1.94720307706	-5.69177279142	-0.18887445338	4.78821274241	4.73857651891	-0.685658513738	"Zo zijn grote hoeveelheden lood , <font color=""red"">koper</font> , zink en teerverbindingen gevonden ."	8.58	6.92	6.97	8.53	6.84	6.32
koper/noun/parool19990303/55175	a	-0.152840001913	-1.16123616558	-4.54699206319	-1.18256448748	1.72703704356	5.87512707092	0.990953466777	-0.24769946642	-2.1741691043	2.09706055797	0.119201947257	4.29426021409	"De <font color=""red"">koper</font> krijgt daar 275 vierkante meter vloeroppervlak voor , verdeeld over twee etages ."	8.07	6.1	6.46	7.71	1.01	0.8
koper/noun/parool19990319/57023	a	8.06736843257	-9.58055056305	-5.8421449491	-2.02066717465	0.424444953775	7.27160569733	7.55422424745	-1.52409463486	-2.77188004197	0.434505481077	1.27777672636	4.18890459975	"Story schommelde rondom de 320.000 , Weekend deed het met ruim 260.000 <font color=""red"">kopers</font> ."	8.07	6.1	6.46	7.71	3.97	3.81
koper/noun/parool19990331/32588	a	2.73442434982	-0.488985318224	1.87926088227	-4.2295434816	-1.20378769028	-2.38146820265	3.04103391192	0.37540103341	-0.886540515792	-2.21215866264	2.96452204801	1.30335878742	"De <font color=""red"">koper</font> kan meteen tekenen bij de notaris van de verkoper , die is aangeschoven bij de afslagers ."	9.81	8.3	8.2	9.91	6.14	5.76
koper/noun/parool19990531/33723	a	-2.09947808971	3.02993387876	-0.854783112694	-0.535314486462	-0.157585632557	2.58589378192	-1.66104043879	2.73374806325	-0.91244982825	1.27222792257	0.822970600315	2.64932661295	"Ondanks het feit dat de overheid bij Vinex-nieuwbouwwijken een hoge dichtheid verlangt , heeft de meerderheid van de <font color=""red"">kopers</font> moeite met de dichte wijkopzet ."	8.07	6.1	6.46	7.71	1.63	1.07
koper/noun/parool19990703/4424	a	-1.21072551951	0.766128731198	-1.64232046922	-0.0411124970132	1.31538974856	2.03997136331	-0.903347852241	1.95183653455	-0.579670937368	0.143234328304	0.185612274971	1.48038742281	"En bouwers hebben daarnaast ook nog te maken met de wensen van de <font color=""red"">kopers</font> , die eerder klagen als het ze niet zint ."	8.07	6.1	6.46	7.71	1.39	1.16
koper/noun/parool19990902/22760	a	-0.166009107856	0.404660515368	-2.5671537062	-0.661865176233	0.673842125284	3.48405623224	-0.174525749837	1.01675107351	-1.5889302656	0.458572150648	0.460474262401	2.95659486665	""" Bij sommige gerechtshoven hebben <font color=""red"">kopers</font> gelijk gekregen , bij andere juist de gemeenten ."	8.07	6.1	6.46	7.71	0.67	0.42
koper/noun/parool19990902/58951	a	-0.0690098090132	0.549532061026	-1.91883988618	1.21831841471	2.04326940246	1.704826042	-2.66689928768	3.18568932002	-0.391266848777	-0.572252407948	-0.865352100946	1.52262908771	"Uit het onderzoek blijkt bovendien dat twintig procent van de beoordeelde offertes in geen verhouding staat tot het jaarinkomen van de <font color=""red"">koper(s)</font> ."	8.07	6.1	6.46	7.71	0.74	2.3
koper/noun/parool19991013/25028	a	0.0992334358394	-1.28958933659	-2.2822430903	1.97907151643	2.99285714409	2.12720992886	1.62356332698	1.46062014875	-0.249753859982	-0.992631558232	0.242763480691	2.15604511527	" <font color=""red"">Kopers</font> lijken zich niets aan te trekken van de opkruipende rente en betaalden in Amsterdam ruim 27 procent meer voor een huis dan een jaar geleden ."	8.07	6.1	6.46	7.71	2.62	2.21
koper/noun/parool19991028/44092	a	-1.19522423945	0.373547942926	-5.81440321668	-0.834228559379	0.670276014982	6.43218988978	-3.12060641516	-3.25068170441	-2.10349301868	1.84583477506	0.479761847661	3.99166286848	"Twee dagen later reeds hadden de eerste <font color=""red"">kopers</font> voor het Omroepbedrijf Amsterdam ( OBA ) , dat voor zendgemachtigde Salto onder de merknaam AT 5 een programma produceert , zich naar verluidt gemeld ."	8.07	6.1	6.46	7.71	0.58	1.25
koper/noun/parool20000104/24377	a	0.0596064397334	-0.314004712752	2.0464888343	-3.19610155316	1.7680841811	-3.69513838713	0.8664441884	1.67684818317	0.642233877678	3.09214080763	3.16991648955	-0.00942329945044	"Samen met internetbedrijf Ibidlive onderzoekt het de mogelijkheid om <font color=""red"">kopers</font> via het net te laten bieden , tegelijk met de gegadigden die zich op maandagen op de veiling verzamelen ."	8.07	6.1	6.46	7.71	1.55	1.62
koper/noun/parool20000614/19386	a	-0.575024804788	1.00621337035	-2.20247771131	4.80730316148	4.75300505448	-0.369223078155	-0.309153026155	0.646104274231	0.650514818597	-1.88040254103	-2.38895352386	-0.0155889937917	""" <font color=""red"">Kopers</font> van Vinex-woningen zijn in ieder geval beter uit dan mensen die zich op de markt van bestaande woningen begeven ."	6.37	4.8	4.76	6.4	0.83	0.68
koper/noun/parool20000831/17132	a	0.562270806536	-1.48409120451	-2.73597670091	0.708227895103	2.02261943964	2.8225204197	2.25770792238	2.21455773097	-1.54942449714	-0.254740547855	-0.134907813199	2.85034355939	""" Door de schaarste zie je dat makelaars willen dat <font color=""red"">kopers</font> sneller beslissen ."	8.07	6.1	6.46	7.71	2.0	2.0
koper/noun/parool20000905/21373	a	0.165222170084	0.534363318527	1.46344995603	1.53443194221	0.973089978594	-0.59642329661	-0.18040656276	0.984429334298	1.30379237944	0.122716577426	-0.410918362544	-0.266930845097	"Er liep ook een aanstaande <font color=""red"">koper</font> rond die na bezichtiging de vraag stelde : "" Hoe heet dit hotel ook alweer ? """	8.07	6.1	6.46	7.71	0.42	0.58
koper/noun/parool20000912/32384	a	-0.553904387211	-3.61255817619	-2.84003812804	0.317019394974	1.58689303327	3.12441498099	-3.10873742499	1.74848485443	-0.986816077698	-0.0851111273656	0.0686895680613	2.30871942302	"Een van de mogelijke <font color=""red"">kopers</font> van de opleidingen is PCM Uitgevers , dat al langer zoekt naar uitbreiding in de opleidingensfeer ."	8.07	6.1	6.46	7.71	2.56	2.0
koper/noun/parool20001109/33363	a	-1.12526494877	2.96064717251	2.90511755472	3.83088444476	-1.14211571555	-2.31458527804	-3.05450774292	1.40095465714	2.47111116048	0.843708815155	-1.65310079912	-0.11106517759	"Die aantallen zijn pittig , zeker vergeleken met de markt van tien jaar geleden , die toen op haar top was en bijna elke snipper werd verkocht - zelfs de krant waarop de schilder zijn kwasten had uitgestreken vond een enthousiaste <font color=""red"">koper</font> met dollartekens in zijn ogen ."	8.2	6.41	6.59	8.01	2.03	1.62
koper/noun/parool20001221/4664	a	-1.90611106632	-4.55035202108	5.34833647502	3.62938751095	1.35435599277	-4.54953092865	-2.87071312895	-1.19607005844	3.43882827418	0.72804832514	-0.206272603003	-2.8643993023	"Het kan ook gebeuren dat een <font color=""red"">koper</font> een stuk per se wil hebben en daar meer dan het hoogste bod voor over heeft ."	6.94	5.28	5.33	6.88	1.84	1.28
koper/noun/parool20010113/81900	a	-2.43526101111	2.60811773844	0.299821287891	1.53908944885	-0.649929687648	0.835543680245	-1.71135388785	3.95978209673	0.173985518386	1.0163587269	-0.536424524181	1.36584132905	"' Als het opdringerige <font color=""red"">koper</font> schalt , zoekt de kijker haastig een ander kanaal . '"	8.07	6.1	6.46	7.71	3.35	2.79
koper/noun/parool20010127/10928	a	0.985001177028	0.710231656023	6.35583967828	-0.70981821794	-3.1023619245	-2.65233576359	0.808618887378	0.0725335637076	2.80738722164	2.77822313677	2.10436419964	-2.34098140541	"Zo'n <font color=""red"">koper</font> gooit het hek op slot en je weet nooit wat -ie hiermee doet ."	6.94	5.28	5.33	6.88	1.66	1.82
koper/noun/parool20010310/32004	a	0.0975471240416	-0.727584456347	-0.296831423524	-0.231511225049	-0.0803392193706	1.69122451319	3.23975095886	0.532423438613	-0.339532036681	0.96026374233	1.38489994819	1.6911697487	" <font color=""red"">Kopers</font> van een milieuvriendelijke diesel-bestelwagen ontvangen zelfs bijna veertienhonderd gulden ."	8.07	6.1	6.46	7.71	1.05	2.1
koper/noun/parool20010407/42414	a	2.24824845578	0.812913151957	1.30572981999	2.07492629603	1.38639513406	-0.504193598225	2.3909184154	-1.15915161684	1.26436060992	0.363648391273	0.128192175737	-0.44859572493	"De <font color=""red"">koper</font> werd daarop zodanig door de verdachte bedreigd , dat hij besloot aangifte te doen ."	8.07	6.1	6.46	7.71	2.76	3.08
koper/noun/parool20010609/74803	a	0.434363259378	-2.77803042182	-3.20416108689	-1.11857920439	1.36479801636	4.20807895828	2.40554745133	2.36305544705	-1.84481175759	0.0276314895948	0.839547361231	3.21621064014	"Zij proberen nu de extra kosten af te wentelen op de particuliere <font color=""red"">kopers</font> ."	8.07	6.1	6.46	7.71	2.54	1.98
koper/noun/parool20010725/8240	a	1.36308611745	0.407268840377	2.58731016956	-0.419849884705	-1.04803855938	-0.592071050715	1.21302697931	-0.264896710811	1.10420540248	1.82587052112	1.27654128663	-0.351216794499	"Het wordt wel altijd gemeld aan de <font color=""red"">koper</font> ."	8.07	6.18	6.46	7.79	2.33	2.33
koper/noun/parool20010801/33581	a	4.44192099906	4.08404195586	-3.69942410887	-4.69983505354	-2.92389777869	5.88493301045	-0.539319606796	-5.27501132702	-3.35994646961	2.47597665251	2.91605503734	4.81370960416	"Daar heeft de <font color=""red"">koper</font> nu al spijt van , "" zegt Wamper beslist ."	8.07	6.1	6.46	7.71	2.81	2.58
koper/noun/parool20010910/8638	a	0.335836611875	0.519196059438	0.257857401068	0.436428526486	0.483978572904	0.849209028636	0.134278982022	0.508632377709	0.178905469049	0.616531715941	0.409870330376	0.812364964299	"Op een kalender wordt de geboortedag van de <font color=""red"">koper</font> genoteerd , zodat er elk jaar een verjaardagskaartje op de mat valt ."	8.07	6.1	6.46	7.71	1.14	0.83
koper/noun/parool20011011/30770	a	2.16202412856	-1.03433939696	3.291189173	-0.83934970906	-0.502684296905	-1.31623256009	2.67657772563	1.7054328622	2.18328858973	1.12443164004	1.19114496639	-0.787286735967	"Dat behoort trage , logge handel te zijn , waar <font color=""red"">kopers</font> en verkopers de tijd nemen om een goede deal te bereiken ."	9.81	8.3	8.2	9.91	6.14	5.76
koper/noun/parool20011207/8931	a	0.762622430521	0.0732116655829	1.69087740509	2.12901150379	1.57903876633	-0.663112396438	0.819677531536	0.444555464336	1.26559305108	0.211768374286	0.471189215407	-0.395867127615	"In Europa zijn <font color=""red"">kopers</font> een stuk voorzichtiger ."	8.07	6.1	6.46	7.71	1.83	1.94
koper/noun/parool20020111/6146	a	0.406652505755	0.740257735717	-0.172129293141	-1.1129214126	-0.449855561622	1.67727283416	0.326115172892	0.877039278996	-0.267741451439	1.18991190348	1.35057919488	1.06366737794	"De belangstelling van <font color=""red"">kopers</font> voor het aanbod viel tegen , zodat de kardinalen en de paus bleven zitten met veel van de 110 vooral zilveren voorwerpen uit hun eigen bezit ."	8.07	6.1	6.46	7.71	1.57	1.73
koper/noun/parool20020406/13108	a	0.19451595076	0.941942345533	-1.22600089132	-1.17255954634	-0.427313393313	2.6002606972	-0.336075684877	0.476737124479	-1.04313559993	0.984118640271	0.856329910333	2.30146772323	"De helft van de <font color=""red"">kopers</font> zijn jonge gezinnen uit het centrum . """	8.07	6.1	6.46	7.71	0.42	0.28
koper/noun/parool20020420/10524	a	0.737822129558	1.29820774839	0.297466256569	-0.186279216583	-0.0750870358868	1.23680812397	0.0994156734549	0.154646339128	0.0260168942039	0.858232739241	0.757966320801	1.1027599926	"De <font color=""red"">kopers</font> van het eerste uur worden gecompenseerd ."	8.07	6.1	6.46	7.71	1.8	1.35
koper/noun/parool20020516/12060	b	-0.968891373821	0.66970626825	-5.51111084501	-1.03339773607	2.19458550943	6.56567249401	-1.11415654447	-0.23531102884	-2.97099767664	0.307733703622	0.224806733429	4.69119271483	"Tallozen verdwenen in de mist der tijden , anderen kwamen voorgoed terecht in <font color=""red"">koper</font> , aan de gevel , ' schrijft Jeroen Wielaert , niet zonder gevoel voor drama ."	8.07	6.1	6.46	7.71	0.42	0.3
koper/noun/parool20020516/43194	a	0.82604686737	0.149956300133	2.43121823973	0.490810931952	0.0819217757952	-1.10083827505	0.990851979826	0.453208724809	1.668244685	0.89309184786	0.930054124372	-0.736847758734	"Bij een zakkende rente komen er meer <font color=""red"">kopers</font> op de markt ."	8.07	6.1	6.46	7.71	1.66	1.82
koper/noun/parool20020601/71107	a	0.754071642878	0.425736404872	2.29792066497	0.25456839641	-0.194310430847	-0.656600024823	0.772132164089	0.239400173788	1.31573541583	0.902844106183	0.581361013001	-0.340325924123	""" Han en Carla kende ik natuurlijk wel , van de politiek en van De Kring , maar Carla's zuster Dorien en hun broer Theo ken ik beter , en het was een krankzinnig toeval , maar toen het huis uit de boedel verkocht moest worden , kwam ik daarom als <font color=""red"">koper</font> in aanmerking ."	8.07	6.18	6.46	7.79	2.33	2.33
koper/noun/parool20020606/52679	a	0.398504841738	1.31705922485	1.59348981527	1.01427287312	0.0643056193048	-0.329144388642	-0.158603186799	-0.00906457756174	0.991495666159	0.733936013832	0.278044360224	-0.209516412143	"Een paar maanden geleden trokken de eerste <font color=""red"">kopers</font> erin , inmiddels is zo'n zestig procent bewoond ."	8.07	6.1	6.46	7.71	1.27	1.08
koper/noun/parool20031001/37015	a	1.17282854361	0.312657229701	0.0580566885738	0.17929490807	0.343741756352	1.06151227383	-0.752312760674	-1.20739294165	0.0319972175031	0.707150620853	0.510643298475	1.07095888043	"* Uitgeverij Sanoma gaat actie voeren om losse <font color=""red"">kopers</font> van de tijdschrijften over te halen een abonnement te nemen ."	8.07	6.1	6.46	7.71	1.25	1.76
koper/noun/parool20031128/10224	a	-0.204560198068	1.08832749915	-3.57624047039	0.404663081663	3.21252179255	3.11780566686	-0.498430090259	0.860754667762	-1.90922454888	-0.567271131279	-1.39110942955	2.70482370444	"Om in aanmerking te komen voor een gelimiteerde uitgave ( 250 stuks ) van de dvd van de film Terminator , Rise of the Machines , dienden de <font color=""red"">kopers</font> , gisteren in Amsterdam , enige gelijkenis te vertonen met het belangrijkste personage uit de film ."	8.07	6.1	6.46	7.71	0.78	0.49
koper/noun/parool20040301/8300	a	-4.71689031384	-0.155627704274	-3.88626197673	-1.48395709154	0.338937095456	4.92914422937	-4.37575391517	0.718929771969	-2.17021085263	0.273315307322	0.479414709136	3.35215765757	"Eigen Huis heeft hoge verwachtingen van de toets , omdat die de <font color=""red"">koper</font> vrijwaart van aansprakelijkheid : "" Kijk naar Leidschenveen , waar grote problemen zijn ; daar staan duizenden huizen ."	8.07	6.1	6.46	7.71	3.03	2.47
koper/noun/trouw19990108/17413	a	-1.4102076423	-1.45101364531	0.0636142011841	8.67775974277	7.03044751139	1.46285632284	1.14742503208	2.72108096623	-0.547766759663	-3.81016520404	-1.95228602585	4.47458409646	"Ford en Volkswagen ( de nummers 2 en 4 op de lijst van grootste autofabrikanten ) duiken geregeld op als potentiële <font color=""red"">kopers</font> van kleinere fabrieken ."	9.29	7.59	7.68	9.2	5.44	4.91
koper/noun/trouw19990719/27967	a	0.95910267601	1.07610544176	-0.145865363561	-0.949141491172	-0.522891204466	1.33788777737	0.231868348209	-0.520921502854	-0.145854443577	1.33342435787	1.28687437742	0.776000630384	"Zo'n transactie laat de prijzen van de huizen pijlsnel omhoog schieten , en de nieuwe <font color=""red"">koper</font> is veel duurder uit dan als er niet met zijn woning was gespeculeerd ."	8.07	6.1	6.46	7.71	0.98	1.26
koper/noun/trouw19991215/34565	a	-0.982943653413	2.13414834579	-0.89769417742	6.26093921903	5.08855990015	-2.6948441846	-1.89294985038	1.39745215272	2.47633207951	-2.13589522749	-3.51178033214	-0.31596628477	"Beide partijen hebben elkaar nu gevonden op de vaststelling dat de <font color=""red"">koper</font> vrij moet zijn in zijn keuze al dan niet diensten te betrekken van de corporatie en een deel van de winst af te staan ."	8.2	6.41	6.59	8.01	2.03	1.62
koper/noun/trouw19991223/17133	a	0.599587901535	2.50410656927	5.18907874812	-3.79138139897	-0.884311946338	-4.28572721689	2.30603862305	2.30309367249	4.08634025009	0.258587674433	3.78706128272	0.283287188198	"Geïnteresseerde <font color=""red"">kopers</font> hebben nog maar even de tijd ."	9.81	8.3	8.2	9.91	6.14	5.76
koper/noun/trouw20000401/80838	a	-0.00698572827423	0.672710494151	0.242016181822	-1.63365036586	-0.71970392269	2.08412017667	0.35388454445	1.25787273876	-0.446323466821	1.06245788599	1.1943187592	1.39928462445	"Peapod staat echter op de rand van het faillissement en zoekt <font color=""red"">kopers</font> ."	8.07	6.1	6.46	7.71	2.43	2.06
koper/noun/trouw20000701/94183	a	0.817933311845	-0.18547835013	-2.27898107711	-0.374800712815	2.21796584176	2.32987530682	0.960933323919	0.658533834214	-0.618016630546	-0.589239401322	1.57110160871	1.53169875298	"Als u uw huis in de loop van het jaar verkoopt , kunt u eventueel met de <font color=""red"">koper</font> overeenkomen om het eigenaardeel van de OZB te verrekenen ."	8.07	6.18	6.46	7.79	2.41	2.33
koper/noun/trouw20000824/28045	a	-0.622562503251	-0.190044314738	0.662353995928	2.2588309661	1.74821496645	0.029094790081	0.147876537182	1.87569674483	0.914816969617	0.0566657499271	-0.730316806069	0.595048682981	"Een goeie locatie voor een eventuele <font color=""red"">koper</font> ."	8.07	6.1	6.46	7.71	2.41	2.1
koper/noun/trouw20020116/40543	b	3.56165392034	1.63657675833	-0.150895310978	-4.82299565225	-3.27787219498	3.19071710103	1.48562504202	-2.63844667605	-1.25287008891	2.96881157476	3.33030715063	1.78304402501	"Dat al deze legers inmiddels ook de grondstoffen van Congo hebben ontdekt , als <font color=""red"">koper</font> , goud , diamant en coltan , dat veel gebruikt wordt bij de productie van mobiele telefoons , maakt een oplossing van het conflict er niet eenvoudiger op ."	8.07	6.1	6.46	7.71	3.13	3.03
koper/noun/trouw20020125/36063	a	-0.332575612615	0.819573928228	1.58759763831	2.69991043106	1.62208562045	-1.00718018243	-0.40395666228	1.19551534677	1.53521417556	-0.235512623591	-0.738520131617	-0.303430245988	"De vraag is of er al een <font color=""red"">koper</font> in Rusland te vinden is , die zijn eigen belang - of de schijn van belangenverstrengeling - buiten de redactielokalen weet te houden ."	8.2	6.41	6.59	8.01	2.03	1.62
koper/noun/trouw20020223/75613	a	0.554787998936	1.28360544649	1.51842148501	2.06515749354	1.03978053637	-1.01880652951	0.145402745273	0.0120249431447	1.47998177045	0.270763855071	-0.272423489565	-0.940919461555	""" De <font color=""red"">koper</font> heeft een stoel nodig ."	8.07	6.1	6.46	7.71	1.43	1.1
koper/noun/trouw20020413/32877	b	9.7789206417	4.45282048646	-2.4783987023	-7.34352400282	-6.04387620061	3.03261053296	3.20221750367	-9.71311427613	-3.14909465718	4.46903035375	5.85447170232	2.86865390067	"De Afrikanen mengden zand en <font color=""red"">koper</font> door stofgoud en goudklompjes , stopten lood in de ivoren slagtanden om het gewicht op te voeren , en wreven de vale huid van zieke of oude slaven gezond glimmend met olie ."	8.07	6.1	6.46	7.71	4.87	4.41
koper/noun/trouw20020803/16631	b	9.04591653675	5.53291344164	4.08802755161	-17.1927571125	-16.0174650399	-0.250737649073	1.70637839524	-8.5743113546	0.767095727905	11.8908585125	9.53120368219	-7.99503639872	"Ook komen kwik , fluoride en fijn stof ( uit rioolslib ) , en arsenicum , <font color=""red"">koper</font> en chroom ( uit geïmpregneerd hout ) vrij ."	6.6	4.65	4.99	6.25	5.38	4.98
koper/noun/trouw20031129/44145	b	1.52610283249	3.45095084719	-3.02165305869	-1.31634570275	0.088363598185	4.35999290168	-1.58570337687	-2.35269401377	-1.97645876054	0.784070117187	0.782565106546	3.38916352972	"Rood <font color=""red"">koper</font> : zo zou je met enige fantasie de kleur van het omringende herfstbos wel kunnen noemen ."	8.07	6.1	6.46	7.71	0.67	0.88
koper/noun/trouw20040921/18245	a	-2.60651840282	-1.55232796505	-0.596378146632	4.59032380169	4.13507307595	-0.788807595872	0.300268723525	5.29037490866	1.39512905764	-1.56039437059	-2.36098286483	0.310050029019	"De gemeente zegt dat er geen <font color=""red"">koper</font> was , die Woningbeheer geheel wilde overnemen ."	8.07	6.1	6.46	7.71	3.03	2.88
koper/noun/vk19970301/16850	a	-0.389866748792	-1.04180677915	0.175430402368	2.26662962326	1.34008872941	0.217979236884	1.08870744947	1.79917750496	0.662982891566	-0.339215868756	0.382411670118	0.318455342779	"Schrage , een in kunstkringen bekend jurist , zegt al een aantal keren te zijn gebeld door potentiële <font color=""red"">kopers</font> die informeerden naar de risico's van zo'n aankoop ."	9.29	7.59	7.68	9.2	5.44	4.91
koper/noun/vk19970418/33295	a	-2.35334586319	0.621404445639	6.64127235287	3.52826797038	-0.425491079024	-5.26127020645	-2.58001099498	3.66390547691	4.70855744124	1.36815148488	-1.60478893754	-3.70408092284	"Staatssecretaris Tommel denkt aan een soortgelijke regeling , maar hij wil <font color=""red"">kopers</font> maximaal vijf jaar recht op huursubsidie laten houden ."	6.94	5.28	5.33	6.88	1.09	1.3
koper/noun/vk19971004/1194	a	0.380631147909	-1.70566438065	-2.32319443471	2.36547746409	3.1487507047	1.82153286985	1.74846222583	2.15344426359	-0.426892478696	-1.18749160849	-1.51180932515	2.32775415537	"Barclays wil de verschillende onderdelen , die naar schatting zes miljard gulden moeten opleveren , bij één <font color=""red"">koper</font> onderbrengen ."	8.07	6.1	6.46	7.71	1.75	1.66
koper/noun/volkskrant19990306/113844	a	-3.42895842107	1.76451625247	1.56831834338	2.44744788773	1.83759345467	-1.21370588695	4.5874024345	2.16125968046	1.42485851657	0.0314593289806	-0.856808271707	-0.603556737112	"Voor hypotheken waar een levensverzekering aan vast zit , moet de <font color=""red"">koper</font> medisch gekeurd worden ."	8.07	6.1	6.46	7.71	2.9	2.93
koper/noun/volkskrant19990316/44183	a	0.237950010754	0.596040818896	0.648517009633	0.277390133534	0.0129542762882	0.636585091753	-0.121490721126	0.659587854584	0.513291132416	0.788806949625	0.52443766654	0.616040735389	"Een zeventiende-eeuws bloemenschilderij van de hand van schilder Jacob Vosmaer wisselde van eigenaar en ook was er een <font color=""red"">koper</font> voor het bijbelse tafereel van de Venetiaanse achttiende-eeuwse meester Giovanni Pellegrini ."	8.07	6.1	6.46	7.71	1.06	1.46
koper/noun/volkskrant19990603/45746	a	-0.0843586416316	-0.357243525351	0.609811539988	4.8955720901	3.35251280487	-0.800687261382	0.733664722516	1.13289883869	1.24544029745	-1.62816594064	0.906437609748	-1.3564132558	"VLSI , dat acht keer kleiner is dan Philips ' eigen chipdivisie , dreigde voortdurend andere <font color=""red"">kopers</font> te zoeken omdat het bedrijf het bod van 17 dollar per aandeel van de Nederlanders te laag vond ."	7.56	5.9	5.95	7.51	2.43	2.06
koper/noun/volkskrant19990710/14959	a	1.03374793352	-0.980211323608	3.76789613379	1.68052787603	0.0466102550773	-1.86811374679	0.545967223222	1.04809844482	1.32212956099	1.88714838235	1.40386956169	-0.456655135466	"Sterker nog : de neiging bestaat om het aantal sociale huurwoningen nog verder te verminderen , een neiging die ongetwijfeld sterker zal worden nu binnenkort niet alleen huurders van huizen , maar ook <font color=""red"">kopers</font> met een laag inkomen subsidie zullen ontvangen ."	6.94	5.28	5.33	6.88	3.62	3.06
koper/noun/volkskrant19990723/34487	b	1.1765719516	1.15223670713	-0.207994578008	-1.23015454723	-0.945877961441	1.54076739939	0.345989214837	-0.717153789499	-0.361890073577	1.58025868877	1.68144347411	0.960303680208	"Het hergebruik van een etsplaat voor het schilderen op koper kwam in de zestiende en zeventiende eeuw meer voor , hoewel <font color=""red"">koper</font> betrekkelijk goedkoop materiaal was ."	8.07	6.1	6.46	7.71	1.33	1.77
koper/noun/volkskrant19990901/18241	a	-2.45804979104	-3.89279291172	-8.79382179756	6.39166053911	8.08053419461	5.81306187093	2.54907736803	5.58764907342	-3.11881016796	-4.9389249986	5.85513650552	5.29643747068	"Het banenverlies dreigt niet alleen bij de VNU-kranten , maar ook bij de twee potentiële <font color=""red"">kopers</font> ."	9.29	7.59	7.68	9.2	5.44	4.91
koper/noun/volkskrant19990917/10227	a	2.4317269023	1.9604570662	7.00350997929	-1.74419097316	-4.24152202759	-3.18156371838	2.82581308284	-1.24769116265	3.94691975797	3.57181294441	2.73568753738	-3.69820250182	"' Volledig functionele nier te koop ... <font color=""red"">koper</font> betaalt alle transplantatie- en medische kosten ' , schreef een 20-jarige jongen ."	6.94	5.28	5.33	6.88	2.38	2.37
koper/noun/volkskrant19991209/67577	a	-0.666873248616	-2.2882612714	-5.25928231591	-2.78450161751	3.87694122211	5.16551779917	1.50491186435	2.82424924361	-1.94656956691	-2.46558728895	1.0436890449	4.44148711129	"De potentiële buitenlandse <font color=""red"">koper</font> van vier ' slapende ' beursfondsen wil graag af van de fiscale claim die op de fondsen rust ."	9.29	7.59	7.68	9.2	5.44	4.91
koper/noun/volkskrant20000303/24836	a	-0.790965802758	1.18459481472	-3.97791443139	3.58619243501	4.84633523217	1.90006277631	-1.69550454745	1.35164820355	-1.43829214838	-2.17214501558	-3.08274861915	2.57840518602	"De <font color=""red"">koper</font> balanceert op het randje als hij geen buffer in zijn inkomen heeft ."	8.07	6.1	6.46	7.71	0.74	0.52
koper/noun/volkskrant20000330/25138	a	0.0798220790488	0.281742076134	-1.28837394627	-0.249765529469	0.750528313986	1.90154895807	0.428051605961	1.02697856222	-0.647791380148	0.532342188426	0.60955288601	1.62166927246	"Oprichters Ben Cohen en Jerry Greenfield eisen wel dat de <font color=""red"">koper</font> de zelfstandigheid en het sociale karakter van hun bedrijf intact laat ."	8.07	6.1	6.46	7.71	0.71	0.78
koper/noun/volkskrant20001027/47293	a	1.74823347133	0.347748891307	-0.975046352934	-0.45201844589	0.742996297741	2.0131788749	1.69403278996	-0.488340076698	-0.553858500512	0.527921870594	1.00808810825	1.48896232771	"Hij moet een van de grootste <font color=""red"">kopers</font> van diens werk zijn geweest ."	8.07	6.18	6.46	7.79	2.33	2.33
koper/noun/volkskrant20010516/21795	a	1.55423688232	0.497366312826	-0.12489403741	3.33748505775	2.54928654382	-0.675475404182	1.3870159367	-0.382594759369	1.50868650103	-0.668548813166	-0.911178895923	-0.225711016474	"' We hebben vooral tijd nodig om ze te verkopen , want het zijn geen eenvoudige aankoopbeslissingen die de <font color=""red"">kopers</font> moeten maken . '"	8.07	6.18	6.46	7.79	2.33	2.33
koper/noun/volkskrant20010517/75989	a	0.284740150735	0.0117320773453	-1.33717441411	0.461504946575	1.35127609516	1.59274888067	0.853722698549	-0.285596495932	-0.359042951887	0.0340233403755	0.387953196944	1.33059831374	"Als zij verhuizen hebben zij de verkoopwinst hard nodig om eenzelfde woning elders te verwerven ; terwijl zij tienduizenden guldens méér kwijt zijn aan de hogere kosten <font color=""red"">koper</font> ."	8.07	6.1	6.46	7.71	0.66	1.06
koper/noun/volkskrant20011203/44232	a	-3.21663521496	-0.715322522713	2.34516950803	2.71099024095	1.38072499601	-1.4570650189	4.48126699543	0.548564258599	2.04331381548	-0.157219768751	-0.181492547202	-0.989566592246	"Alle informatie over <font color=""red"">kopers</font> kan tenslotte de veiling beïnvloeden ."	8.07	6.1	6.46	7.71	3.78	3.44
koper/noun/volkskrant20020827/33542	a	2.23812854272	-1.60152298985	-2.33247872141	4.1765523807	1.90279349058	3.84688192324	3.01124597767	1.93344661026	-0.816801338479	-1.8638986294	1.94554333029	2.593749979	"De verkopers op het Damrak vonden weinig <font color=""red"">kopers</font> ."	9.81	8.3	8.2	9.91	6.14	5.76
koper/noun/volkskrant20021010/42900	a	1.70631781029	-2.34676507212	0.847712603186	0.0691151906304	-0.292113360064	0.747198442813	-0.437640778166	-2.09230962529	0.413850742944	1.02385752728	0.875520816579	0.744037503833	"De inbouwhulp is alleen weggelegd voor <font color=""red"">kopers</font> van een Lexus , Acura , Audi of Subaru ."	8.07	6.1	6.46	7.71	2.32	2.04
koper/noun/volkskrant20031211/29615	a	-0.181007092023	1.62134643113	2.37291271912	3.38542425711	1.47984397862	-1.71754038406	-1.25150475523	0.0293511633013	2.25032379861	0.400106104503	-1.33260727173	-0.440353568373	"' Maar wij vonden dat deze <font color=""red"">kopers</font> er een sympathieke bestemming voor hebben . '"	8.2	6.41	6.59	8.01	2.03	1.7
koper/noun/volkskrant20040211/23841	a	-0.284964649745	-0.534769310923	0.209037594934	1.18383957492	1.38051111178	0.515354266306	0.684127731021	1.09867332723	0.440896076045	0.061604709322	0.238861811396	0.514685486107	"De Volkskrant en NRC Handelsblad zijn goed voor een rendement van meer dan 10 procent , dus een nieuwe <font color=""red"">koper</font> zal wel gek zijn om aan de identiteit te sleutelen ."	8.07	6.1	6.46	7.71	2.45	1.89
koper/noun/volkskrant20040223/34404	a	-0.998834112485	0.588764694517	0.839729123802	11.7354232447	7.76877135499	-3.85659325018	-0.288332175424	1.42919310458	4.3816246374	-3.95160996679	-4.88270226626	-2.036561947	" <font color=""red"">Kopers</font> opgelet dus ."	5.59	4.19	4.0	5.79	0.62	0.46
koper/noun/volkskrant20041108/38996	a	2.06404199285	1.25558584949	1.21199879987	2.65021033813	2.07461336186	-1.34436159841	2.46185238038	-1.96096406074	1.57300990966	0.0778857567858	-0.776665466226	-0.769130087415	"Het blad Midi bestaat vijf jaar en vindt dat voldoende gelegenheid om op de cover aan te kondigen dat de <font color=""red"">koper</font> een extra dik ( 140 pagina's ) feestnummer heeft aangeschaft ."	8.07	6.1	6.46	7.71	1.55	2.24
